날짜,국고채3년금리,항목명,단위
2015-01-02,2.135,국고채(3년),연%
2015-01-05,2.118,국고채(3년),연%
2015-01-06,2.079,국고채(3년),연%
2015-01-07,2.076,국고채(3년),연%
2015-01-08,2.072,국고채(3년),연%
2015-01-09,2.056,국고채(3년),연%
2015-01-12,2.006,국고채(3년),연%
2015-01-13,2.024,국고채(3년),연%
2015-01-14,1.974,국고채(3년),연%
2015-01-15,2.044,국고채(3년),연%
2015-01-16,2.012,국고채(3년),연%
2015-01-19,2.038,국고채(3년),연%
2015-01-20,2.031,국고채(3년),연%
2015-01-21,2.045,국고채(3년),연%
2015-01-22,2.063,국고채(3년),연%
2015-01-23,2.027,국고채(3년),연%
2015-01-26,2.024,국고채(3년),연%
2015-01-27,2.029,국고채(3년),연%
2015-01-28,2.004,국고채(3년),연%
2015-01-29,1.998,국고채(3년),연%
2015-01-30,1.97,국고채(3년),연%
2015-02-02,1.985,국고채(3년),연%
2015-02-03,1.935,국고채(3년),연%
2015-02-04,1.961,국고채(3년),연%
2015-02-05,1.975,국고채(3년),연%
2015-02-06,1.962,국고채(3년),연%
2015-02-09,1.977,국고채(3년),연%
2015-02-10,2.056,국고채(3년),연%
2015-02-11,2.051,국고채(3년),연%
2015-02-12,2.075,국고채(3년),연%
2015-02-13,2.05,국고채(3년),연%
2015-02-16,2.091,국고채(3년),연%
2015-02-17,2.054,국고채(3년),연%
2015-02-23,2.061,국고채(3년),연%
2015-02-24,2.063,국고채(3년),연%
2015-02-25,2.037,국고채(3년),연%
2015-02-26,2.04,국고채(3년),연%
2015-02-27,2.034,국고채(3년),연%
2015-03-02,2.0,국고채(3년),연%
2015-03-03,1.99,국고채(3년),연%
2015-03-04,1.98,국고채(3년),연%
2015-03-05,1.978,국고채(3년),연%
2015-03-06,1.943,국고채(3년),연%
2015-03-09,1.924,국고채(3년),연%
2015-03-10,1.937,국고채(3년),연%
2015-03-11,1.907,국고채(3년),연%
2015-03-12,1.896,국고채(3년),연%
2015-03-13,1.869,국고채(3년),연%
2015-03-16,1.856,국고채(3년),연%
2015-03-17,1.872,국고채(3년),연%
2015-03-18,1.859,국고채(3년),연%
2015-03-19,1.825,국고채(3년),연%
2015-03-20,1.797,국고채(3년),연%
2015-03-23,1.793,국고채(3년),연%
2015-03-24,1.795,국고채(3년),연%
2015-03-25,1.785,국고채(3년),연%
2015-03-26,1.779,국고채(3년),연%
2015-03-27,1.77,국고채(3년),연%
2015-03-30,1.748,국고채(3년),연%
2015-03-31,1.721,국고채(3년),연%
2015-04-01,1.72,국고채(3년),연%
2015-04-02,1.721,국고채(3년),연%
2015-04-03,1.714,국고채(3년),연%
2015-04-06,1.714,국고채(3년),연%
2015-04-07,1.721,국고채(3년),연%
2015-04-08,1.727,국고채(3년),연%
2015-04-09,1.698,국고채(3년),연%
2015-04-10,1.714,국고채(3년),연%
2015-04-13,1.732,국고채(3년),연%
2015-04-14,1.731,국고채(3년),연%
2015-04-15,1.721,국고채(3년),연%
2015-04-16,1.724,국고채(3년),연%
2015-04-17,1.691,국고채(3년),연%
2015-04-20,1.693,국고채(3년),연%
2015-04-21,1.71,국고채(3년),연%
2015-04-22,1.71,국고채(3년),연%
2015-04-23,1.745,국고채(3년),연%
2015-04-24,1.771,국고채(3년),연%
2015-04-27,1.786,국고채(3년),연%
2015-04-28,1.829,국고채(3년),연%
2015-04-29,1.842,국고채(3년),연%
2015-04-30,1.843,국고채(3년),연%
2015-05-04,1.896,국고채(3년),연%
2015-05-06,1.969,국고채(3년),연%
2015-05-07,1.966,국고채(3년),연%
2015-05-08,1.888,국고채(3년),연%
2015-05-11,1.876,국고채(3년),연%
2015-05-12,1.942,국고채(3년),연%
2015-05-13,1.864,국고채(3년),연%
2015-05-14,1.857,국고채(3년),연%
2015-05-15,1.881,국고채(3년),연%
2015-05-18,1.889,국고채(3년),연%
2015-05-19,1.903,국고채(3년),연%
2015-05-20,1.878,국고채(3년),연%
2015-05-21,1.88,국고채(3년),연%
2015-05-22,1.871,국고채(3년),연%
2015-05-26,1.846,국고채(3년),연%
2015-05-27,1.809,국고채(3년),연%
2015-05-28,1.798,국고채(3년),연%
2015-05-29,1.745,국고채(3년),연%
2015-06-01,1.746,국고채(3년),연%
2015-06-02,1.726,국고채(3년),연%
2015-06-03,1.757,국고채(3년),연%
2015-06-04,1.767,국고채(3년),연%
2015-06-05,1.741,국고채(3년),연%
2015-06-08,1.729,국고채(3년),연%
2015-06-09,1.733,국고채(3년),연%
2015-06-10,1.773,국고채(3년),연%
2015-06-11,1.797,국고채(3년),연%
2015-06-12,1.762,국고채(3년),연%
2015-06-15,1.764,국고채(3년),연%
2015-06-16,1.766,국고채(3년),연%
2015-06-17,1.8,국고채(3년),연%
2015-06-18,1.778,국고채(3년),연%
2015-06-19,1.77,국고채(3년),연%
2015-06-22,1.787,국고채(3년),연%
2015-06-23,1.795,국고채(3년),연%
2015-06-24,1.806,국고채(3년),연%
2015-06-25,1.814,국고채(3년),연%
2015-06-26,1.818,국고채(3년),연%
2015-06-29,1.793,국고채(3년),연%
2015-06-30,1.793,국고채(3년),연%
2015-07-01,1.805,국고채(3년),연%
2015-07-02,1.828,국고채(3년),연%
2015-07-03,1.826,국고채(3년),연%
2015-07-06,1.829,국고채(3년),연%
2015-07-07,1.825,국고채(3년),연%
2015-07-08,1.807,국고채(3년),연%
2015-07-09,1.802,국고채(3년),연%
2015-07-10,1.806,국고채(3년),연%
2015-07-13,1.804,국고채(3년),연%
2015-07-14,1.796,국고채(3년),연%
2015-07-15,1.795,국고채(3년),연%
2015-07-16,1.789,국고채(3년),연%
2015-07-17,1.784,국고채(3년),연%
2015-07-20,1.775,국고채(3년),연%
2015-07-21,1.771,국고채(3년),연%
2015-07-22,1.749,국고채(3년),연%
2015-07-23,1.716,국고채(3년),연%
2015-07-24,1.706,국고채(3년),연%
2015-07-27,1.703,국고채(3년),연%
2015-07-28,1.731,국고채(3년),연%
2015-07-29,1.716,국고채(3년),연%
2015-07-30,1.735,국고채(3년),연%
2015-07-31,1.768,국고채(3년),연%
2015-08-03,1.76,국고채(3년),연%
2015-08-04,1.774,국고채(3년),연%
2015-08-05,1.792,국고채(3년),연%
2015-08-06,1.786,국고채(3년),연%
2015-08-07,1.783,국고채(3년),연%
2015-08-10,1.763,국고채(3년),연%
2015-08-11,1.737,국고채(3년),연%
2015-08-12,1.705,국고채(3년),연%
2015-08-13,1.729,국고채(3년),연%
2015-08-17,1.723,국고채(3년),연%
2015-08-18,1.716,국고채(3년),연%
2015-08-19,1.73,국고채(3년),연%
2015-08-20,1.714,국고채(3년),연%
2015-08-21,1.709,국고채(3년),연%
2015-08-24,1.693,국고채(3년),연%
2015-08-25,1.708,국고채(3년),연%
2015-08-26,1.719,국고채(3년),연%
2015-08-27,1.705,국고채(3년),연%
2015-08-28,1.718,국고채(3년),연%
2015-08-31,1.735,국고채(3년),연%
2015-09-01,1.725,국고채(3년),연%
2015-09-02,1.696,국고채(3년),연%
2015-09-03,1.674,국고채(3년),연%
2015-09-04,1.645,국고채(3년),연%
2015-09-07,1.651,국고채(3년),연%
2015-09-08,1.668,국고채(3년),연%
2015-09-09,1.68,국고채(3년),연%
2015-09-10,1.65,국고채(3년),연%
2015-09-11,1.655,국고채(3년),연%
2015-09-14,1.667,국고채(3년),연%
2015-09-15,1.653,국고채(3년),연%
2015-09-16,1.67,국고채(3년),연%
2015-09-17,1.683,국고채(3년),연%
2015-09-18,1.635,국고채(3년),연%
2015-09-21,1.617,국고채(3년),연%
2015-09-22,1.624,국고채(3년),연%
2015-09-23,1.619,국고채(3년),연%
2015-09-24,1.63,국고채(3년),연%
2015-09-25,1.615,국고채(3년),연%
2015-09-30,1.568,국고채(3년),연%
2015-10-01,1.596,국고채(3년),연%
2015-10-02,1.584,국고채(3년),연%
2015-10-05,1.577,국고채(3년),연%
2015-10-06,1.591,국고채(3년),연%
2015-10-07,1.614,국고채(3년),연%
2015-10-08,1.615,국고채(3년),연%
2015-10-12,1.646,국고채(3년),연%
2015-10-13,1.638,국고채(3년),연%
2015-10-14,1.657,국고채(3년),연%
2015-10-15,1.623,국고채(3년),연%
2015-10-16,1.622,국고채(3년),연%
2015-10-19,1.622,국고채(3년),연%
2015-10-20,1.64,국고채(3년),연%
2015-10-21,1.649,국고채(3년),연%
2015-10-22,1.654,국고채(3년),연%
2015-10-23,1.65,국고채(3년),연%
2015-10-26,1.645,국고채(3년),연%
2015-10-27,1.63,국고채(3년),연%
2015-10-28,1.626,국고채(3년),연%
2015-10-29,1.641,국고채(3년),연%
2015-10-30,1.657,국고채(3년),연%
2015-11-02,1.658,국고채(3년),연%
2015-11-03,1.665,국고채(3년),연%
2015-11-04,1.677,국고채(3년),연%
2015-11-05,1.691,국고채(3년),연%
2015-11-06,1.729,국고채(3년),연%
2015-11-09,1.803,국고채(3년),연%
2015-11-10,1.781,국고채(3년),연%
2015-11-11,1.798,국고채(3년),연%
2015-11-12,1.787,국고채(3년),연%
2015-11-13,1.778,국고채(3년),연%
2015-11-16,1.749,국고채(3년),연%
2015-11-17,1.758,국고채(3년),연%
2015-11-18,1.752,국고채(3년),연%
2015-11-19,1.736,국고채(3년),연%
2015-11-20,1.762,국고채(3년),연%
2015-11-23,1.761,국고채(3년),연%
2015-11-24,1.767,국고채(3년),연%
2015-11-25,1.769,국고채(3년),연%
2015-11-26,1.778,국고채(3년),연%
2015-11-27,1.798,국고채(3년),연%
2015-11-30,1.785,국고채(3년),연%
2015-12-01,1.772,국고채(3년),연%
2015-12-02,1.762,국고채(3년),연%
2015-12-03,1.755,국고채(3년),연%
2015-12-04,1.781,국고채(3년),연%
2015-12-07,1.787,국고채(3년),연%
2015-12-08,1.763,국고채(3년),연%
2015-12-09,1.762,국고채(3년),연%
2015-12-10,1.745,국고채(3년),연%
2015-12-11,1.748,국고채(3년),연%
2015-12-14,1.732,국고채(3년),연%
2015-12-15,1.733,국고채(3년),연%
2015-12-16,1.748,국고채(3년),연%
2015-12-17,1.726,국고채(3년),연%
2015-12-18,1.693,국고채(3년),연%
2015-12-21,1.658,국고채(3년),연%
2015-12-22,1.672,국고채(3년),연%
2015-12-23,1.668,국고채(3년),연%
2015-12-24,1.662,국고채(3년),연%
2015-12-28,1.677,국고채(3년),연%
2015-12-29,1.655,국고채(3년),연%
2015-12-30,1.662,국고채(3년),연%
2015-12-31,1.662,국고채(3년),연%
2016-01-04,1.634,국고채(3년),연%
2016-01-05,1.643,국고채(3년),연%
2016-01-06,1.639,국고채(3년),연%
2016-01-07,1.639,국고채(3년),연%
2016-01-08,1.665,국고채(3년),연%
2016-01-11,1.635,국고채(3년),연%
2016-01-12,1.638,국고채(3년),연%
2016-01-13,1.633,국고채(3년),연%
2016-01-14,1.648,국고채(3년),연%
2016-01-15,1.648,국고채(3년),연%
2016-01-18,1.646,국고채(3년),연%
2016-01-19,1.644,국고채(3년),연%
2016-01-20,1.617,국고채(3년),연%
2016-01-21,1.611,국고채(3년),연%
2016-01-22,1.621,국고채(3년),연%
2016-01-25,1.621,국고채(3년),연%
2016-01-26,1.599,국고채(3년),연%
2016-01-27,1.604,국고채(3년),연%
2016-01-28,1.618,국고채(3년),연%
2016-01-29,1.564,국고채(3년),연%
2016-02-01,1.525,국고채(3년),연%
2016-02-02,1.516,국고채(3년),연%
2016-02-03,1.496,국고채(3년),연%
2016-02-04,1.494,국고채(3년),연%
2016-02-05,1.506,국고채(3년),연%
2016-02-11,1.45,국고채(3년),연%
2016-02-12,1.475,국고채(3년),연%
2016-02-15,1.484,국고채(3년),연%
2016-02-16,1.431,국고채(3년),연%
2016-02-17,1.435,국고채(3년),연%
2016-02-18,1.451,국고채(3년),연%
2016-02-19,1.468,국고채(3년),연%
2016-02-22,1.48,국고채(3년),연%
2016-02-23,1.481,국고채(3년),연%
2016-02-24,1.469,국고채(3년),연%
2016-02-25,1.464,국고채(3년),연%
2016-02-26,1.452,국고채(3년),연%
2016-02-29,1.454,국고채(3년),연%
2016-03-02,1.469,국고채(3년),연%
2016-03-03,1.504,국고채(3년),연%
2016-03-04,1.522,국고채(3년),연%
2016-03-07,1.502,국고채(3년),연%
2016-03-08,1.481,국고채(3년),연%
2016-03-09,1.47,국고채(3년),연%
2016-03-10,1.5,국고채(3년),연%
2016-03-11,1.55,국고채(3년),연%
2016-03-14,1.532,국고채(3년),연%
2016-03-15,1.533,국고채(3년),연%
2016-03-16,1.542,국고채(3년),연%
2016-03-17,1.515,국고채(3년),연%
2016-03-18,1.499,국고채(3년),연%
2016-03-21,1.496,국고채(3년),연%
2016-03-22,1.512,국고채(3년),연%
2016-03-23,1.512,국고채(3년),연%
2016-03-24,1.5,국고채(3년),연%
2016-03-25,1.495,국고채(3년),연%
2016-03-28,1.479,국고채(3년),연%
2016-03-29,1.449,국고채(3년),연%
2016-03-30,1.45,국고채(3년),연%
2016-03-31,1.444,국고채(3년),연%
2016-04-01,1.448,국고채(3년),연%
2016-04-04,1.44,국고채(3년),연%
2016-04-05,1.453,국고채(3년),연%
2016-04-06,1.458,국고채(3년),연%
2016-04-07,1.468,국고채(3년),연%
2016-04-08,1.463,국고채(3년),연%
2016-04-11,1.466,국고채(3년),연%
2016-04-12,1.465,국고채(3년),연%
2016-04-14,1.502,국고채(3년),연%
2016-04-15,1.494,국고채(3년),연%
2016-04-18,1.507,국고채(3년),연%
2016-04-19,1.501,국고채(3년),연%
2016-04-20,1.474,국고채(3년),연%
2016-04-21,1.483,국고채(3년),연%
2016-04-22,1.472,국고채(3년),연%
2016-04-25,1.455,국고채(3년),연%
2016-04-26,1.452,국고채(3년),연%
2016-04-27,1.456,국고채(3년),연%
2016-04-28,1.45,국고채(3년),연%
2016-04-29,1.453,국고채(3년),연%
2016-05-02,1.465,국고채(3년),연%
2016-05-03,1.445,국고채(3년),연%
2016-05-04,1.434,국고채(3년),연%
2016-05-09,1.413,국고채(3년),연%
2016-05-10,1.412,국고채(3년),연%
2016-05-11,1.417,국고채(3년),연%
2016-05-12,1.422,국고채(3년),연%
2016-05-13,1.442,국고채(3년),연%
2016-05-16,1.443,국고채(3년),연%
2016-05-17,1.455,국고채(3년),연%
2016-05-18,1.472,국고채(3년),연%
2016-05-19,1.492,국고채(3년),연%
2016-05-20,1.471,국고채(3년),연%
2016-05-23,1.467,국고채(3년),연%
2016-05-24,1.444,국고채(3년),연%
2016-05-25,1.461,국고채(3년),연%
2016-05-26,1.468,국고채(3년),연%
2016-05-27,1.468,국고채(3년),연%
2016-05-30,1.503,국고채(3년),연%
2016-05-31,1.496,국고채(3년),연%
2016-06-01,1.438,국고채(3년),연%
2016-06-02,1.443,국고채(3년),연%
2016-06-03,1.423,국고채(3년),연%
2016-06-07,1.405,국고채(3년),연%
2016-06-08,1.378,국고채(3년),연%
2016-06-09,1.345,국고채(3년),연%
2016-06-10,1.322,국고채(3년),연%
2016-06-13,1.311,국고채(3년),연%
2016-06-14,1.337,국고채(3년),연%
2016-06-15,1.339,국고채(3년),연%
2016-06-16,1.318,국고채(3년),연%
2016-06-17,1.334,국고채(3년),연%
2016-06-20,1.359,국고채(3년),연%
2016-06-21,1.343,국고채(3년),연%
2016-06-22,1.355,국고채(3년),연%
2016-06-23,1.337,국고채(3년),연%
2016-06-24,1.249,국고채(3년),연%
2016-06-27,1.236,국고채(3년),연%
2016-06-28,1.248,국고채(3년),연%
2016-06-29,1.238,국고채(3년),연%
2016-06-30,1.247,국고채(3년),연%
2016-07-01,1.21,국고채(3년),연%
2016-07-04,1.224,국고채(3년),연%
2016-07-05,1.217,국고채(3년),연%
2016-07-06,1.203,국고채(3년),연%
2016-07-07,1.208,국고채(3년),연%
2016-07-08,1.216,국고채(3년),연%
2016-07-11,1.213,국고채(3년),연%
2016-07-12,1.217,국고채(3년),연%
2016-07-13,1.211,국고채(3년),연%
2016-07-14,1.205,국고채(3년),연%
2016-07-15,1.221,국고채(3년),연%
2016-07-18,1.229,국고채(3년),연%
2016-07-19,1.227,국고채(3년),연%
2016-07-20,1.221,국고채(3년),연%
2016-07-21,1.233,국고채(3년),연%
2016-07-22,1.227,국고채(3년),연%
2016-07-25,1.225,국고채(3년),연%
2016-07-26,1.22,국고채(3년),연%
2016-07-27,1.222,국고채(3년),연%
2016-07-28,1.203,국고채(3년),연%
2016-07-29,1.216,국고채(3년),연%
2016-08-01,1.212,국고채(3년),연%
2016-08-02,1.212,국고채(3년),연%
2016-08-03,1.247,국고채(3년),연%
2016-08-04,1.238,국고채(3년),연%
2016-08-05,1.225,국고채(3년),연%
2016-08-08,1.246,국고채(3년),연%
2016-08-09,1.247,국고채(3년),연%
2016-08-10,1.215,국고채(3년),연%
2016-08-11,1.222,국고채(3년),연%
2016-08-12,1.23,국고채(3년),연%
2016-08-16,1.219,국고채(3년),연%
2016-08-17,1.233,국고채(3년),연%
2016-08-18,1.228,국고채(3년),연%
2016-08-19,1.231,국고채(3년),연%
2016-08-22,1.232,국고채(3년),연%
2016-08-23,1.228,국고채(3년),연%
2016-08-24,1.229,국고채(3년),연%
2016-08-25,1.236,국고채(3년),연%
2016-08-26,1.241,국고채(3년),연%
2016-08-29,1.272,국고채(3년),연%
2016-08-30,1.283,국고채(3년),연%
2016-08-31,1.308,국고채(3년),연%
2016-09-01,1.333,국고채(3년),연%
2016-09-02,1.326,국고채(3년),연%
2016-09-05,1.307,국고채(3년),연%
2016-09-06,1.3,국고채(3년),연%
2016-09-07,1.278,국고채(3년),연%
2016-09-08,1.288,국고채(3년),연%
2016-09-09,1.328,국고채(3년),연%
2016-09-12,1.356,국고채(3년),연%
2016-09-13,1.35,국고채(3년),연%
2016-09-19,1.345,국고채(3년),연%
2016-09-20,1.336,국고채(3년),연%
2016-09-21,1.327,국고채(3년),연%
2016-09-22,1.296,국고채(3년),연%
2016-09-23,1.303,국고채(3년),연%
2016-09-26,1.308,국고채(3년),연%
2016-09-27,1.305,국고채(3년),연%
2016-09-28,1.304,국고채(3년),연%
2016-09-29,1.297,국고채(3년),연%
2016-09-30,1.247,국고채(3년),연%
2016-10-04,1.276,국고채(3년),연%
2016-10-05,1.316,국고채(3년),연%
2016-10-06,1.321,국고채(3년),연%
2016-10-07,1.326,국고채(3년),연%
2016-10-10,1.335,국고채(3년),연%
2016-10-11,1.373,국고채(3년),연%
2016-10-12,1.353,국고채(3년),연%
2016-10-13,1.323,국고채(3년),연%
2016-10-14,1.319,국고채(3년),연%
2016-10-17,1.35,국고채(3년),연%
2016-10-18,1.353,국고채(3년),연%
2016-10-19,1.352,국고채(3년),연%
2016-10-20,1.354,국고채(3년),연%
2016-10-21,1.381,국고채(3년),연%
2016-10-24,1.385,국고채(3년),연%
2016-10-25,1.398,국고채(3년),연%
2016-10-26,1.405,국고채(3년),연%
2016-10-27,1.418,국고채(3년),연%
2016-10-28,1.438,국고채(3년),연%
2016-10-31,1.438,국고채(3년),연%
2016-11-01,1.451,국고채(3년),연%
2016-11-02,1.436,국고채(3년),연%
2016-11-03,1.428,국고채(3년),연%
2016-11-04,1.431,국고채(3년),연%
2016-11-07,1.426,국고채(3년),연%
2016-11-08,1.425,국고채(3년),연%
2016-11-09,1.402,국고채(3년),연%
2016-11-10,1.465,국고채(3년),연%
2016-11-11,1.508,국고채(3년),연%
2016-11-14,1.61,국고채(3년),연%
2016-11-15,1.635,국고채(3년),연%
2016-11-16,1.689,국고채(3년),연%
2016-11-17,1.713,국고채(3년),연%
2016-11-18,1.736,국고채(3년),연%
2016-11-21,1.725,국고채(3년),연%
2016-11-22,1.735,국고채(3년),연%
2016-11-23,1.775,국고채(3년),연%
2016-11-24,1.811,국고채(3년),연%
2016-11-25,1.811,국고채(3년),연%
2016-11-28,1.764,국고채(3년),연%
2016-11-29,1.709,국고채(3년),연%
2016-11-30,1.71,국고채(3년),연%
2016-12-01,1.726,국고채(3년),연%
2016-12-02,1.745,국고채(3년),연%
2016-12-05,1.727,국고채(3년),연%
2016-12-06,1.737,국고채(3년),연%
2016-12-07,1.736,국고채(3년),연%
2016-12-08,1.714,국고채(3년),연%
2016-12-09,1.735,국고채(3년),연%
2016-12-12,1.734,국고채(3년),연%
2016-12-13,1.676,국고채(3년),연%
2016-12-14,1.644,국고채(3년),연%
2016-12-15,1.697,국고채(3년),연%
2016-12-16,1.688,국고채(3년),연%
2016-12-19,1.694,국고채(3년),연%
2016-12-20,1.714,국고채(3년),연%
2016-12-21,1.687,국고채(3년),연%
2016-12-22,1.657,국고채(3년),연%
2016-12-23,1.665,국고채(3년),연%
2016-12-26,1.669,국고채(3년),연%
2016-12-27,1.654,국고채(3년),연%
2016-12-28,1.643,국고채(3년),연%
2016-12-29,1.638,국고채(3년),연%
2016-12-30,1.638,국고채(3년),연%
2017-01-02,1.638,국고채(3년),연%
2017-01-03,1.617,국고채(3년),연%
2017-01-04,1.63,국고채(3년),연%
2017-01-05,1.607,국고채(3년),연%
2017-01-06,1.626,국고채(3년),연%
2017-01-09,1.663,국고채(3년),연%
2017-01-10,1.647,국고채(3년),연%
2017-01-11,1.653,국고채(3년),연%
2017-01-12,1.624,국고채(3년),연%
2017-01-13,1.635,국고채(3년),연%
2017-01-16,1.633,국고채(3년),연%
2017-01-17,1.628,국고채(3년),연%
2017-01-18,1.649,국고채(3년),연%
2017-01-19,1.677,국고채(3년),연%
2017-01-20,1.655,국고채(3년),연%
2017-01-23,1.64,국고채(3년),연%
2017-01-24,1.628,국고채(3년),연%
2017-01-25,1.647,국고채(3년),연%
2017-01-26,1.687,국고채(3년),연%
2017-01-31,1.675,국고채(3년),연%
2017-02-01,1.685,국고채(3년),연%
2017-02-02,1.674,국고채(3년),연%
2017-02-03,1.685,국고채(3년),연%
2017-02-06,1.662,국고채(3년),연%
2017-02-07,1.641,국고채(3년),연%
2017-02-08,1.652,국고채(3년),연%
2017-02-09,1.648,국고채(3년),연%
2017-02-10,1.668,국고채(3년),연%
2017-02-13,1.663,국고채(3년),연%
2017-02-14,1.653,국고채(3년),연%
2017-02-15,1.661,국고채(3년),연%
2017-02-16,1.656,국고채(3년),연%
2017-02-17,1.655,국고채(3년),연%
2017-02-20,1.67,국고채(3년),연%
2017-02-21,1.671,국고채(3년),연%
2017-02-22,1.69,국고채(3년),연%
2017-02-23,1.676,국고채(3년),연%
2017-02-24,1.666,국고채(3년),연%
2017-02-27,1.663,국고채(3년),연%
2017-02-28,1.67,국고채(3년),연%
2017-03-02,1.713,국고채(3년),연%
2017-03-03,1.713,국고채(3년),연%
2017-03-06,1.746,국고채(3년),연%
2017-03-07,1.784,국고채(3년),연%
2017-03-08,1.784,국고채(3년),연%
2017-03-09,1.789,국고채(3년),연%
2017-03-10,1.78,국고채(3년),연%
2017-03-13,1.765,국고채(3년),연%
2017-03-14,1.758,국고채(3년),연%
2017-03-15,1.759,국고채(3년),연%
2017-03-16,1.695,국고채(3년),연%
2017-03-17,1.675,국고채(3년),연%
2017-03-20,1.67,국고채(3년),연%
2017-03-21,1.67,국고채(3년),연%
2017-03-22,1.663,국고채(3년),연%
2017-03-23,1.666,국고채(3년),연%
2017-03-24,1.678,국고채(3년),연%
2017-03-27,1.65,국고채(3년),연%
2017-03-28,1.657,국고채(3년),연%
2017-03-29,1.653,국고채(3년),연%
2017-03-30,1.665,국고채(3년),연%
2017-03-31,1.662,국고채(3년),연%
2017-04-03,1.668,국고채(3년),연%
2017-04-04,1.646,국고채(3년),연%
2017-04-05,1.654,국고채(3년),연%
2017-04-06,1.679,국고채(3년),연%
2017-04-07,1.681,국고채(3년),연%
2017-04-10,1.722,국고채(3년),연%
2017-04-11,1.693,국고채(3년),연%
2017-04-12,1.686,국고채(3년),연%
2017-04-13,1.674,국고채(3년),연%
2017-04-14,1.677,국고채(3년),연%
2017-04-17,1.673,국고채(3년),연%
2017-04-18,1.676,국고채(3년),연%
2017-04-19,1.67,국고채(3년),연%
2017-04-20,1.674,국고채(3년),연%
2017-04-21,1.684,국고채(3년),연%
2017-04-24,1.701,국고채(3년),연%
2017-04-25,1.677,국고채(3년),연%
2017-04-26,1.682,국고채(3년),연%
2017-04-27,1.673,국고채(3년),연%
2017-04-28,1.675,국고채(3년),연%
2017-05-02,1.69,국고채(3년),연%
2017-05-04,1.681,국고채(3년),연%
2017-05-08,1.707,국고채(3년),연%
2017-05-10,1.733,국고채(3년),연%
2017-05-11,1.727,국고채(3년),연%
2017-05-12,1.71,국고채(3년),연%
2017-05-15,1.71,국고채(3년),연%
2017-05-16,1.717,국고채(3년),연%
2017-05-17,1.684,국고채(3년),연%
2017-05-18,1.683,국고채(3년),연%
2017-05-19,1.671,국고채(3년),연%
2017-05-22,1.685,국고채(3년),연%
2017-05-23,1.676,국고채(3년),연%
2017-05-24,1.691,국고채(3년),연%
2017-05-25,1.681,국고채(3년),연%
2017-05-26,1.677,국고채(3년),연%
2017-05-29,1.672,국고채(3년),연%
2017-05-30,1.658,국고채(3년),연%
2017-05-31,1.661,국고채(3년),연%
2017-06-01,1.645,국고채(3년),연%
2017-06-02,1.63,국고채(3년),연%
2017-06-05,1.623,국고채(3년),연%
2017-06-07,1.621,국고채(3년),연%
2017-06-08,1.637,국고채(3년),연%
2017-06-09,1.632,국고채(3년),연%
2017-06-12,1.697,국고채(3년),연%
2017-06-13,1.661,국고채(3년),연%
2017-06-14,1.681,국고채(3년),연%
2017-06-15,1.682,국고채(3년),연%
2017-06-16,1.695,국고채(3년),연%
2017-06-19,1.683,국고채(3년),연%
2017-06-20,1.685,국고채(3년),연%
2017-06-21,1.692,국고채(3년),연%
2017-06-22,1.701,국고채(3년),연%
2017-06-23,1.688,국고채(3년),연%
2017-06-26,1.686,국고채(3년),연%
2017-06-27,1.681,국고채(3년),연%
2017-06-28,1.711,국고채(3년),연%
2017-06-29,1.7,국고채(3년),연%
2017-06-30,1.698,국고채(3년),연%
2017-07-03,1.716,국고채(3년),연%
2017-07-04,1.74,국고채(3년),연%
2017-07-05,1.745,국고채(3년),연%
2017-07-06,1.75,국고채(3년),연%
2017-07-07,1.781,국고채(3년),연%
2017-07-10,1.756,국고채(3년),연%
2017-07-11,1.762,국고채(3년),연%
2017-07-12,1.762,국고채(3년),연%
2017-07-13,1.745,국고채(3년),연%
2017-07-14,1.75,국고채(3년),연%
2017-07-17,1.754,국고채(3년),연%
2017-07-18,1.746,국고채(3년),연%
2017-07-19,1.747,국고채(3년),연%
2017-07-20,1.74,국고채(3년),연%
2017-07-21,1.721,국고채(3년),연%
2017-07-24,1.72,국고채(3년),연%
2017-07-25,1.709,국고채(3년),연%
2017-07-26,1.729,국고채(3년),연%
2017-07-27,1.712,국고채(3년),연%
2017-07-28,1.723,국고채(3년),연%
2017-07-31,1.724,국고채(3년),연%
2017-08-01,1.733,국고채(3년),연%
2017-08-02,1.73,국고채(3년),연%
2017-08-03,1.737,국고채(3년),연%
2017-08-04,1.742,국고채(3년),연%
2017-08-07,1.772,국고채(3년),연%
2017-08-08,1.805,국고채(3년),연%
2017-08-09,1.833,국고채(3년),연%
2017-08-10,1.824,국고채(3년),연%
2017-08-11,1.804,국고채(3년),연%
2017-08-14,1.802,국고채(3년),연%
2017-08-16,1.821,국고채(3년),연%
2017-08-17,1.801,국고채(3년),연%
2017-08-18,1.777,국고채(3년),연%
2017-08-21,1.784,국고채(3년),연%
2017-08-22,1.803,국고채(3년),연%
2017-08-23,1.797,국고채(3년),연%
2017-08-24,1.801,국고채(3년),연%
2017-08-25,1.755,국고채(3년),연%
2017-08-28,1.758,국고채(3년),연%
2017-08-29,1.772,국고채(3년),연%
2017-08-30,1.752,국고채(3년),연%
2017-08-31,1.747,국고채(3년),연%
2017-09-01,1.747,국고채(3년),연%
2017-09-04,1.782,국고채(3년),연%
2017-09-05,1.78,국고채(3년),연%
2017-09-06,1.775,국고채(3년),연%
2017-09-07,1.782,국고채(3년),연%
2017-09-08,1.758,국고채(3년),연%
2017-09-11,1.757,국고채(3년),연%
2017-09-12,1.753,국고채(3년),연%
2017-09-13,1.742,국고채(3년),연%
2017-09-14,1.742,국고채(3년),연%
2017-09-15,1.739,국고채(3년),연%
2017-09-18,1.742,국고채(3년),연%
2017-09-19,1.779,국고채(3년),연%
2017-09-20,1.775,국고채(3년),연%
2017-09-21,1.781,국고채(3년),연%
2017-09-22,1.775,국고채(3년),연%
2017-09-25,1.786,국고채(3년),연%
2017-09-26,1.832,국고채(3년),연%
2017-09-27,1.887,국고채(3년),연%
2017-09-28,1.888,국고채(3년),연%
2017-09-29,1.888,국고채(3년),연%
2017-10-10,1.938,국고채(3년),연%
2017-10-11,1.929,국고채(3년),연%
2017-10-12,1.9,국고채(3년),연%
2017-10-13,1.916,국고채(3년),연%
2017-10-16,1.927,국고채(3년),연%
2017-10-17,1.947,국고채(3년),연%
2017-10-18,1.935,국고채(3년),연%
2017-10-19,2.006,국고채(3년),연%
2017-10-20,2.088,국고채(3년),연%
2017-10-23,2.032,국고채(3년),연%
2017-10-24,2.057,국고채(3년),연%
2017-10-25,2.094,국고채(3년),연%
2017-10-26,2.182,국고채(3년),연%
2017-10-27,2.164,국고채(3년),연%
2017-10-30,2.137,국고채(3년),연%
2017-10-31,2.164,국고채(3년),연%
2017-11-01,2.14,국고채(3년),연%
2017-11-02,2.126,국고채(3년),연%
2017-11-03,2.133,국고채(3년),연%
2017-11-06,2.152,국고채(3년),연%
2017-11-07,2.133,국고채(3년),연%
2017-11-08,2.151,국고채(3년),연%
2017-11-09,2.147,국고채(3년),연%
2017-11-10,2.157,국고채(3년),연%
2017-11-13,2.18,국고채(3년),연%
2017-11-14,2.211,국고채(3년),연%
2017-11-15,2.177,국고채(3년),연%
2017-11-16,2.171,국고채(3년),연%
2017-11-17,2.174,국고채(3년),연%
2017-11-20,2.156,국고채(3년),연%
2017-11-21,2.156,국고채(3년),연%
2017-11-22,2.17,국고채(3년),연%
2017-11-23,2.134,국고채(3년),연%
2017-11-24,2.169,국고채(3년),연%
2017-11-27,2.153,국고채(3년),연%
2017-11-28,2.119,국고채(3년),연%
2017-11-29,2.112,국고채(3년),연%
2017-11-30,2.075,국고채(3년),연%
2017-12-01,2.081,국고채(3년),연%
2017-12-04,2.083,국고채(3년),연%
2017-12-05,2.112,국고채(3년),연%
2017-12-06,2.084,국고채(3년),연%
2017-12-07,2.094,국고채(3년),연%
2017-12-08,2.094,국고채(3년),연%
2017-12-11,2.087,국고채(3년),연%
2017-12-12,2.077,국고채(3년),연%
2017-12-13,2.078,국고채(3년),연%
2017-12-14,2.08,국고채(3년),연%
2017-12-15,2.078,국고채(3년),연%
2017-12-18,2.09,국고채(3년),연%
2017-12-19,2.097,국고채(3년),연%
2017-12-20,2.087,국고채(3년),연%
2017-12-21,2.094,국고채(3년),연%
2017-12-22,2.131,국고채(3년),연%
2017-12-26,2.129,국고채(3년),연%
2017-12-27,2.15,국고채(3년),연%
2017-12-28,2.134,국고채(3년),연%
2017-12-29,2.135,국고채(3년),연%
2018-01-02,2.119,국고채(3년),연%
2018-01-03,2.127,국고채(3년),연%
2018-01-04,2.142,국고채(3년),연%
2018-01-05,2.099,국고채(3년),연%
2018-01-08,2.135,국고채(3년),연%
2018-01-09,2.149,국고채(3년),연%
2018-01-10,2.172,국고채(3년),연%
2018-01-11,2.152,국고채(3년),연%
2018-01-12,2.174,국고채(3년),연%
2018-01-15,2.223,국고채(3년),연%
2018-01-16,2.225,국고채(3년),연%
2018-01-17,2.227,국고채(3년),연%
2018-01-18,2.172,국고채(3년),연%
2018-01-19,2.17,국고채(3년),연%
2018-01-22,2.203,국고채(3년),연%
2018-01-23,2.192,국고채(3년),연%
2018-01-24,2.197,국고채(3년),연%
2018-01-25,2.215,국고채(3년),연%
2018-01-26,2.222,국고채(3년),연%
2018-01-29,2.281,국고채(3년),연%
2018-01-30,2.304,국고채(3년),연%
2018-01-31,2.274,국고채(3년),연%
2018-02-01,2.249,국고채(3년),연%
2018-02-02,2.25,국고채(3년),연%
2018-02-05,2.287,국고채(3년),연%
2018-02-06,2.253,국고채(3년),연%
2018-02-07,2.248,국고채(3년),연%
2018-02-08,2.272,국고채(3년),연%
2018-02-09,2.278,국고채(3년),연%
2018-02-12,2.302,국고채(3년),연%
2018-02-13,2.278,국고채(3년),연%
2018-02-14,2.265,국고채(3년),연%
2018-02-19,2.302,국고채(3년),연%
2018-02-20,2.316,국고채(3년),연%
2018-02-21,2.306,국고채(3년),연%
2018-02-22,2.303,국고채(3년),연%
2018-02-23,2.285,국고채(3년),연%
2018-02-26,2.263,국고채(3년),연%
2018-02-27,2.258,국고채(3년),연%
2018-02-28,2.266,국고채(3년),연%
2018-03-02,2.29,국고채(3년),연%
2018-03-05,2.311,국고채(3년),연%
2018-03-06,2.312,국고채(3년),연%
2018-03-07,2.297,국고채(3년),연%
2018-03-08,2.286,국고채(3년),연%
2018-03-09,2.293,국고채(3년),연%
2018-03-12,2.305,국고채(3년),연%
2018-03-13,2.301,국고채(3년),연%
2018-03-14,2.274,국고채(3년),연%
2018-03-15,2.268,국고채(3년),연%
2018-03-16,2.276,국고채(3년),연%
2018-03-19,2.275,국고채(3년),연%
2018-03-20,2.286,국고채(3년),연%
2018-03-21,2.291,국고채(3년),연%
2018-03-22,2.256,국고채(3년),연%
2018-03-23,2.223,국고채(3년),연%
2018-03-26,2.244,국고채(3년),연%
2018-03-27,2.232,국고채(3년),연%
2018-03-28,2.222,국고채(3년),연%
2018-03-29,2.227,국고채(3년),연%
2018-03-30,2.216,국고채(3년),연%
2018-04-02,2.225,국고채(3년),연%
2018-04-03,2.193,국고채(3년),연%
2018-04-04,2.168,국고채(3년),연%
2018-04-05,2.175,국고채(3년),연%
2018-04-06,2.156,국고채(3년),연%
2018-04-09,2.167,국고채(3년),연%
2018-04-10,2.185,국고채(3년),연%
2018-04-11,2.165,국고채(3년),연%
2018-04-12,2.156,국고채(3년),연%
2018-04-13,2.155,국고채(3년),연%
2018-04-16,2.169,국고채(3년),연%
2018-04-17,2.178,국고채(3년),연%
2018-04-18,2.196,국고채(3년),연%
2018-04-19,2.195,국고채(3년),연%
2018-04-20,2.2,국고채(3년),연%
2018-04-23,2.235,국고채(3년),연%
2018-04-24,2.227,국고채(3년),연%
2018-04-25,2.246,국고채(3년),연%
2018-04-26,2.234,국고채(3년),연%
2018-04-27,2.201,국고채(3년),연%
2018-04-30,2.216,국고채(3년),연%
2018-05-02,2.237,국고채(3년),연%
2018-05-03,2.246,국고채(3년),연%
2018-05-04,2.28,국고채(3년),연%
2018-05-08,2.311,국고채(3년),연%
2018-05-09,2.309,국고채(3년),연%
2018-05-10,2.276,국고채(3년),연%
2018-05-11,2.286,국고채(3년),연%
2018-05-14,2.309,국고채(3년),연%
2018-05-15,2.312,국고채(3년),연%
2018-05-16,2.285,국고채(3년),연%
2018-05-17,2.262,국고채(3년),연%
2018-05-18,2.231,국고채(3년),연%
2018-05-21,2.251,국고채(3년),연%
2018-05-23,2.235,국고채(3년),연%
2018-05-24,2.191,국고채(3년),연%
2018-05-25,2.198,국고채(3년),연%
2018-05-28,2.208,국고채(3년),연%
2018-05-29,2.189,국고채(3년),연%
2018-05-30,2.192,국고채(3년),연%
2018-05-31,2.195,국고채(3년),연%
2018-06-01,2.193,국고채(3년),연%
2018-06-04,2.213,국고채(3년),연%
2018-06-05,2.201,국고채(3년),연%
2018-06-07,2.217,국고채(3년),연%
2018-06-08,2.189,국고채(3년),연%
2018-06-11,2.223,국고채(3년),연%
2018-06-12,2.223,국고채(3년),연%
2018-06-14,2.227,국고채(3년),연%
2018-06-15,2.186,국고채(3년),연%
2018-06-18,2.178,국고채(3년),연%
2018-06-19,2.164,국고채(3년),연%
2018-06-20,2.163,국고채(3년),연%
2018-06-21,2.149,국고채(3년),연%
2018-06-22,2.147,국고채(3년),연%
2018-06-25,2.143,국고채(3년),연%
2018-06-26,2.148,국고채(3년),연%
2018-06-27,2.122,국고채(3년),연%
2018-06-28,2.115,국고채(3년),연%
2018-06-29,2.122,국고채(3년),연%
2018-07-02,2.123,국고채(3년),연%
2018-07-03,2.138,국고채(3년),연%
2018-07-04,2.116,국고채(3년),연%
2018-07-05,2.093,국고채(3년),연%
2018-07-06,2.101,국고채(3년),연%
2018-07-09,2.107,국고채(3년),연%
2018-07-10,2.095,국고채(3년),연%
2018-07-11,2.054,국고채(3년),연%
2018-07-12,2.09,국고채(3년),연%
2018-07-13,2.105,국고채(3년),연%
2018-07-16,2.088,국고채(3년),연%
2018-07-17,2.094,국고채(3년),연%
2018-07-18,2.087,국고채(3년),연%
2018-07-19,2.089,국고채(3년),연%
2018-07-20,2.077,국고채(3년),연%
2018-07-23,2.077,국고채(3년),연%
2018-07-24,2.092,국고채(3년),연%
2018-07-25,2.079,국고채(3년),연%
2018-07-26,2.071,국고채(3년),연%
2018-07-27,2.112,국고채(3년),연%
2018-07-30,2.128,국고채(3년),연%
2018-07-31,2.123,국고채(3년),연%
2018-08-01,2.124,국고채(3년),연%
2018-08-02,2.113,국고채(3년),연%
2018-08-03,2.108,국고채(3년),연%
2018-08-06,2.097,국고채(3년),연%
2018-08-07,2.082,국고채(3년),연%
2018-08-08,2.07,국고채(3년),연%
2018-08-09,2.05,국고채(3년),연%
2018-08-10,2.04,국고채(3년),연%
2018-08-13,2.051,국고채(3년),연%
2018-08-14,2.063,국고채(3년),연%
2018-08-16,2.05,국고채(3년),연%
2018-08-17,1.997,국고채(3년),연%
2018-08-20,1.985,국고채(3년),연%
2018-08-21,1.919,국고채(3년),연%
2018-08-22,1.962,국고채(3년),연%
2018-08-23,1.963,국고채(3년),연%
2018-08-24,1.963,국고채(3년),연%
2018-08-27,1.963,국고채(3년),연%
2018-08-28,1.965,국고채(3년),연%
2018-08-29,1.955,국고채(3년),연%
2018-08-30,1.98,국고채(3년),연%
2018-08-31,1.916,국고채(3년),연%
2018-09-03,1.922,국고채(3년),연%
2018-09-04,1.917,국고채(3년),연%
2018-09-05,1.9,국고채(3년),연%
2018-09-06,1.912,국고채(3년),연%
2018-09-07,1.919,국고채(3년),연%
2018-09-10,1.918,국고채(3년),연%
2018-09-11,1.923,국고채(3년),연%
2018-09-12,1.893,국고채(3년),연%
2018-09-13,1.921,국고채(3년),연%
2018-09-14,1.96,국고채(3년),연%
2018-09-17,1.967,국고채(3년),연%
2018-09-18,1.98,국고채(3년),연%
2018-09-19,1.996,국고채(3년),연%
2018-09-20,2.035,국고채(3년),연%
2018-09-21,2.022,국고채(3년),연%
2018-09-27,2.006,국고채(3년),연%
2018-09-28,2.005,국고채(3년),연%
2018-10-01,2.022,국고채(3년),연%
2018-10-02,2.015,국고채(3년),연%
2018-10-04,2.066,국고채(3년),연%
2018-10-05,2.084,국고채(3년),연%
2018-10-08,2.091,국고채(3년),연%
2018-10-10,2.059,국고채(3년),연%
2018-10-11,2.012,국고채(3년),연%
2018-10-12,2.05,국고채(3년),연%
2018-10-15,2.051,국고채(3년),연%
2018-10-16,2.048,국고채(3년),연%
2018-10-17,2.023,국고채(3년),연%
2018-10-18,1.981,국고채(3년),연%
2018-10-19,1.989,국고채(3년),연%
2018-10-22,2.009,국고채(3년),연%
2018-10-23,1.989,국고채(3년),연%
2018-10-24,2.007,국고채(3년),연%
2018-10-25,1.982,국고채(3년),연%
2018-10-26,1.968,국고채(3년),연%
2018-10-29,1.894,국고채(3년),연%
2018-10-30,1.931,국고채(3년),연%
2018-10-31,1.939,국고채(3년),연%
2018-11-01,1.942,국고채(3년),연%
2018-11-02,1.982,국고채(3년),연%
2018-11-05,1.982,국고채(3년),연%
2018-11-06,1.984,국고채(3년),연%
2018-11-07,1.964,국고채(3년),연%
2018-11-08,1.966,국고채(3년),연%
2018-11-09,1.96,국고채(3년),연%
2018-11-12,1.945,국고채(3년),연%
2018-11-13,1.94,국고채(3년),연%
2018-11-14,1.922,국고채(3년),연%
2018-11-15,1.943,국고채(3년),연%
2018-11-16,1.947,국고채(3년),연%
2018-11-19,1.942,국고채(3년),연%
2018-11-20,1.94,국고채(3년),연%
2018-11-21,1.946,국고채(3년),연%
2018-11-22,1.942,국고채(3년),연%
2018-11-23,1.914,국고채(3년),연%
2018-11-26,1.914,국고채(3년),연%
2018-11-27,1.908,국고채(3년),연%
2018-11-28,1.92,국고채(3년),연%
2018-11-29,1.889,국고채(3년),연%
2018-11-30,1.897,국고채(3년),연%
2018-12-03,1.924,국고채(3년),연%
2018-12-04,1.914,국고채(3년),연%
2018-12-05,1.901,국고채(3년),연%
2018-12-06,1.839,국고채(3년),연%
2018-12-07,1.834,국고채(3년),연%
2018-12-10,1.803,국고채(3년),연%
2018-12-11,1.792,국고채(3년),연%
2018-12-12,1.803,국고채(3년),연%
2018-12-13,1.795,국고채(3년),연%
2018-12-14,1.781,국고채(3년),연%
2018-12-17,1.795,국고채(3년),연%
2018-12-18,1.795,국고채(3년),연%
2018-12-19,1.783,국고채(3년),연%
2018-12-20,1.8,국고채(3년),연%
2018-12-21,1.838,국고채(3년),연%
2018-12-24,1.846,국고채(3년),연%
2018-12-26,1.807,국고채(3년),연%
2018-12-27,1.81,국고채(3년),연%
2018-12-28,1.817,국고채(3년),연%
2018-12-31,1.817,국고채(3년),연%
2019-01-02,1.802,국고채(3년),연%
2019-01-03,1.796,국고채(3년),연%
2019-01-04,1.797,국고채(3년),연%
2019-01-07,1.807,국고채(3년),연%
2019-01-08,1.81,국고채(3년),연%
2019-01-09,1.809,국고채(3년),연%
2019-01-10,1.796,국고채(3년),연%
2019-01-11,1.804,국고채(3년),연%
2019-01-14,1.797,국고채(3년),연%
2019-01-15,1.797,국고채(3년),연%
2019-01-16,1.803,국고채(3년),연%
2019-01-17,1.795,국고채(3년),연%
2019-01-18,1.814,국고채(3년),연%
2019-01-21,1.821,국고채(3년),연%
2019-01-22,1.803,국고채(3년),연%
2019-01-23,1.803,국고채(3년),연%
2019-01-24,1.81,국고채(3년),연%
2019-01-25,1.812,국고채(3년),연%
2019-01-28,1.82,국고채(3년),연%
2019-01-29,1.823,국고채(3년),연%
2019-01-30,1.827,국고채(3년),연%
2019-01-31,1.809,국고채(3년),연%
2019-02-01,1.803,국고채(3년),연%
2019-02-07,1.801,국고채(3년),연%
2019-02-08,1.786,국고채(3년),연%
2019-02-11,1.781,국고채(3년),연%
2019-02-12,1.796,국고채(3년),연%
2019-02-13,1.801,국고채(3년),연%
2019-02-14,1.794,국고채(3년),연%
2019-02-15,1.779,국고채(3년),연%
2019-02-18,1.804,국고채(3년),연%
2019-02-19,1.8,국고채(3년),연%
2019-02-20,1.802,국고채(3년),연%
2019-02-21,1.811,국고채(3년),연%
2019-02-22,1.814,국고채(3년),연%
2019-02-25,1.819,국고채(3년),연%
2019-02-26,1.816,국고채(3년),연%
2019-02-27,1.808,국고채(3년),연%
2019-02-28,1.813,국고채(3년),연%
2019-03-04,1.834,국고채(3년),연%
2019-03-05,1.836,국고채(3년),연%
2019-03-06,1.828,국고채(3년),연%
2019-03-07,1.817,국고채(3년),연%
2019-03-08,1.802,국고채(3년),연%
2019-03-11,1.81,국고채(3년),연%
2019-03-12,1.81,국고채(3년),연%
2019-03-13,1.795,국고채(3년),연%
2019-03-14,1.793,국고채(3년),연%
2019-03-15,1.803,국고채(3년),연%
2019-03-18,1.812,국고채(3년),연%
2019-03-19,1.81,국고채(3년),연%
2019-03-20,1.813,국고채(3년),연%
2019-03-21,1.793,국고채(3년),연%
2019-03-22,1.8,국고채(3년),연%
2019-03-25,1.77,국고채(3년),연%
2019-03-26,1.763,국고채(3년),연%
2019-03-27,1.722,국고채(3년),연%
2019-03-28,1.679,국고채(3년),연%
2019-03-29,1.69,국고채(3년),연%
2019-04-01,1.726,국고채(3년),연%
2019-04-02,1.706,국고채(3년),연%
2019-04-03,1.72,국고채(3년),연%
2019-04-04,1.72,국고채(3년),연%
2019-04-05,1.735,국고채(3년),연%
2019-04-08,1.723,국고채(3년),연%
2019-04-09,1.725,국고채(3년),연%
2019-04-10,1.731,국고채(3년),연%
2019-04-11,1.732,국고채(3년),연%
2019-04-12,1.733,국고채(3년),연%
2019-04-15,1.761,국고채(3년),연%
2019-04-16,1.765,국고채(3년),연%
2019-04-17,1.778,국고채(3년),연%
2019-04-18,1.741,국고채(3년),연%
2019-04-19,1.756,국고채(3년),연%
2019-04-22,1.769,국고채(3년),연%
2019-04-23,1.768,국고채(3년),연%
2019-04-24,1.749,국고채(3년),연%
2019-04-25,1.724,국고채(3년),연%
2019-04-26,1.72,국고채(3년),연%
2019-04-29,1.712,국고채(3년),연%
2019-04-30,1.699,국고채(3년),연%
2019-05-02,1.732,국고채(3년),연%
2019-05-03,1.739,국고채(3년),연%
2019-05-07,1.723,국고채(3년),연%
2019-05-08,1.717,국고채(3년),연%
2019-05-09,1.708,국고채(3년),연%
2019-05-10,1.719,국고채(3년),연%
2019-05-13,1.721,국고채(3년),연%
2019-05-14,1.711,국고채(3년),연%
2019-05-15,1.71,국고채(3년),연%
2019-05-16,1.675,국고채(3년),연%
2019-05-17,1.67,국고채(3년),연%
2019-05-20,1.681,국고채(3년),연%
2019-05-21,1.663,국고채(3년),연%
2019-05-22,1.667,국고채(3년),연%
2019-05-23,1.648,국고채(3년),연%
2019-05-24,1.643,국고채(3년),연%
2019-05-27,1.652,국고채(3년),연%
2019-05-28,1.654,국고채(3년),연%
2019-05-29,1.619,국고채(3년),연%
2019-05-30,1.626,국고채(3년),연%
2019-05-31,1.587,국고채(3년),연%
2019-06-03,1.575,국고채(3년),연%
2019-06-04,1.57,국고채(3년),연%
2019-06-05,1.542,국고채(3년),연%
2019-06-07,1.537,국고채(3년),연%
2019-06-10,1.533,국고채(3년),연%
2019-06-11,1.542,국고채(3년),연%
2019-06-12,1.469,국고채(3년),연%
2019-06-13,1.48,국고채(3년),연%
2019-06-14,1.47,국고채(3년),연%
2019-06-17,1.491,국고채(3년),연%
2019-06-18,1.493,국고채(3년),연%
2019-06-19,1.484,국고채(3년),연%
2019-06-20,1.42,국고채(3년),연%
2019-06-21,1.44,국고채(3년),연%
2019-06-24,1.44,국고채(3년),연%
2019-06-25,1.478,국고채(3년),연%
2019-06-26,1.496,국고채(3년),연%
2019-06-27,1.494,국고채(3년),연%
2019-06-28,1.472,국고채(3년),연%
2019-07-01,1.479,국고채(3년),연%
2019-07-02,1.463,국고채(3년),연%
2019-07-03,1.429,국고채(3년),연%
2019-07-04,1.416,국고채(3년),연%
2019-07-05,1.423,국고채(3년),연%
2019-07-08,1.422,국고채(3년),연%
2019-07-09,1.424,국고채(3년),연%
2019-07-10,1.438,국고채(3년),연%
2019-07-11,1.419,국고채(3년),연%
2019-07-12,1.424,국고채(3년),연%
2019-07-15,1.434,국고채(3년),연%
2019-07-16,1.431,국고채(3년),연%
2019-07-17,1.399,국고채(3년),연%
2019-07-18,1.345,국고채(3년),연%
2019-07-19,1.327,국고채(3년),연%
2019-07-22,1.333,국고채(3년),연%
2019-07-23,1.339,국고채(3년),연%
2019-07-24,1.321,국고채(3년),연%
2019-07-25,1.302,국고채(3년),연%
2019-07-26,1.308,국고채(3년),연%
2019-07-29,1.306,국고채(3년),연%
2019-07-30,1.301,국고채(3년),연%
2019-07-31,1.292,국고채(3년),연%
2019-08-01,1.309,국고채(3년),연%
2019-08-02,1.26,국고채(3년),연%
2019-08-05,1.172,국고채(3년),연%
2019-08-06,1.163,국고채(3년),연%
2019-08-07,1.153,국고채(3년),연%
2019-08-08,1.165,국고채(3년),연%
2019-08-09,1.186,국고채(3년),연%
2019-08-12,1.182,국고채(3년),연%
2019-08-13,1.15,국고채(3년),연%
2019-08-14,1.149,국고채(3년),연%
2019-08-16,1.095,국고채(3년),연%
2019-08-19,1.093,국고채(3년),연%
2019-08-20,1.101,국고채(3년),연%
2019-08-21,1.156,국고채(3년),연%
2019-08-22,1.13,국고채(3년),연%
2019-08-23,1.169,국고채(3년),연%
2019-08-26,1.121,국고채(3년),연%
2019-08-27,1.171,국고채(3년),연%
2019-08-28,1.18,국고채(3년),연%
2019-08-29,1.167,국고채(3년),연%
2019-08-30,1.168,국고채(3년),연%
2019-09-02,1.233,국고채(3년),연%
2019-09-03,1.228,국고채(3년),연%
2019-09-04,1.241,국고채(3년),연%
2019-09-05,1.259,국고채(3년),연%
2019-09-06,1.265,국고채(3년),연%
2019-09-09,1.235,국고채(3년),연%
2019-09-10,1.242,국고채(3년),연%
2019-09-11,1.258,국고채(3년),연%
2019-09-16,1.348,국고채(3년),연%
2019-09-17,1.315,국고채(3년),연%
2019-09-18,1.309,국고채(3년),연%
2019-09-19,1.329,국고채(3년),연%
2019-09-20,1.332,국고채(3년),연%
2019-09-23,1.331,국고채(3년),연%
2019-09-24,1.325,국고채(3년),연%
2019-09-25,1.304,국고채(3년),연%
2019-09-26,1.301,국고채(3년),연%
2019-09-27,1.301,국고채(3년),연%
2019-09-30,1.297,국고채(3년),연%
2019-10-01,1.323,국고채(3년),연%
2019-10-02,1.303,국고채(3년),연%
2019-10-04,1.21,국고채(3년),연%
2019-10-07,1.232,국고채(3년),연%
2019-10-08,1.264,국고채(3년),연%
2019-10-10,1.276,국고채(3년),연%
2019-10-11,1.281,국고채(3년),연%
2019-10-14,1.281,국고채(3년),연%
2019-10-15,1.281,국고채(3년),연%
2019-10-16,1.32,국고채(3년),연%
2019-10-17,1.375,국고채(3년),연%
2019-10-18,1.375,국고채(3년),연%
2019-10-21,1.408,국고채(3년),연%
2019-10-22,1.379,국고채(3년),연%
2019-10-23,1.388,국고채(3년),연%
2019-10-24,1.396,국고채(3년),연%
2019-10-25,1.435,국고채(3년),연%
2019-10-28,1.523,국고채(3년),연%
2019-10-29,1.499,국고채(3년),연%
2019-10-30,1.481,국고채(3년),연%
2019-10-31,1.466,국고채(3년),연%
2019-11-01,1.467,국고채(3년),연%
2019-11-04,1.55,국고채(3년),연%
2019-11-05,1.522,국고채(3년),연%
2019-11-06,1.53,국고채(3년),연%
2019-11-07,1.541,국고채(3년),연%
2019-11-08,1.518,국고채(3년),연%
2019-11-11,1.5,국고채(3년),연%
2019-11-12,1.564,국고채(3년),연%
2019-11-13,1.51,국고채(3년),연%
2019-11-14,1.515,국고채(3년),연%
2019-11-15,1.513,국고채(3년),연%
2019-11-18,1.518,국고채(3년),연%
2019-11-19,1.485,국고채(3년),연%
2019-11-20,1.45,국고채(3년),연%
2019-11-21,1.462,국고채(3년),연%
2019-11-22,1.456,국고채(3년),연%
2019-11-25,1.475,국고채(3년),연%
2019-11-26,1.475,국고채(3년),연%
2019-11-27,1.456,국고채(3년),연%
2019-11-28,1.43,국고채(3년),연%
2019-11-29,1.385,국고채(3년),연%
2019-12-02,1.425,국고채(3년),연%
2019-12-03,1.46,국고채(3년),연%
2019-12-04,1.406,국고채(3년),연%
2019-12-05,1.423,국고채(3년),연%
2019-12-06,1.43,국고채(3년),연%
2019-12-09,1.412,국고채(3년),연%
2019-12-10,1.39,국고채(3년),연%
2019-12-11,1.381,국고채(3년),연%
2019-12-12,1.382,국고채(3년),연%
2019-12-13,1.402,국고채(3년),연%
2019-12-16,1.369,국고채(3년),연%
2019-12-17,1.363,국고채(3년),연%
2019-12-18,1.357,국고채(3년),연%
2019-12-19,1.383,국고채(3년),연%
2019-12-20,1.392,국고채(3년),연%
2019-12-23,1.38,국고채(3년),연%
2019-12-24,1.37,국고채(3년),연%
2019-12-26,1.367,국고채(3년),연%
2019-12-27,1.37,국고채(3년),연%
2019-12-30,1.36,국고채(3년),연%
2019-12-31,1.36,국고채(3년),연%
2020-01-02,1.327,국고채(3년),연%
2020-01-03,1.27,국고채(3년),연%
2020-01-06,1.277,국고채(3년),연%
2020-01-07,1.331,국고채(3년),연%
2020-01-08,1.363,국고채(3년),연%
2020-01-09,1.416,국고채(3년),연%
2020-01-10,1.425,국고채(3년),연%
2020-01-13,1.418,국고채(3년),연%
2020-01-14,1.386,국고채(3년),연%
2020-01-15,1.391,국고채(3년),연%
2020-01-16,1.426,국고채(3년),연%
2020-01-17,1.433,국고채(3년),연%
2020-01-20,1.455,국고채(3년),연%
2020-01-21,1.395,국고채(3년),연%
2020-01-22,1.437,국고채(3년),연%
2020-01-23,1.424,국고채(3년),연%
2020-01-28,1.352,국고채(3년),연%
2020-01-29,1.33,국고채(3년),연%
2020-01-30,1.301,국고채(3년),연%
2020-01-31,1.303,국고채(3년),연%
2020-02-03,1.291,국고채(3년),연%
2020-02-04,1.331,국고채(3년),연%
2020-02-05,1.307,국고채(3년),연%
2020-02-06,1.311,국고채(3년),연%
2020-02-07,1.28,국고채(3년),연%
2020-02-10,1.296,국고채(3년),연%
2020-02-11,1.299,국고채(3년),연%
2020-02-12,1.297,국고채(3년),연%
2020-02-13,1.275,국고채(3년),연%
2020-02-14,1.33,국고채(3년),연%
2020-02-17,1.32,국고채(3년),연%
2020-02-18,1.271,국고채(3년),연%
2020-02-19,1.284,국고채(3년),연%
2020-02-20,1.234,국고채(3년),연%
2020-02-21,1.182,국고채(3년),연%
2020-02-24,1.139,국고채(3년),연%
2020-02-25,1.171,국고채(3년),연%
2020-02-26,1.135,국고채(3년),연%
2020-02-27,1.194,국고채(3년),연%
2020-02-28,1.104,국고채(3년),연%
2020-03-02,1.128,국고채(3년),연%
2020-03-03,1.11,국고채(3년),연%
2020-03-04,1.029,국고채(3년),연%
2020-03-05,1.051,국고채(3년),연%
2020-03-06,1.078,국고채(3년),연%
2020-03-09,1.038,국고채(3년),연%
2020-03-10,1.082,국고채(3년),연%
2020-03-11,1.086,국고채(3년),연%
2020-03-12,1.062,국고채(3년),연%
2020-03-13,1.149,국고채(3년),연%
2020-03-16,1.099,국고채(3년),연%
2020-03-17,1.03,국고채(3년),연%
2020-03-18,1.05,국고채(3년),연%
2020-03-19,1.193,국고채(3년),연%
2020-03-20,1.107,국고채(3년),연%
2020-03-23,1.153,국고채(3년),연%
2020-03-24,1.127,국고채(3년),연%
2020-03-25,1.131,국고채(3년),연%
2020-03-26,1.067,국고채(3년),연%
2020-03-27,1.06,국고채(3년),연%
2020-03-30,1.098,국고채(3년),연%
2020-03-31,1.07,국고채(3년),연%
2020-04-01,1.092,국고채(3년),연%
2020-04-02,1.059,국고채(3년),연%
2020-04-03,1.066,국고채(3년),연%
2020-04-06,1.052,국고채(3년),연%
2020-04-07,1.047,국고채(3년),연%
2020-04-08,1.024,국고채(3년),연%
2020-04-09,0.986,국고채(3년),연%
2020-04-10,0.97,국고채(3년),연%
2020-04-13,0.996,국고채(3년),연%
2020-04-14,0.996,국고채(3년),연%
2020-04-16,0.982,국고채(3년),연%
2020-04-17,1.006,국고채(3년),연%
2020-04-20,1.013,국고채(3년),연%
2020-04-21,1.035,국고채(3년),연%
2020-04-22,1.046,국고채(3년),연%
2020-04-23,1.036,국고채(3년),연%
2020-04-24,1.018,국고채(3년),연%
2020-04-27,1.026,국고채(3년),연%
2020-04-28,1.033,국고채(3년),연%
2020-04-29,1.006,국고채(3년),연%
2020-05-04,0.975,국고채(3년),연%
2020-05-06,0.96,국고채(3년),연%
2020-05-07,0.946,국고채(3년),연%
2020-05-08,0.914,국고채(3년),연%
2020-05-11,0.926,국고채(3년),연%
2020-05-12,0.886,국고채(3년),연%
2020-05-13,0.856,국고채(3년),연%
2020-05-14,0.869,국고채(3년),연%
2020-05-15,0.874,국고채(3년),연%
2020-05-18,0.887,국고채(3년),연%
2020-05-19,0.876,국고채(3년),연%
2020-05-20,0.868,국고채(3년),연%
2020-05-21,0.856,국고채(3년),연%
2020-05-22,0.837,국고채(3년),연%
2020-05-25,0.815,국고채(3년),연%
2020-05-26,0.839,국고채(3년),연%
2020-05-27,0.863,국고채(3년),연%
2020-05-28,0.818,국고채(3년),연%
2020-05-29,0.826,국고채(3년),연%
2020-06-01,0.831,국고채(3년),연%
2020-06-02,0.851,국고채(3년),연%
2020-06-03,0.866,국고채(3년),연%
2020-06-04,0.886,국고채(3년),연%
2020-06-05,0.894,국고채(3년),연%
2020-06-08,0.902,국고채(3년),연%
2020-06-09,0.861,국고채(3년),연%
2020-06-10,0.84,국고채(3년),연%
2020-06-11,0.837,국고채(3년),연%
2020-06-12,0.841,국고채(3년),연%
2020-06-15,0.861,국고채(3년),연%
2020-06-16,0.86,국고채(3년),연%
2020-06-17,0.874,국고채(3년),연%
2020-06-18,0.842,국고채(3년),연%
2020-06-19,0.844,국고채(3년),연%
2020-06-22,0.846,국고채(3년),연%
2020-06-23,0.827,국고채(3년),연%
2020-06-24,0.819,국고채(3년),연%
2020-06-25,0.817,국고채(3년),연%
2020-06-26,0.811,국고채(3년),연%
2020-06-29,0.842,국고채(3년),연%
2020-06-30,0.842,국고채(3년),연%
2020-07-01,0.847,국고채(3년),연%
2020-07-02,0.831,국고채(3년),연%
2020-07-03,0.838,국고채(3년),연%
2020-07-06,0.854,국고채(3년),연%
2020-07-07,0.843,국고채(3년),연%
2020-07-08,0.839,국고채(3년),연%
2020-07-09,0.84,국고채(3년),연%
2020-07-10,0.849,국고채(3년),연%
2020-07-13,0.86,국고채(3년),연%
2020-07-14,0.854,국고채(3년),연%
2020-07-15,0.847,국고채(3년),연%
2020-07-16,0.829,국고채(3년),연%
2020-07-17,0.812,국고채(3년),연%
2020-07-20,0.801,국고채(3년),연%
2020-07-21,0.818,국고채(3년),연%
2020-07-22,0.81,국고채(3년),연%
2020-07-23,0.798,국고채(3년),연%
2020-07-24,0.799,국고채(3년),연%
2020-07-27,0.803,국고채(3년),연%
2020-07-28,0.813,국고채(3년),연%
2020-07-29,0.811,국고채(3년),연%
2020-07-30,0.799,국고채(3년),연%
2020-07-31,0.796,국고채(3년),연%
2020-08-03,0.799,국고채(3년),연%
2020-08-04,0.802,국고채(3년),연%
2020-08-05,0.795,국고채(3년),연%
2020-08-06,0.807,국고채(3년),연%
2020-08-07,0.81,국고채(3년),연%
2020-08-10,0.83,국고채(3년),연%
2020-08-11,0.818,국고채(3년),연%
2020-08-12,0.827,국고채(3년),연%
2020-08-13,0.815,국고채(3년),연%
2020-08-14,0.828,국고채(3년),연%
2020-08-18,0.81,국고채(3년),연%
2020-08-19,0.805,국고채(3년),연%
2020-08-20,0.813,국고채(3년),연%
2020-08-21,0.854,국고채(3년),연%
2020-08-24,0.824,국고채(3년),연%
2020-08-25,0.825,국고채(3년),연%
2020-08-26,0.835,국고채(3년),연%
2020-08-27,0.852,국고채(3년),연%
2020-08-28,0.893,국고채(3년),연%
2020-08-31,0.94,국고채(3년),연%
2020-09-01,0.977,국고채(3년),연%
2020-09-02,0.923,국고채(3년),연%
2020-09-03,0.919,국고채(3년),연%
2020-09-04,0.929,국고채(3년),연%
2020-09-07,0.973,국고채(3년),연%
2020-09-08,0.949,국고채(3년),연%
2020-09-09,0.915,국고채(3년),연%
2020-09-10,0.915,국고채(3년),연%
2020-09-11,0.926,국고채(3년),연%
2020-09-14,0.919,국고채(3년),연%
2020-09-15,0.907,국고채(3년),연%
2020-09-16,0.91,국고채(3년),연%
2020-09-17,0.914,국고채(3년),연%
2020-09-18,0.907,국고채(3년),연%
2020-09-21,0.904,국고채(3년),연%
2020-09-22,0.897,국고채(3년),연%
2020-09-23,0.883,국고채(3년),연%
2020-09-24,0.857,국고채(3년),연%
2020-09-25,0.855,국고채(3년),연%
2020-09-28,0.843,국고채(3년),연%
2020-09-29,0.846,국고채(3년),연%
2020-10-05,0.881,국고채(3년),연%
2020-10-06,0.905,국고채(3년),연%
2020-10-07,0.91,국고채(3년),연%
2020-10-08,0.907,국고채(3년),연%
2020-10-12,0.925,국고채(3년),연%
2020-10-13,0.923,국고채(3년),연%
2020-10-14,0.901,국고채(3년),연%
2020-10-15,0.877,국고채(3년),연%
2020-10-16,0.888,국고채(3년),연%
2020-10-19,0.891,국고채(3년),연%
2020-10-20,0.911,국고채(3년),연%
2020-10-21,0.934,국고채(3년),연%
2020-10-22,0.925,국고채(3년),연%
2020-10-23,0.91,국고채(3년),연%
2020-10-26,0.908,국고채(3년),연%
2020-10-27,0.917,국고채(3년),연%
2020-10-28,0.914,국고채(3년),연%
2020-10-29,0.927,국고채(3년),연%
2020-10-30,0.935,국고채(3년),연%
2020-11-02,0.971,국고채(3년),연%
2020-11-03,0.98,국고채(3년),연%
2020-11-04,0.955,국고채(3년),연%
2020-11-05,0.927,국고채(3년),연%
2020-11-06,0.943,국고채(3년),연%
2020-11-09,0.959,국고채(3년),연%
2020-11-10,0.976,국고채(3년),연%
2020-11-11,0.989,국고채(3년),연%
2020-11-12,0.969,국고채(3년),연%
2020-11-13,0.965,국고채(3년),연%
2020-11-16,0.97,국고채(3년),연%
2020-11-17,0.96,국고채(3년),연%
2020-11-18,0.949,국고채(3년),연%
2020-11-19,0.955,국고채(3년),연%
2020-11-20,0.963,국고채(3년),연%
2020-11-23,0.955,국고채(3년),연%
2020-11-24,0.963,국고채(3년),연%
2020-11-25,0.971,국고채(3년),연%
2020-11-26,0.981,국고채(3년),연%
2020-11-27,0.979,국고채(3년),연%
2020-11-30,0.983,국고채(3년),연%
2020-12-01,0.982,국고채(3년),연%
2020-12-02,0.982,국고채(3년),연%
2020-12-03,0.975,국고채(3년),연%
2020-12-04,0.966,국고채(3년),연%
2020-12-07,0.961,국고채(3년),연%
2020-12-08,0.959,국고채(3년),연%
2020-12-09,0.966,국고채(3년),연%
2020-12-10,0.973,국고채(3년),연%
2020-12-11,0.98,국고채(3년),연%
2020-12-14,0.986,국고채(3년),연%
2020-12-15,0.984,국고채(3년),연%
2020-12-16,0.989,국고채(3년),연%
2020-12-17,0.999,국고채(3년),연%
2020-12-18,0.963,국고채(3년),연%
2020-12-21,0.959,국고채(3년),연%
2020-12-22,0.945,국고채(3년),연%
2020-12-23,0.932,국고채(3년),연%
2020-12-24,0.95,국고채(3년),연%
2020-12-28,0.958,국고채(3년),연%
2020-12-29,0.973,국고채(3년),연%
2020-12-30,0.978,국고채(3년),연%
2020-12-31,0.976,국고채(3년),연%
2021-01-04,0.954,국고채(3년),연%
2021-01-05,0.936,국고채(3년),연%
2021-01-06,0.953,국고채(3년),연%
2021-01-07,0.964,국고채(3년),연%
2021-01-08,0.978,국고채(3년),연%
2021-01-11,0.969,국고채(3년),연%
2021-01-12,0.976,국고채(3년),연%
2021-01-13,0.979,국고채(3년),연%
2021-01-14,0.988,국고채(3년),연%
2021-01-15,0.973,국고채(3년),연%
2021-01-18,0.968,국고채(3년),연%
2021-01-19,0.974,국고채(3년),연%
2021-01-20,0.976,국고채(3년),연%
2021-01-21,0.971,국고채(3년),연%
2021-01-22,0.993,국고채(3년),연%
2021-01-25,1.006,국고채(3년),연%
2021-01-26,1.007,국고채(3년),연%
2021-01-27,0.982,국고채(3년),연%
2021-01-28,0.977,국고채(3년),연%
2021-01-29,0.971,국고채(3년),연%
2021-02-01,0.994,국고채(3년),연%
2021-02-02,0.98,국고채(3년),연%
2021-02-03,0.978,국고채(3년),연%
2021-02-04,0.984,국고채(3년),연%
2021-02-05,0.982,국고채(3년),연%
2021-02-08,1.001,국고채(3년),연%
2021-02-09,0.99,국고채(3년),연%
2021-02-10,0.995,국고채(3년),연%
2021-02-15,0.998,국고채(3년),연%
2021-02-16,0.984,국고채(3년),연%
2021-02-17,0.986,국고채(3년),연%
2021-02-18,0.985,국고채(3년),연%
2021-02-19,0.996,국고채(3년),연%
2021-02-22,1.02,국고채(3년),연%
2021-02-23,1.02,국고채(3년),연%
2021-02-24,1.006,국고채(3년),연%
2021-02-25,0.995,국고채(3년),연%
2021-02-26,1.02,국고채(3년),연%
2021-03-02,1.021,국고채(3년),연%
2021-03-03,1.019,국고채(3년),연%
2021-03-04,1.03,국고채(3년),연%
2021-03-05,1.066,국고채(3년),연%
2021-03-08,1.139,국고채(3년),연%
2021-03-09,1.206,국고채(3년),연%
2021-03-10,1.182,국고채(3년),연%
2021-03-11,1.179,국고채(3년),연%
2021-03-12,1.223,국고채(3년),연%
2021-03-15,1.238,국고채(3년),연%
2021-03-16,1.177,국고채(3년),연%
2021-03-17,1.177,국고채(3년),연%
2021-03-18,1.133,국고채(3년),연%
2021-03-19,1.146,국고채(3년),연%
2021-03-22,1.13,국고채(3년),연%
2021-03-23,1.132,국고채(3년),연%
2021-03-24,1.115,국고채(3년),연%
2021-03-25,1.089,국고채(3년),연%
2021-03-26,1.117,국고채(3년),연%
2021-03-29,1.119,국고채(3년),연%
2021-03-30,1.155,국고채(3년),연%
2021-03-31,1.133,국고채(3년),연%
2021-04-01,1.138,국고채(3년),연%
2021-04-02,1.151,국고채(3년),연%
2021-04-05,1.202,국고채(3년),연%
2021-04-06,1.181,국고채(3년),연%
2021-04-07,1.181,국고채(3년),연%
2021-04-08,1.152,국고채(3년),연%
2021-04-09,1.168,국고채(3년),연%
2021-04-12,1.14,국고채(3년),연%
2021-04-13,1.138,국고채(3년),연%
2021-04-14,1.102,국고채(3년),연%
2021-04-15,1.147,국고채(3년),연%
2021-04-16,1.154,국고채(3년),연%
2021-04-19,1.129,국고채(3년),연%
2021-04-20,1.134,국고채(3년),연%
2021-04-21,1.11,국고채(3년),연%
2021-04-22,1.105,국고채(3년),연%
2021-04-23,1.12,국고채(3년),연%
2021-04-26,1.119,국고채(3년),연%
2021-04-27,1.097,국고채(3년),연%
2021-04-28,1.105,국고채(3년),연%
2021-04-29,1.121,국고채(3년),연%
2021-04-30,1.141,국고채(3년),연%
2021-05-03,1.149,국고채(3년),연%
2021-05-04,1.158,국고채(3년),연%
2021-05-06,1.14,국고채(3년),연%
2021-05-07,1.137,국고채(3년),연%
2021-05-10,1.136,국고채(3년),연%
2021-05-11,1.128,국고채(3년),연%
2021-05-12,1.121,국고채(3년),연%
2021-05-13,1.123,국고채(3년),연%
2021-05-14,1.116,국고채(3년),연%
2021-05-17,1.107,국고채(3년),연%
2021-05-18,1.099,국고채(3년),연%
2021-05-20,1.103,국고채(3년),연%
2021-05-21,1.095,국고채(3년),연%
2021-05-24,1.116,국고채(3년),연%
2021-05-25,1.142,국고채(3년),연%
2021-05-26,1.161,국고채(3년),연%
2021-05-27,1.124,국고채(3년),연%
2021-05-28,1.162,국고채(3년),연%
2021-05-31,1.227,국고채(3년),연%
2021-06-01,1.213,국고채(3년),연%
2021-06-02,1.206,국고채(3년),연%
2021-06-03,1.191,국고채(3년),연%
2021-06-04,1.22,국고채(3년),연%
2021-06-07,1.201,국고채(3년),연%
2021-06-08,1.174,국고채(3년),연%
2021-06-09,1.137,국고채(3년),연%
2021-06-10,1.282,국고채(3년),연%
2021-06-11,1.276,국고채(3년),연%
2021-06-14,1.287,국고채(3년),연%
2021-06-15,1.307,국고채(3년),연%
2021-06-16,1.286,국고채(3년),연%
2021-06-17,1.327,국고채(3년),연%
2021-06-18,1.313,국고채(3년),연%
2021-06-21,1.351,국고채(3년),연%
2021-06-22,1.331,국고채(3년),연%
2021-06-23,1.338,국고채(3년),연%
2021-06-24,1.384,국고채(3년),연%
2021-06-25,1.441,국고채(3년),연%
2021-06-28,1.47,국고채(3년),연%
2021-06-29,1.459,국고채(3년),연%
2021-06-30,1.448,국고채(3년),연%
2021-07-01,1.469,국고채(3년),연%
2021-07-02,1.484,국고채(3년),연%
2021-07-05,1.462,국고채(3년),연%
2021-07-06,1.465,국고채(3년),연%
2021-07-07,1.41,국고채(3년),연%
2021-07-08,1.358,국고채(3년),연%
2021-07-09,1.375,국고채(3년),연%
2021-07-12,1.384,국고채(3년),연%
2021-07-13,1.424,국고채(3년),연%
2021-07-14,1.39,국고채(3년),연%
2021-07-15,1.497,국고채(3년),연%
2021-07-16,1.451,국고채(3년),연%
2021-07-19,1.459,국고채(3년),연%
2021-07-20,1.41,국고채(3년),연%
2021-07-21,1.383,국고채(3년),연%
2021-07-22,1.397,국고채(3년),연%
2021-07-23,1.393,국고채(3년),연%
2021-07-26,1.369,국고채(3년),연%
2021-07-27,1.38,국고채(3년),연%
2021-07-28,1.419,국고채(3년),연%
2021-07-29,1.431,국고채(3년),연%
2021-07-30,1.417,국고채(3년),연%
2021-08-02,1.435,국고채(3년),연%
2021-08-03,1.442,국고채(3년),연%
2021-08-04,1.418,국고채(3년),연%
2021-08-05,1.414,국고채(3년),연%
2021-08-06,1.433,국고채(3년),연%
2021-08-09,1.436,국고채(3년),연%
2021-08-10,1.432,국고채(3년),연%
2021-08-11,1.419,국고채(3년),연%
2021-08-12,1.413,국고채(3년),연%
2021-08-13,1.407,국고채(3년),연%
2021-08-17,1.402,국고채(3년),연%
2021-08-18,1.389,국고채(3년),연%
2021-08-19,1.36,국고채(3년),연%
2021-08-20,1.364,국고채(3년),연%
2021-08-23,1.389,국고채(3년),연%
2021-08-24,1.438,국고채(3년),연%
2021-08-25,1.435,국고채(3년),연%
2021-08-26,1.398,국고채(3년),연%
2021-08-27,1.408,국고채(3년),연%
2021-08-30,1.398,국고채(3년),연%
2021-08-31,1.395,국고채(3년),연%
2021-09-01,1.417,국고채(3년),연%
2021-09-02,1.422,국고채(3년),연%
2021-09-03,1.437,국고채(3년),연%
2021-09-06,1.459,국고채(3년),연%
2021-09-07,1.464,국고채(3년),연%
2021-09-08,1.489,국고채(3년),연%
2021-09-09,1.499,국고채(3년),연%
2021-09-10,1.501,국고채(3년),연%
2021-09-13,1.525,국고채(3년),연%
2021-09-14,1.535,국고채(3년),연%
2021-09-15,1.492,국고채(3년),연%
2021-09-16,1.51,국고채(3년),연%
2021-09-17,1.535,국고채(3년),연%
2021-09-23,1.558,국고채(3년),연%
2021-09-24,1.575,국고채(3년),연%
2021-09-27,1.566,국고채(3년),연%
2021-09-28,1.609,국고채(3년),연%
2021-09-29,1.603,국고채(3년),연%
2021-09-30,1.593,국고채(3년),연%
2021-10-01,1.633,국고채(3년),연%
2021-10-05,1.65,국고채(3년),연%
2021-10-06,1.719,국고채(3년),연%
2021-10-07,1.704,국고채(3년),연%
2021-10-08,1.701,국고채(3년),연%
2021-10-12,1.815,국고채(3년),연%
2021-10-13,1.824,국고채(3년),연%
2021-10-14,1.813,국고채(3년),연%
2021-10-15,1.795,국고채(3년),연%
2021-10-18,1.875,국고채(3년),연%
2021-10-19,1.866,국고채(3년),연%
2021-10-20,1.847,국고채(3년),연%
2021-10-21,1.836,국고채(3년),연%
2021-10-22,1.889,국고채(3년),연%
2021-10-25,1.919,국고채(3년),연%
2021-10-26,1.947,국고채(3년),연%
2021-10-27,2.044,국고채(3년),연%
2021-10-28,2.017,국고채(3년),연%
2021-10-29,2.103,국고채(3년),연%
2021-11-01,2.108,국고채(3년),연%
2021-11-02,2.038,국고채(3년),연%
2021-11-03,2.036,국고채(3년),연%
2021-11-04,2.04,국고채(3년),연%
2021-11-05,1.944,국고채(3년),연%
2021-11-08,1.906,국고채(3년),연%
2021-11-09,1.865,국고채(3년),연%
2021-11-10,1.877,국고채(3년),연%
2021-11-11,1.913,국고채(3년),연%
2021-11-12,1.968,국고채(3년),연%
2021-11-15,1.912,국고채(3년),연%
2021-11-16,1.963,국고채(3년),연%
2021-11-17,1.974,국고채(3년),연%
2021-11-18,1.953,국고채(3년),연%
2021-11-19,1.966,국고채(3년),연%
2021-11-22,2.018,국고채(3년),연%
2021-11-23,2.031,국고채(3년),연%
2021-11-24,2.013,국고채(3년),연%
2021-11-25,1.933,국고채(3년),연%
2021-11-26,1.863,국고채(3년),연%
2021-11-29,1.844,국고채(3년),연%
2021-11-30,1.799,국고채(3년),연%
2021-12-01,1.813,국고채(3년),연%
2021-12-02,1.845,국고채(3년),연%
2021-12-03,1.9,국고채(3년),연%
2021-12-06,1.865,국고채(3년),연%
2021-12-07,1.872,국고채(3년),연%
2021-12-08,1.831,국고채(3년),연%
2021-12-09,1.794,국고채(3년),연%
2021-12-10,1.805,국고채(3년),연%
2021-12-13,1.79,국고채(3년),연%
2021-12-14,1.784,국고채(3년),연%
2021-12-15,1.808,국고채(3년),연%
2021-12-16,1.766,국고채(3년),연%
2021-12-17,1.767,국고채(3년),연%
2021-12-20,1.74,국고채(3년),연%
2021-12-21,1.72,국고채(3년),연%
2021-12-22,1.757,국고채(3년),연%
2021-12-23,1.805,국고채(3년),연%
2021-12-24,1.798,국고채(3년),연%
2021-12-27,1.776,국고채(3년),연%
2021-12-28,1.786,국고채(3년),연%
2021-12-29,1.783,국고채(3년),연%
2021-12-30,1.799,국고채(3년),연%
2021-12-31,1.798,국고채(3년),연%
2022-01-03,1.855,국고채(3년),연%
2022-01-04,1.868,국고채(3년),연%
2022-01-05,1.913,국고채(3년),연%
2022-01-06,2.013,국고채(3년),연%
2022-01-07,2.015,국고채(3년),연%
2022-01-10,2.058,국고채(3년),연%
2022-01-11,2.038,국고채(3년),연%
2022-01-12,1.998,국고채(3년),연%
2022-01-13,1.953,국고채(3년),연%
2022-01-14,2.044,국고채(3년),연%
2022-01-17,2.148,국고채(3년),연%
2022-01-18,2.127,국고채(3년),연%
2022-01-19,2.073,국고채(3년),연%
2022-01-20,2.119,국고채(3년),연%
2022-01-21,2.132,국고채(3년),연%
2022-01-24,2.112,국고채(3년),연%
2022-01-25,2.174,국고채(3년),연%
2022-01-26,2.156,국고채(3년),연%
2022-01-27,2.217,국고채(3년),연%
2022-01-28,2.189,국고채(3년),연%
2022-02-03,2.158,국고채(3년),연%
2022-02-04,2.194,국고채(3년),연%
2022-02-07,2.237,국고채(3년),연%
2022-02-08,2.303,국고채(3년),연%
2022-02-09,2.279,국고채(3년),연%
2022-02-10,2.264,국고채(3년),연%
2022-02-11,2.343,국고채(3년),연%
2022-02-14,2.347,국고채(3년),연%
2022-02-15,2.345,국고채(3년),연%
2022-02-16,2.325,국고채(3년),연%
2022-02-17,2.295,국고채(3년),연%
2022-02-18,2.322,국고채(3년),연%
2022-02-21,2.363,국고채(3년),연%
2022-02-22,2.327,국고채(3년),연%
2022-02-23,2.317,국고채(3년),연%
2022-02-24,2.226,국고채(3년),연%
2022-02-25,2.244,국고채(3년),연%
2022-02-28,2.242,국고채(3년),연%
2022-03-02,2.187,국고채(3년),연%
2022-03-03,2.195,국고채(3년),연%
2022-03-04,2.214,국고채(3년),연%
2022-03-07,2.288,국고채(3년),연%
2022-03-08,2.287,국고채(3년),연%
2022-03-10,2.267,국고채(3년),연%
2022-03-11,2.255,국고채(3년),연%
2022-03-14,2.283,국고채(3년),연%
2022-03-15,2.285,국고채(3년),연%
2022-03-16,2.268,국고채(3년),연%
2022-03-17,2.217,국고채(3년),연%
2022-03-18,2.231,국고채(3년),연%
2022-03-21,2.268,국고채(3년),연%
2022-03-22,2.399,국고채(3년),연%
2022-03-23,2.426,국고채(3년),연%
2022-03-24,2.455,국고채(3년),연%
2022-03-25,2.505,국고채(3년),연%
2022-03-28,2.747,국고채(3년),연%
2022-03-29,2.7,국고채(3년),연%
2022-03-30,2.615,국고채(3년),연%
2022-03-31,2.663,국고채(3년),연%
2022-04-01,2.784,국고채(3년),연%
2022-04-04,2.837,국고채(3년),연%
2022-04-05,2.879,국고채(3년),연%
2022-04-06,2.941,국고채(3년),연%
2022-04-07,2.905,국고채(3년),연%
2022-04-08,2.987,국고채(3년),연%
2022-04-11,3.186,국고채(3년),연%
2022-04-12,3.105,국고채(3년),연%
2022-04-13,3.001,국고채(3년),연%
2022-04-14,2.888,국고채(3년),연%
2022-04-15,2.944,국고채(3년),연%
2022-04-18,2.99,국고채(3년),연%
2022-04-19,2.981,국고채(3년),연%
2022-04-20,2.957,국고채(3년),연%
2022-04-21,2.927,국고채(3년),연%
2022-04-22,2.971,국고채(3년),연%
2022-04-25,2.857,국고채(3년),연%
2022-04-26,2.83,국고채(3년),연%
2022-04-27,2.899,국고채(3년),연%
2022-04-28,2.925,국고채(3년),연%
2022-04-29,2.958,국고채(3년),연%
2022-05-02,3.086,국고채(3년),연%
2022-05-03,3.139,국고채(3년),연%
2022-05-04,3.178,국고채(3년),연%
2022-05-06,3.146,국고채(3년),연%
2022-05-09,3.062,국고채(3년),연%
2022-05-10,3.046,국고채(3년),연%
2022-05-11,2.928,국고채(3년),연%
2022-05-12,2.9,국고채(3년),연%
2022-05-13,2.911,국고채(3년),연%
2022-05-16,3.046,국고채(3년),연%
2022-05-17,3.031,국고채(3년),연%
2022-05-18,3.069,국고채(3년),연%
2022-05-19,3.046,국고채(3년),연%
2022-05-20,3.011,국고채(3년),연%
2022-05-23,3.018,국고채(3년),연%
2022-05-24,2.967,국고채(3년),연%
2022-05-25,2.946,국고채(3년),연%
2022-05-26,2.955,국고채(3년),연%
2022-05-27,2.947,국고채(3년),연%
2022-05-30,2.942,국고채(3년),연%
2022-05-31,3.027,국고채(3년),연%
2022-06-02,3.125,국고채(3년),연%
2022-06-03,3.121,국고채(3년),연%
2022-06-07,3.232,국고채(3년),연%
2022-06-08,3.209,국고채(3년),연%
2022-06-09,3.171,국고채(3년),연%
2022-06-10,3.275,국고채(3년),연%
2022-06-13,3.514,국고채(3년),연%
2022-06-14,3.548,국고채(3년),연%
2022-06-15,3.666,국고채(3년),연%
2022-06-16,3.728,국고채(3년),연%
2022-06-17,3.745,국고채(3년),연%
2022-06-20,3.675,국고채(3년),연%
2022-06-21,3.663,국고채(3년),연%
2022-06-22,3.522,국고채(3년),연%
2022-06-23,3.608,국고채(3년),연%
2022-06-24,3.523,국고채(3년),연%
2022-06-27,3.568,국고채(3년),연%
2022-06-28,3.552,국고채(3년),연%
2022-06-29,3.552,국고채(3년),연%
2022-06-30,3.55,국고채(3년),연%
2022-07-01,3.439,국고채(3년),연%
2022-07-04,3.43,국고채(3년),연%
2022-07-05,3.301,국고채(3년),연%
2022-07-06,3.239,국고채(3년),연%
2022-07-07,3.262,국고채(3년),연%
2022-07-08,3.315,국고채(3년),연%
2022-07-11,3.324,국고채(3년),연%
2022-07-12,3.291,국고채(3년),연%
2022-07-13,3.211,국고채(3년),연%
2022-07-14,3.26,국고채(3년),연%
2022-07-15,3.205,국고채(3년),연%
2022-07-18,3.212,국고채(3년),연%
2022-07-19,3.192,국고채(3년),연%
2022-07-20,3.296,국고채(3년),연%
2022-07-21,3.294,국고채(3년),연%
2022-07-22,3.218,국고채(3년),연%
2022-07-25,3.153,국고채(3년),연%
2022-07-26,3.121,국고채(3년),연%
2022-07-27,3.09,국고채(3년),연%
2022-07-28,3.13,국고채(3년),연%
2022-07-29,3.009,국고채(3년),연%
2022-08-01,3.081,국고채(3년),연%
2022-08-02,3.012,국고채(3년),연%
2022-08-03,3.065,국고채(3년),연%
2022-08-04,3.114,국고채(3년),연%
2022-08-05,3.079,국고채(3년),연%
2022-08-08,3.134,국고채(3년),연%
2022-08-09,3.134,국고채(3년),연%
2022-08-10,3.154,국고채(3년),연%
2022-08-11,3.124,국고채(3년),연%
2022-08-12,3.181,국고채(3년),연%
2022-08-16,3.078,국고채(3년),연%
2022-08-17,3.087,국고채(3년),연%
2022-08-18,3.125,국고채(3년),연%
2022-08-19,3.197,국고채(3년),연%
2022-08-22,3.245,국고채(3년),연%
2022-08-23,3.281,국고채(3년),연%
2022-08-24,3.311,국고채(3년),연%
2022-08-25,3.531,국고채(3년),연%
2022-08-26,3.525,국고채(3년),연%
2022-08-29,3.653,국고채(3년),연%
2022-08-30,3.642,국고채(3년),연%
2022-08-31,3.685,국고채(3년),연%
2022-09-01,3.778,국고채(3년),연%
2022-09-02,3.678,국고채(3년),연%
2022-09-05,3.616,국고채(3년),연%
2022-09-06,3.682,국고채(3년),연%
2022-09-07,3.685,국고채(3년),연%
2022-09-08,3.543,국고채(3년),연%
2022-09-13,3.536,국고채(3년),연%
2022-09-14,3.585,국고채(3년),연%
2022-09-15,3.77,국고채(3년),연%
2022-09-16,3.767,국고채(3년),연%
2022-09-19,3.759,국고채(3년),연%
2022-09-20,3.823,국고채(3년),연%
2022-09-21,3.847,국고채(3년),연%
2022-09-22,4.104,국고채(3년),연%
2022-09-23,4.199,국고채(3년),연%
2022-09-26,4.548,국고채(3년),연%
2022-09-27,4.304,국고채(3년),연%
2022-09-28,4.338,국고채(3년),연%
2022-09-29,4.303,국고채(3년),연%
2022-09-30,4.186,국고채(3년),연%
2022-10-04,4.081,국고채(3년),연%
2022-10-05,4.157,국고채(3년),연%
2022-10-06,4.145,국고채(3년),연%
2022-10-07,4.276,국고채(3년),연%
2022-10-11,4.342,국고채(3년),연%
2022-10-12,4.107,국고채(3년),연%
2022-10-13,4.203,국고채(3년),연%
2022-10-14,4.207,국고채(3년),연%
2022-10-17,4.239,국고채(3년),연%
2022-10-18,4.242,국고채(3년),연%
2022-10-19,4.331,국고채(3년),연%
2022-10-20,4.35,국고채(3년),연%
2022-10-21,4.495,국고채(3년),연%
2022-10-24,4.305,국고채(3년),연%
2022-10-25,4.221,국고채(3년),연%
2022-10-26,4.208,국고채(3년),연%
2022-10-27,4.254,국고채(3년),연%
2022-10-28,4.112,국고채(3년),연%
2022-10-31,4.185,국고채(3년),연%
2022-11-01,4.068,국고채(3년),연%
2022-11-02,4.095,국고채(3년),연%
2022-11-03,4.158,국고채(3년),연%
2022-11-04,4.118,국고채(3년),연%
2022-11-07,4.186,국고채(3년),연%
2022-11-08,4.156,국고채(3년),연%
2022-11-09,4.086,국고채(3년),연%
2022-11-10,4.033,국고채(3년),연%
2022-11-11,3.834,국고채(3년),연%
2022-11-14,3.85,국고채(3년),연%
2022-11-15,3.753,국고채(3년),연%
2022-11-16,3.808,국고채(3년),연%
2022-11-17,3.804,국고채(3년),연%
2022-11-18,3.787,국고채(3년),연%
2022-11-21,3.837,국고채(3년),연%
2022-11-22,3.844,국고채(3년),연%
2022-11-23,3.849,국고채(3년),연%
2022-11-24,3.689,국고채(3년),연%
2022-11-25,3.644,국고채(3년),연%
2022-11-28,3.669,국고채(3년),연%
2022-11-29,3.723,국고채(3년),연%
2022-11-30,3.689,국고채(3년),연%
2022-12-01,3.65,국고채(3년),연%
2022-12-02,3.616,국고채(3년),연%
2022-12-05,3.609,국고채(3년),연%
2022-12-06,3.633,국고채(3년),연%
2022-12-07,3.672,국고채(3년),연%
2022-12-08,3.676,국고채(3년),연%
2022-12-09,3.657,국고채(3년),연%
2022-12-12,3.623,국고채(3년),연%
2022-12-13,3.623,국고채(3년),연%
2022-12-14,3.53,국고채(3년),연%
2022-12-15,3.536,국고채(3년),연%
2022-12-16,3.539,국고채(3년),연%
2022-12-19,3.545,국고채(3년),연%
2022-12-20,3.685,국고채(3년),연%
2022-12-21,3.638,국고채(3년),연%
2022-12-22,3.567,국고채(3년),연%
2022-12-23,3.623,국고채(3년),연%
2022-12-26,3.663,국고채(3년),연%
2022-12-27,3.662,국고채(3년),연%
2022-12-28,3.668,국고채(3년),연%
2022-12-29,3.719,국고채(3년),연%
2022-12-30,3.722,국고채(3년),연%
2023-01-02,3.782,국고채(3년),연%
2023-01-03,3.661,국고채(3년),연%
2023-01-04,3.632,국고채(3년),연%
2023-01-05,3.644,국고채(3년),연%
2023-01-06,3.681,국고채(3년),연%
2023-01-09,3.577,국고채(3년),연%
2023-01-10,3.556,국고채(3년),연%
2023-01-11,3.472,국고채(3년),연%
2023-01-12,3.466,국고채(3년),연%
2023-01-13,3.369,국고채(3년),연%
2023-01-16,3.454,국고채(3년),연%
2023-01-17,3.484,국고채(3년),연%
2023-01-18,3.39,국고채(3년),연%
2023-01-19,3.248,국고채(3년),연%
2023-01-20,3.33,국고채(3년),연%
2023-01-25,3.285,국고채(3년),연%
2023-01-26,3.273,국고채(3년),연%
2023-01-27,3.304,국고채(3년),연%
2023-01-30,3.271,국고채(3년),연%
2023-01-31,3.325,국고채(3년),연%
2023-02-01,3.263,국고채(3년),연%
2023-02-02,3.183,국고채(3년),연%
2023-02-03,3.11,국고채(3년),연%
2023-02-06,3.283,국고채(3년),연%
2023-02-07,3.315,국고채(3년),연%
2023-02-08,3.339,국고채(3년),연%
2023-02-09,3.401,국고채(3년),연%
2023-02-10,3.398,국고채(3년),연%
2023-02-13,3.452,국고채(3년),연%
2023-02-14,3.429,국고채(3년),연%
2023-02-15,3.502,국고채(3년),연%
2023-02-16,3.504,국고채(3년),연%
2023-02-17,3.639,국고채(3년),연%
2023-02-20,3.677,국고채(3년),연%
2023-02-21,3.623,국고채(3년),연%
2023-02-22,3.645,국고채(3년),연%
2023-02-23,3.599,국고채(3년),연%
2023-02-24,3.555,국고채(3년),연%
2023-02-27,3.683,국고채(3년),연%
2023-02-28,3.797,국고채(3년),연%
2023-03-02,3.878,국고채(3년),연%
2023-03-03,3.791,국고채(3년),연%
2023-03-06,3.774,국고채(3년),연%
2023-03-07,3.726,국고채(3년),연%
2023-03-08,3.855,국고채(3년),연%
2023-03-09,3.858,국고채(3년),연%
2023-03-10,3.703,국고채(3년),연%
2023-03-13,3.435,국고채(3년),연%
2023-03-14,3.381,국고채(3년),연%
2023-03-15,3.473,국고채(3년),연%
2023-03-16,3.4,국고채(3년),연%
2023-03-17,3.415,국고채(3년),연%
2023-03-20,3.264,국고채(3년),연%
2023-03-21,3.294,국고채(3년),연%
2023-03-22,3.284,국고채(3년),연%
2023-03-23,3.206,국고채(3년),연%
2023-03-24,3.16,국고채(3년),연%
2023-03-27,3.22,국고채(3년),연%
2023-03-28,3.258,국고채(3년),연%
2023-03-29,3.249,국고채(3년),연%
2023-03-30,3.24,국고채(3년),연%
2023-03-31,3.27,국고채(3년),연%
2023-04-03,3.342,국고채(3년),연%
2023-04-04,3.279,국고채(3년),연%
2023-04-05,3.264,국고채(3년),연%
2023-04-06,3.211,국고채(3년),연%
2023-04-07,3.24,국고채(3년),연%
2023-04-10,3.192,국고채(3년),연%
2023-04-11,3.231,국고채(3년),연%
2023-04-12,3.233,국고채(3년),연%
2023-04-13,3.199,국고채(3년),연%
2023-04-14,3.215,국고채(3년),연%
2023-04-17,3.287,국고채(3년),연%
2023-04-18,3.294,국고채(3년),연%
2023-04-19,3.337,국고채(3년),연%
2023-04-20,3.334,국고채(3년),연%
2023-04-21,3.267,국고채(3년),연%
2023-04-24,3.23,국고채(3년),연%
2023-04-25,3.265,국고채(3년),연%
2023-04-26,3.259,국고채(3년),연%
2023-04-27,3.288,국고채(3년),연%
2023-04-28,3.293,국고채(3년),연%
2023-05-02,3.335,국고채(3년),연%
2023-05-03,3.281,국고채(3년),연%
2023-05-04,3.21,국고채(3년),연%
2023-05-08,3.261,국고채(3년),연%
2023-05-09,3.256,국고채(3년),연%
2023-05-10,3.273,국고채(3년),연%
2023-05-11,3.22,국고채(3년),연%
2023-05-12,3.225,국고채(3년),연%
2023-05-15,3.279,국고채(3년),연%
2023-05-16,3.242,국고채(3년),연%
2023-05-17,3.274,국고채(3년),연%
2023-05-18,3.316,국고채(3년),연%
2023-05-19,3.34,국고채(3년),연%
2023-05-22,3.321,국고채(3년),연%
2023-05-23,3.373,국고채(3년),연%
2023-05-24,3.378,국고채(3년),연%
2023-05-25,3.48,국고채(3년),연%
2023-05-26,3.524,국고채(3년),연%
2023-05-30,3.56,국고채(3년),연%
2023-05-31,3.459,국고채(3년),연%
2023-06-01,3.478,국고채(3년),연%
2023-06-02,3.436,국고채(3년),연%
2023-06-05,3.502,국고채(3년),연%
2023-06-07,3.471,국고채(3년),연%
2023-06-08,3.543,국고채(3년),연%
2023-06-09,3.506,국고채(3년),연%
2023-06-12,3.493,국고채(3년),연%
2023-06-13,3.484,국고채(3년),연%
2023-06-14,3.545,국고채(3년),연%
2023-06-15,3.626,국고채(3년),연%
2023-06-16,3.585,국고채(3년),연%
2023-06-19,3.583,국고채(3년),연%
2023-06-20,3.567,국고채(3년),연%
2023-06-21,3.571,국고채(3년),연%
2023-06-22,3.592,국고채(3년),연%
2023-06-23,3.609,국고채(3년),연%
2023-06-26,3.568,국고채(3년),연%
2023-06-27,3.538,국고채(3년),연%
2023-06-28,3.557,국고채(3년),연%
2023-06-29,3.584,국고채(3년),연%
2023-06-30,3.662,국고채(3년),연%
2023-07-03,3.613,국고채(3년),연%
2023-07-04,3.619,국고채(3년),연%
2023-07-05,3.618,국고채(3년),연%
2023-07-06,3.676,국고채(3년),연%
2023-07-07,3.735,국고채(3년),연%
2023-07-10,3.795,국고채(3년),연%
2023-07-11,3.703,국고채(3년),연%
2023-07-12,3.704,국고채(3년),연%
2023-07-13,3.602,국고채(3년),연%
2023-07-14,3.614,국고채(3년),연%
2023-07-17,3.611,국고채(3년),연%
2023-07-18,3.596,국고채(3년),연%
2023-07-19,3.543,국고채(3년),연%
2023-07-20,3.581,국고채(3년),연%
2023-07-21,3.602,국고채(3년),연%
2023-07-24,3.617,국고채(3년),연%
2023-07-25,3.645,국고채(3년),연%
2023-07-26,3.627,국고채(3년),연%
2023-07-27,3.587,국고채(3년),연%
2023-07-28,3.635,국고채(3년),연%
2023-07-31,3.681,국고채(3년),연%
2023-08-01,3.647,국고채(3년),연%
2023-08-02,3.677,국고채(3년),연%
2023-08-03,3.714,국고채(3년),연%
2023-08-04,3.738,국고채(3년),연%
2023-08-07,3.689,국고채(3년),연%
2023-08-08,3.647,국고채(3년),연%
2023-08-09,3.672,국고채(3년),연%
2023-08-10,3.687,국고채(3년),연%
2023-08-11,3.698,국고채(3년),연%
2023-08-14,3.747,국고채(3년),연%
2023-08-16,3.712,국고채(3년),연%
2023-08-17,3.788,국고채(3년),연%
2023-08-18,3.729,국고채(3년),연%
2023-08-21,3.795,국고채(3년),연%
2023-08-22,3.802,국고채(3년),연%
2023-08-23,3.771,국고채(3년),연%
2023-08-24,3.759,국고채(3년),연%
2023-08-25,3.789,국고채(3년),연%
2023-08-28,3.759,국고채(3년),연%
2023-08-29,3.74,국고채(3년),연%
2023-08-30,3.732,국고채(3년),연%
2023-08-31,3.711,국고채(3년),연%
2023-09-01,3.689,국고채(3년),연%
2023-09-04,3.738,국고채(3년),연%
2023-09-05,3.765,국고채(3년),연%
2023-09-06,3.765,국고채(3년),연%
2023-09-07,3.847,국고채(3년),연%
2023-09-08,3.795,국고채(3년),연%
2023-09-11,3.865,국고채(3년),연%
2023-09-12,3.863,국고채(3년),연%
2023-09-13,3.853,국고채(3년),연%
2023-09-14,3.836,국고채(3년),연%
2023-09-15,3.85,국고채(3년),연%
2023-09-18,3.891,국고채(3년),연%
2023-09-19,3.887,국고채(3년),연%
2023-09-20,3.89,국고채(3년),연%
2023-09-21,3.93,국고채(3년),연%
2023-09-22,3.876,국고채(3년),연%
2023-09-25,3.876,국고채(3년),연%
2023-09-26,3.891,국고채(3년),연%
2023-09-27,3.884,국고채(3년),연%
2023-10-04,4.108,국고채(3년),연%
2023-10-05,4.081,국고채(3년),연%
2023-10-06,4.015,국고채(3년),연%
2023-10-10,3.997,국고채(3년),연%
2023-10-11,3.953,국고채(3년),연%
2023-10-12,3.932,국고채(3년),연%
2023-10-13,3.957,국고채(3년),연%
2023-10-16,3.973,국고채(3년),연%
2023-10-17,3.991,국고채(3년),연%
2023-10-18,4.031,국고채(3년),연%
2023-10-19,4.07,국고채(3년),연%
2023-10-20,4.033,국고채(3년),연%
2023-10-23,4.055,국고채(3년),연%
2023-10-24,4.004,국고채(3년),연%
2023-10-25,4.038,국고채(3년),연%
2023-10-26,4.104,국고채(3년),연%
2023-10-27,4.073,국고채(3년),연%
2023-10-30,4.089,국고채(3년),연%
2023-10-31,4.085,국고채(3년),연%
2023-11-01,4.071,국고채(3년),연%
2023-11-02,3.979,국고채(3년),연%
2023-11-03,3.949,국고채(3년),연%
2023-11-06,3.877,국고채(3년),연%
2023-11-07,3.887,국고채(3년),연%
2023-11-08,3.868,국고채(3년),연%
2023-11-09,3.847,국고채(3년),연%
2023-11-10,3.862,국고채(3년),연%
2023-11-13,3.877,국고채(3년),연%
2023-11-14,3.857,국고채(3년),연%
2023-11-15,3.744,국고채(3년),연%
2023-11-16,3.701,국고채(3년),연%
2023-11-17,3.681,국고채(3년),연%
2023-11-20,3.667,국고채(3년),연%
2023-11-21,3.644,국고채(3년),연%
2023-11-22,3.666,국고채(3년),연%
2023-11-23,3.644,국고채(3년),연%
2023-11-24,3.677,국고채(3년),연%
2023-11-27,3.689,국고채(3년),연%
2023-11-28,3.648,국고채(3년),연%
2023-11-29,3.554,국고채(3년),연%
2023-11-30,3.583,국고채(3년),연%
2023-12-01,3.587,국고채(3년),연%
2023-12-04,3.531,국고채(3년),연%
2023-12-05,3.484,국고채(3년),연%
2023-12-06,3.463,국고채(3년),연%
2023-12-07,3.511,국고채(3년),연%
2023-12-08,3.461,국고채(3년),연%
2023-12-11,3.48,국고채(3년),연%
2023-12-12,3.446,국고채(3년),연%
2023-12-13,3.465,국고채(3년),연%
2023-12-14,3.258,국고채(3년),연%
2023-12-15,3.281,국고채(3년),연%
2023-12-18,3.277,국고채(3년),연%
2023-12-19,3.296,국고채(3년),연%
2023-12-20,3.232,국고채(3년),연%
2023-12-21,3.236,국고채(3년),연%
2023-12-22,3.234,국고채(3년),연%
2023-12-26,3.221,국고채(3년),연%
2023-12-27,3.22,국고채(3년),연%
2023-12-28,3.154,국고채(3년),연%
2023-12-29,3.154,국고채(3년),연%
2024-01-02,3.24,국고채(3년),연%
2024-01-03,3.278,국고채(3년),연%
2024-01-04,3.227,국고채(3년),연%
2024-01-05,3.283,국고채(3년),연%
2024-01-08,3.297,국고채(3년),연%
2024-01-09,3.255,국고채(3년),연%
2024-01-10,3.269,국고채(3년),연%
2024-01-11,3.227,국고채(3년),연%
2024-01-12,3.204,국고채(3년),연%
2024-01-15,3.191,국고채(3년),연%
2024-01-16,3.235,국고채(3년),연%
2024-01-17,3.277,국고채(3년),연%
2024-01-18,3.285,국고채(3년),연%
2024-01-19,3.307,국고채(3년),연%
2024-01-22,3.278,국고채(3년),연%
2024-01-23,3.286,국고채(3년),연%
2024-01-24,3.3,국고채(3년),연%
2024-01-25,3.313,국고채(3년),연%
2024-01-26,3.263,국고채(3년),연%
2024-01-29,3.304,국고채(3년),연%
2024-01-30,3.268,국고채(3년),연%
2024-01-31,3.261,국고채(3년),연%
2024-02-01,3.267,국고채(3년),연%
2024-02-02,3.248,국고채(3년),연%
2024-02-05,3.312,국고채(3년),연%
2024-02-06,3.292,국고채(3년),연%
2024-02-07,3.286,국고채(3년),연%
2024-02-08,3.305,국고채(3년),연%
2024-02-13,3.353,국고채(3년),연%
2024-02-14,3.425,국고채(3년),연%
2024-02-15,3.405,국고채(3년),연%
2024-02-16,3.405,국고채(3년),연%
2024-02-19,3.397,국고채(3년),연%
2024-02-20,3.405,국고채(3년),연%
2024-02-21,3.402,국고채(3년),연%
2024-02-22,3.342,국고채(3년),연%
2024-02-23,3.374,국고채(3년),연%
2024-02-26,3.34,국고채(3년),연%
2024-02-27,3.364,국고채(3년),연%
2024-02-28,3.359,국고채(3년),연%
2024-02-29,3.385,국고채(3년),연%
2024-03-04,3.36,국고채(3년),연%
2024-03-05,3.349,국고채(3년),연%
2024-03-06,3.325,국고채(3년),연%
2024-03-07,3.321,국고채(3년),연%
2024-03-08,3.271,국고채(3년),연%
2024-03-11,3.275,국고채(3년),연%
2024-03-12,3.273,국고채(3년),연%
2024-03-13,3.251,국고채(3년),연%
2024-03-14,3.273,국고채(3년),연%
2024-03-15,3.308,국고채(3년),연%
2024-03-18,3.348,국고채(3년),연%
2024-03-19,3.383,국고채(3년),연%
2024-03-20,3.371,국고채(3년),연%
2024-03-21,3.306,국고채(3년),연%
2024-03-22,3.284,국고채(3년),연%
2024-03-25,3.29,국고채(3년),연%
2024-03-26,3.301,국고채(3년),연%
2024-03-27,3.288,국고채(3년),연%
2024-03-28,3.293,국고채(3년),연%
2024-03-29,3.322,국고채(3년),연%
2024-04-01,3.291,국고채(3년),연%
2024-04-02,3.333,국고채(3년),연%
2024-04-03,3.341,국고채(3년),연%
2024-04-04,3.338,국고채(3년),연%
2024-04-05,3.329,국고채(3년),연%
2024-04-08,3.383,국고채(3년),연%
2024-04-09,3.391,국고채(3년),연%
2024-04-11,3.466,국고채(3년),연%
2024-04-12,3.403,국고채(3년),연%
2024-04-15,3.44,국고채(3년),연%
2024-04-16,3.469,국고채(3년),연%
2024-04-17,3.475,국고채(3년),연%
2024-04-18,3.427,국고채(3년),연%
2024-04-19,3.468,국고채(3년),연%
2024-04-22,3.512,국고채(3년),연%
2024-04-23,3.489,국고채(3년),연%
2024-04-24,3.509,국고채(3년),연%
2024-04-25,3.543,국고채(3년),연%
2024-04-26,3.531,국고채(3년),연%
2024-04-29,3.552,국고채(3년),연%
2024-04-30,3.529,국고채(3년),연%
2024-05-02,3.509,국고채(3년),연%
2024-05-03,3.5,국고채(3년),연%
2024-05-07,3.448,국고채(3년),연%
2024-05-08,3.439,국고채(3년),연%
2024-05-09,3.453,국고채(3년),연%
2024-05-10,3.44,국고채(3년),연%
2024-05-13,3.452,국고채(3년),연%
2024-05-14,3.454,국고채(3년),연%
2024-05-16,3.375,국고채(3년),연%
2024-05-17,3.379,국고채(3년),연%
2024-05-20,3.412,국고채(3년),연%
2024-05-21,3.411,국고채(3년),연%
2024-05-22,3.409,국고채(3년),연%
2024-05-23,3.402,국고채(3년),연%
2024-05-24,3.423,국고채(3년),연%
2024-05-27,3.413,국고채(3년),연%
2024-05-28,3.394,국고채(3년),연%
2024-05-29,3.425,국고채(3년),연%
2024-05-30,3.44,국고채(3년),연%
2024-05-31,3.452,국고채(3년),연%
2024-06-03,3.434,국고채(3년),연%
2024-06-04,3.39,국고채(3년),연%
2024-06-05,3.345,국고채(3년),연%
2024-06-07,3.308,국고채(3년),연%
2024-06-10,3.353,국고채(3년),연%
2024-06-11,3.341,국고채(3년),연%
2024-06-12,3.307,국고채(3년),연%
2024-06-13,3.277,국고채(3년),연%
2024-06-14,3.252,국고채(3년),연%
2024-06-17,3.212,국고채(3년),연%
2024-06-18,3.214,국고채(3년),연%
2024-06-19,3.162,국고채(3년),연%
2024-06-20,3.196,국고채(3년),연%
2024-06-21,3.176,국고채(3년),연%
2024-06-24,3.194,국고채(3년),연%
2024-06-25,3.201,국고채(3년),연%
2024-06-26,3.215,국고채(3년),연%
2024-06-27,3.22,국고채(3년),연%
2024-06-28,3.182,국고채(3년),연%
2024-07-01,3.21,국고채(3년),연%
2024-07-02,3.169,국고채(3년),연%
2024-07-03,3.16,국고채(3년),연%
2024-07-04,3.128,국고채(3년),연%
2024-07-05,3.115,국고채(3년),연%
2024-07-08,3.119,국고채(3년),연%
2024-07-09,3.114,국고채(3년),연%
2024-07-10,3.12,국고채(3년),연%
2024-07-11,3.163,국고채(3년),연%
2024-07-12,3.101,국고채(3년),연%
2024-07-15,3.076,국고채(3년),연%
2024-07-16,3.035,국고채(3년),연%
2024-07-17,3.05,국고채(3년),연%
2024-07-18,3.058,국고채(3년),연%
2024-07-19,3.074,국고채(3년),연%
2024-07-22,3.071,국고채(3년),연%
2024-07-23,3.084,국고채(3년),연%
2024-07-24,3.046,국고채(3년),연%
2024-07-25,3.024,국고채(3년),연%
2024-07-26,3.024,국고채(3년),연%
2024-07-29,2.978,국고채(3년),연%
2024-07-30,2.994,국고채(3년),연%
2024-07-31,3.004,국고채(3년),연%
2024-08-01,2.976,국고채(3년),연%
2024-08-02,2.939,국고채(3년),연%
2024-08-05,2.806,국고채(3년),연%
2024-08-06,2.935,국고채(3년),연%
2024-08-07,2.929,국고채(3년),연%
2024-08-08,2.911,국고채(3년),연%
2024-08-09,2.941,국고채(3년),연%
2024-08-12,2.946,국고채(3년),연%
2024-08-13,2.918,국고채(3년),연%
2024-08-14,2.888,국고채(3년),연%
2024-08-16,2.928,국고채(3년),연%
2024-08-19,2.927,국고채(3년),연%
2024-08-20,2.944,국고채(3년),연%
2024-08-21,2.94,국고채(3년),연%
2024-08-22,2.907,국고채(3년),연%
2024-08-23,2.92,국고채(3년),연%
2024-08-26,2.89,국고채(3년),연%
2024-08-27,2.94,국고채(3년),연%
2024-08-28,2.919,국고채(3년),연%
2024-08-29,2.939,국고채(3년),연%
2024-08-30,2.953,국고채(3년),연%
2024-09-02,2.989,국고채(3년),연%
2024-09-03,2.981,국고채(3년),연%
2024-09-04,2.931,국고채(3년),연%
2024-09-05,2.905,국고채(3년),연%
2024-09-06,2.881,국고채(3년),연%
2024-09-09,2.897,국고채(3년),연%
2024-09-10,2.877,국고채(3년),연%
2024-09-11,2.82,국고채(3년),연%
2024-09-12,2.866,국고채(3년),연%
2024-09-13,2.822,국고채(3년),연%
2024-09-19,2.843,국고채(3년),연%
2024-09-20,2.838,국고채(3년),연%
2024-09-23,2.864,국고채(3년),연%
2024-09-24,2.854,국고채(3년),연%
2024-09-25,2.812,국고채(3년),연%
2024-09-26,2.807,국고채(3년),연%
2024-09-27,2.826,국고채(3년),연%
2024-09-30,2.811,국고채(3년),연%
2024-10-02,2.78,국고채(3년),연%
2024-10-04,2.824,국고채(3년),연%
2024-10-07,2.96,국고채(3년),연%
2024-10-08,2.932,국고채(3년),연%
2024-10-10,2.962,국고채(3년),연%
2024-10-11,2.947,국고채(3년),연%
2024-10-14,2.938,국고채(3년),연%
2024-10-15,2.906,국고채(3년),연%
2024-10-16,2.88,국고채(3년),연%
2024-10-17,2.897,국고채(3년),연%
2024-10-18,2.908,국고채(3년),연%
2024-10-21,2.902,국고채(3년),연%
2024-10-22,2.943,국고채(3년),연%
2024-10-23,2.936,국고채(3년),연%
2024-10-24,2.891,국고채(3년),연%
2024-10-25,2.882,국고채(3년),연%
2024-10-28,2.932,국고채(3년),연%
2024-10-29,2.936,국고채(3년),연%
2024-10-30,2.937,국고채(3년),연%
2024-10-31,2.936,국고채(3년),연%
2024-11-01,2.939,국고채(3년),연%
2024-11-04,2.935,국고채(3년),연%
2024-11-05,2.918,국고채(3년),연%
2024-11-06,2.96,국고채(3년),연%
2024-11-07,2.922,국고채(3년),연%
2024-11-08,2.889,국고채(3년),연%
2024-11-11,2.901,국고채(3년),연%
2024-11-12,2.9,국고채(3년),연%
2024-11-13,2.939,국고채(3년),연%
2024-11-14,2.929,국고채(3년),연%
2024-11-15,2.941,국고채(3년),연%
2024-11-18,2.915,국고채(3년),연%
2024-11-19,2.889,국고채(3년),연%
2024-11-20,2.873,국고채(3년),연%
2024-11-21,2.829,국고채(3년),연%
2024-11-22,2.816,국고채(3년),연%
2024-11-25,2.773,국고채(3년),연%
2024-11-26,2.773,국고채(3년),연%
2024-11-27,2.741,국고채(3년),연%
2024-11-28,2.638,국고채(3년),연%
2024-11-29,2.607,국고채(3년),연%
2024-12-02,2.567,국고채(3년),연%
2024-12-03,2.585,국고채(3년),연%
2024-12-04,2.626,국고채(3년),연%
2024-12-05,2.603,국고채(3년),연%
2024-12-06,2.62,국고채(3년),연%
2024-12-09,2.579,국고채(3년),연%
2024-12-10,2.524,국고채(3년),연%
2024-12-11,2.536,국고채(3년),연%
2024-12-12,2.549,국고채(3년),연%
2024-12-13,2.541,국고채(3년),연%
2024-12-16,2.553,국고채(3년),연%
2024-12-17,2.621,국고채(3년),연%
2024-12-18,2.536,국고채(3년),연%
2024-12-19,2.603,국고채(3년),연%
2024-12-20,2.629,국고채(3년),연%
2024-12-23,2.616,국고채(3년),연%
2024-12-24,2.626,국고채(3년),연%
2024-12-26,2.648,국고채(3년),연%
2024-12-27,2.634,국고채(3년),연%
2024-12-30,2.597,국고채(3년),연%
2024-12-31,2.596,국고채(3년),연%
