날짜,원달러환율,항목명,단위
2015-01-02,1099.2,원/미국달러(매매기준율),원
2015-01-05,1102.6,원/미국달러(매매기준율),원
2015-01-06,1108.7,원/미국달러(매매기준율),원
2015-01-07,1103.9,원/미국달러(매매기준율),원
2015-01-08,1099.7,원/미국달러(매매기준율),원
2015-01-09,1098.5,원/미국달러(매매기준율),원
2015-01-12,1092.2,원/미국달러(매매기준율),원
2015-01-13,1083.0,원/미국달러(매매기준율),원
2015-01-14,1081.5,원/미국달러(매매기준율),원
2015-01-15,1079.9,원/미국달러(매매기준율),원
2015-01-16,1084.1,원/미국달러(매매기준율),원
2015-01-19,1077.3,원/미국달러(매매기준율),원
2015-01-20,1079.8,원/미국달러(매매기준율),원
2015-01-21,1084.4,원/미국달러(매매기준율),원
2015-01-22,1086.8,원/미국달러(매매기준율),원
2015-01-23,1085.3,원/미국달러(매매기준율),원
2015-01-26,1084.1,원/미국달러(매매기준율),원
2015-01-27,1079.3,원/미국달러(매매기준율),원
2015-01-28,1082.1,원/미국달러(매매기준율),원
2015-01-29,1082.9,원/미국달러(매매기준율),원
2015-01-30,1090.8,원/미국달러(매매기준율),원
2015-02-02,1095.9,원/미국달러(매매기준율),원
2015-02-03,1101.2,원/미국달러(매매기준율),원
2015-02-04,1098.3,원/미국달러(매매기준율),원
2015-02-05,1089.2,원/미국달러(매매기준율),원
2015-02-06,1089.2,원/미국달러(매매기준율),원
2015-02-09,1088.3,원/미국달러(매매기준율),원
2015-02-10,1097.0,원/미국달러(매매기준율),원
2015-02-11,1090.8,원/미국달러(매매기준율),원
2015-02-12,1096.9,원/미국달러(매매기준율),원
2015-02-13,1107.5,원/미국달러(매매기준율),원
2015-02-16,1098.4,원/미국달러(매매기준율),원
2015-02-17,1098.7,원/미국달러(매매기준율),원
2015-02-23,1101.3,원/미국달러(매매기준율),원
2015-02-24,1109.8,원/미국달러(매매기준율),원
2015-02-25,1108.6,원/미국달러(매매기준율),원
2015-02-26,1102.5,원/미국달러(매매기준율),원
2015-02-27,1099.2,원/미국달러(매매기준율),원
2015-03-02,1099.5,원/미국달러(매매기준율),원
2015-03-03,1102.5,원/미국달러(매매기준율),원
2015-03-04,1100.0,원/미국달러(매매기준율),원
2015-03-05,1096.5,원/미국달러(매매기준율),원
2015-03-06,1100.1,원/미국달러(매매기준율),원
2015-03-09,1099.5,원/미국달러(매매기준율),원
2015-03-10,1110.3,원/미국달러(매매기준율),원
2015-03-11,1119.5,원/미국달러(매매기준율),원
2015-03-12,1126.6,원/미국달러(매매기준율),원
2015-03-13,1130.9,원/미국달러(매매기준율),원
2015-03-16,1125.6,원/미국달러(매매기준율),원
2015-03-17,1133.9,원/미국달러(매매기준율),원
2015-03-18,1130.1,원/미국달러(매매기준율),원
2015-03-19,1126.6,원/미국달러(매매기준율),원
2015-03-20,1114.0,원/미국달러(매매기준율),원
2015-03-23,1121.7,원/미국달러(매매기준율),원
2015-03-24,1115.9,원/미국달러(매매기준율),원
2015-03-25,1107.1,원/미국달러(매매기준율),원
2015-03-26,1102.7,원/미국달러(매매기준율),원
2015-03-27,1104.2,원/미국달러(매매기준율),원
2015-03-30,1104.3,원/미국달러(매매기준율),원
2015-03-31,1105.0,원/미국달러(매매기준율),원
2015-04-01,1109.4,원/미국달러(매매기준율),원
2015-04-02,1103.8,원/미국달러(매매기준율),원
2015-04-03,1098.0,원/미국달러(매매기준율),원
2015-04-06,1094.6,원/미국달러(매매기준율),원
2015-04-07,1086.0,원/미국달러(매매기준율),원
2015-04-08,1089.7,원/미국달러(매매기준율),원
2015-04-09,1093.4,원/미국달러(매매기준율),원
2015-04-10,1093.9,원/미국달러(매매기준율),원
2015-04-13,1094.6,원/미국달러(매매기준율),원
2015-04-14,1096.6,원/미국달러(매매기준율),원
2015-04-15,1096.8,원/미국달러(매매기준율),원
2015-04-16,1096.0,원/미국달러(매매기준율),원
2015-04-17,1089.0,원/미국달러(매매기준율),원
2015-04-20,1085.1,원/미국달러(매매기준율),원
2015-04-21,1082.7,원/미국달러(매매기준율),원
2015-04-22,1083.5,원/미국달러(매매기준율),원
2015-04-23,1081.8,원/미국달러(매매기준율),원
2015-04-24,1083.2,원/미국달러(매매기준율),원
2015-04-27,1079.0,원/미국달러(매매기준율),원
2015-04-28,1074.5,원/미국달러(매매기준율),원
2015-04-29,1070.9,원/미국달러(매매기준율),원
2015-04-30,1068.1,원/미국달러(매매기준율),원
2015-05-04,1069.5,원/미국달러(매매기준율),원
2015-05-06,1080.5,원/미국달러(매매기준율),원
2015-05-07,1081.0,원/미국달러(매매기준율),원
2015-05-08,1086.6,원/미국달러(매매기준율),원
2015-05-11,1091.3,원/미국달러(매매기준율),원
2015-05-12,1089.9,원/미국달러(매매기준율),원
2015-05-13,1096.2,원/미국달러(매매기준율),원
2015-05-14,1094.9,원/미국달러(매매기준율),원
2015-05-15,1093.6,원/미국달러(매매기준율),원
2015-05-18,1089.2,원/미국달러(매매기준율),원
2015-05-19,1085.5,원/미국달러(매매기준율),원
2015-05-20,1090.9,원/미국달러(매매기준율),원
2015-05-21,1095.2,원/미국달러(매매기준율),원
2015-05-22,1094.4,원/미국달러(매매기준율),원
2015-05-26,1090.8,원/미국달러(매매기준율),원
2015-05-27,1098.4,원/미국달러(매매기준율),원
2015-05-28,1107.0,원/미국달러(매매기준율),원
2015-05-29,1108.0,원/미국달러(매매기준율),원
2015-06-01,1107.6,원/미국달러(매매기준율),원
2015-06-02,1111.6,원/미국달러(매매기준율),원
2015-06-03,1114.5,원/미국달러(매매기준율),원
2015-06-04,1106.0,원/미국달러(매매기준율),원
2015-06-05,1109.9,원/미국달러(매매기준율),원
2015-06-08,1112.1,원/미국달러(매매기준율),원
2015-06-09,1121.5,원/미국달러(매매기준율),원
2015-06-10,1119.3,원/미국달러(매매기준율),원
2015-06-11,1117.3,원/미국달러(매매기준율),원
2015-06-12,1110.4,원/미국달러(매매기준율),원
2015-06-15,1111.9,원/미국달러(매매기준율),원
2015-06-16,1116.2,원/미국달러(매매기준율),원
2015-06-17,1117.3,원/미국달러(매매기준율),원
2015-06-18,1117.6,원/미국달러(매매기준율),원
2015-06-19,1109.9,원/미국달러(매매기준율),원
2015-06-22,1104.0,원/미국달러(매매기준율),원
2015-06-23,1099.9,원/미국달러(매매기준율),원
2015-06-24,1104.1,원/미국달러(매매기준율),원
2015-06-25,1108.4,원/미국달러(매매기준율),원
2015-06-26,1109.6,원/미국달러(매매기준율),원
2015-06-29,1115.1,원/미국달러(매매기준율),원
2015-06-30,1124.1,원/미국달러(매매기준율),원
2015-07-01,1118.3,원/미국달러(매매기준율),원
2015-07-02,1118.5,원/미국달러(매매기준율),원
2015-07-03,1123.2,원/미국달러(매매기준율),원
2015-07-06,1120.1,원/미국달러(매매기준율),원
2015-07-07,1126.3,원/미국달러(매매기준율),원
2015-07-08,1129.6,원/미국달러(매매기준율),원
2015-07-09,1135.7,원/미국달러(매매기준율),원
2015-07-10,1136.2,원/미국달러(매매기준율),원
2015-07-13,1130.0,원/미국달러(매매기준율),원
2015-07-14,1131.5,원/미국달러(매매기준율),원
2015-07-15,1139.4,원/미국달러(매매기준율),원
2015-07-16,1141.5,원/미국달러(매매기준율),원
2015-07-17,1148.4,원/미국달러(매매기준율),원
2015-07-20,1146.3,원/미국달러(매매기준율),원
2015-07-21,1151.9,원/미국달러(매매기준율),원
2015-07-22,1158.4,원/미국달러(매매기준율),원
2015-07-23,1152.6,원/미국달러(매매기준율),원
2015-07-24,1162.3,원/미국달러(매매기준율),원
2015-07-27,1164.6,원/미국달러(매매기준율),원
2015-07-28,1168.9,원/미국달러(매매기준율),원
2015-07-29,1166.2,원/미국달러(매매기준율),원
2015-07-30,1157.9,원/미국달러(매매기준율),원
2015-07-31,1166.3,원/미국달러(매매기준율),원
2015-08-03,1169.4,원/미국달러(매매기준율),원
2015-08-04,1165.2,원/미국달러(매매기준율),원
2015-08-05,1169.3,원/미국달러(매매기준율),원
2015-08-06,1172.1,원/미국달러(매매기준율),원
2015-08-07,1170.2,원/미국달러(매매기준율),원
2015-08-10,1164.3,원/미국달러(매매기준율),원
2015-08-11,1165.3,원/미국달러(매매기준율),원
2015-08-12,1170.4,원/미국달러(매매기준율),원
2015-08-13,1190.3,원/미국달러(매매기준율),원
2015-08-17,1174.2,원/미국달러(매매기준율),원
2015-08-18,1182.2,원/미국달러(매매기준율),원
2015-08-19,1184.7,원/미국달러(매매기준율),원
2015-08-20,1185.1,원/미국달러(매매기준율),원
2015-08-21,1185.1,원/미국달러(매매기준율),원
2015-08-24,1192.0,원/미국달러(매매기준율),원
2015-08-25,1198.1,원/미국달러(매매기준율),원
2015-08-26,1194.6,원/미국달러(매매기준율),원
2015-08-27,1188.9,원/미국달러(매매기준율),원
2015-08-28,1184.3,원/미국달러(매매기준율),원
2015-08-31,1176.3,원/미국달러(매매기준율),원
2015-09-01,1183.0,원/미국달러(매매기준율),원
2015-09-02,1175.6,원/미국달러(매매기준율),원
2015-09-03,1178.0,원/미국달러(매매기준율),원
2015-09-04,1187.6,원/미국달러(매매기준율),원
2015-09-07,1191.0,원/미국달러(매매기준율),원
2015-09-08,1202.0,원/미국달러(매매기준율),원
2015-09-09,1203.1,원/미국달러(매매기준율),원
2015-09-10,1192.0,원/미국달러(매매기준율),원
2015-09-11,1195.8,원/미국달러(매매기준율),원
2015-09-14,1183.8,원/미국달러(매매기준율),원
2015-09-15,1181.0,원/미국달러(매매기준율),원
2015-09-16,1182.4,원/미국달러(매매기준율),원
2015-09-17,1179.4,원/미국달러(매매기준율),원
2015-09-18,1169.7,원/미국달러(매매기준율),원
2015-09-21,1166.7,원/미국달러(매매기준율),원
2015-09-22,1173.0,원/미국달러(매매기준율),원
2015-09-23,1177.2,원/미국달러(매매기준율),원
2015-09-24,1187.5,원/미국달러(매매기준율),원
2015-09-25,1191.8,원/미국달러(매매기준율),원
2015-09-30,1194.5,원/미국달러(매매기준율),원
2015-10-01,1190.4,원/미국달러(매매기준율),원
2015-10-02,1179.0,원/미국달러(매매기준율),원
2015-10-05,1180.5,원/미국달러(매매기준율),원
2015-10-06,1172.1,원/미국달러(매매기준율),원
2015-10-07,1164.8,원/미국달러(매매기준율),원
2015-10-08,1165.2,원/미국달러(매매기준율),원
2015-10-12,1159.4,원/미국달러(매매기준율),원
2015-10-13,1147.4,원/미국달러(매매기준율),원
2015-10-14,1147.5,원/미국달러(매매기준율),원
2015-10-15,1150.1,원/미국달러(매매기준율),원
2015-10-16,1133.7,원/미국달러(매매기준율),원
2015-10-19,1128.9,원/미국달러(매매기준율),원
2015-10-20,1125.3,원/미국달러(매매기준율),원
2015-10-21,1130.1,원/미국달러(매매기준율),원
2015-10-22,1131.3,원/미국달러(매매기준율),원
2015-10-23,1138.2,원/미국달러(매매기준율),원
2015-10-26,1127.4,원/미국달러(매매기준율),원
2015-10-27,1134.1,원/미국달러(매매기준율),원
2015-10-28,1131.2,원/미국달러(매매기준율),원
2015-10-29,1132.9,원/미국달러(매매기준율),원
2015-10-30,1142.3,원/미국달러(매매기준율),원
2015-11-02,1138.6,원/미국달러(매매기준율),원
2015-11-03,1140.1,원/미국달러(매매기준율),원
2015-11-04,1133.4,원/미국달러(매매기준율),원
2015-11-05,1129.5,원/미국달러(매매기준율),원
2015-11-06,1137.1,원/미국달러(매매기준율),원
2015-11-09,1138.6,원/미국달러(매매기준율),원
2015-11-10,1154.1,원/미국달러(매매기준율),원
2015-11-11,1158.2,원/미국달러(매매기준율),원
2015-11-12,1154.8,원/미국달러(매매기준율),원
2015-11-13,1154.5,원/미국달러(매매기준율),원
2015-11-16,1161.3,원/미국달러(매매기준율),원
2015-11-17,1172.7,원/미국달러(매매기준율),원
2015-11-18,1169.2,원/미국달러(매매기준율),원
2015-11-19,1173.4,원/미국달러(매매기준율),원
2015-11-20,1164.2,원/미국달러(매매기준율),원
2015-11-23,1156.9,원/미국달러(매매기준율),원
2015-11-24,1157.9,원/미국달러(매매기준율),원
2015-11-25,1155.6,원/미국달러(매매기준율),원
2015-11-26,1145.1,원/미국달러(매매기준율),원
2015-11-27,1145.7,원/미국달러(매매기준율),원
2015-11-30,1150.4,원/미국달러(매매기준율),원
2015-12-01,1157.7,원/미국달러(매매기준율),원
2015-12-02,1158.1,원/미국달러(매매기준율),원
2015-12-03,1159.3,원/미국달러(매매기준율),원
2015-12-04,1167.4,원/미국달러(매매기준율),원
2015-12-07,1156.8,원/미국달러(매매기준율),원
2015-12-08,1166.4,원/미국달러(매매기준율),원
2015-12-09,1176.0,원/미국달러(매매기준율),원
2015-12-10,1178.2,원/미국달러(매매기준율),원
2015-12-11,1177.5,원/미국달러(매매기준율),원
2015-12-14,1179.7,원/미국달러(매매기준율),원
2015-12-15,1186.1,원/미국달러(매매기준율),원
2015-12-16,1182.9,원/미국달러(매매기준율),원
2015-12-17,1178.2,원/미국달러(매매기준율),원
2015-12-18,1178.9,원/미국달러(매매기준율),원
2015-12-21,1184.3,원/미국달러(매매기준율),원
2015-12-22,1178.2,원/미국달러(매매기준율),원
2015-12-23,1176.1,원/미국달러(매매기준율),원
2015-12-24,1171.7,원/미국달러(매매기준율),원
2015-12-28,1171.0,원/미국달러(매매기준율),원
2015-12-29,1165.0,원/미국달러(매매기준율),원
2015-12-30,1167.7,원/미국달러(매매기준율),원
2015-12-31,1172.0,원/미국달러(매매기준율),원
2016-01-04,1172.0,원/미국달러(매매기준율),원
2016-01-05,1184.3,원/미국달러(매매기준율),원
2016-01-06,1187.7,원/미국달러(매매기준율),원
2016-01-07,1193.9,원/미국달러(매매기준율),원
2016-01-08,1199.7,원/미국달러(매매기준율),원
2016-01-11,1196.2,원/미국달러(매매기준율),원
2016-01-12,1208.6,원/미국달러(매매기준율),원
2016-01-13,1208.5,원/미국달러(매매기준율),원
2016-01-14,1206.4,원/미국달러(매매기준율),원
2016-01-15,1212.7,원/미국달러(매매기준율),원
2016-01-18,1211.0,원/미국달러(매매기준율),원
2016-01-19,1212.5,원/미국달러(매매기준율),원
2016-01-20,1209.9,원/미국달러(매매기준율),원
2016-01-21,1211.6,원/미국달러(매매기준율),원
2016-01-22,1209.9,원/미국달러(매매기준율),원
2016-01-25,1203.2,원/미국달러(매매기준율),원
2016-01-26,1194.4,원/미국달러(매매기준율),원
2016-01-27,1201.4,원/미국달러(매매기준율),원
2016-01-28,1201.0,원/미국달러(매매기준율),원
2016-01-29,1208.4,원/미국달러(매매기준율),원
2016-02-01,1206.2,원/미국달러(매매기준율),원
2016-02-02,1204.5,원/미국달러(매매기준율),원
2016-02-03,1203.1,원/미국달러(매매기준율),원
2016-02-04,1216.7,원/미국달러(매매기준율),원
2016-02-05,1202.7,원/미국달러(매매기준율),원
2016-02-11,1195.1,원/미국달러(매매기준율),원
2016-02-12,1197.0,원/미국달러(매매기준율),원
2016-02-15,1206.5,원/미국달러(매매기준율),원
2016-02-16,1209.9,원/미국달러(매매기준율),원
2016-02-17,1216.6,원/미국달러(매매기준율),원
2016-02-18,1224.8,원/미국달러(매매기준율),원
2016-02-19,1225.7,원/미국달러(매매기준율),원
2016-02-22,1233.9,원/미국달러(매매기준율),원
2016-02-23,1233.2,원/미국달러(매매기준율),원
2016-02-24,1230.1,원/미국달러(매매기준율),원
2016-02-25,1234.8,원/미국달러(매매기준율),원
2016-02-26,1236.1,원/미국달러(매매기준율),원
2016-02-29,1235.4,원/미국달러(매매기준율),원
2016-03-02,1240.9,원/미국달러(매매기준율),원
2016-03-03,1232.7,원/미국달러(매매기준율),원
2016-03-04,1218.9,원/미국달러(매매기준율),원
2016-03-07,1208.5,원/미국달러(매매기준율),원
2016-03-08,1200.7,원/미국달러(매매기준율),원
2016-03-09,1205.2,원/미국달러(매매기준율),원
2016-03-10,1214.5,원/미국달러(매매기준율),원
2016-03-11,1208.8,원/미국달러(매매기준율),원
2016-03-14,1200.1,원/미국달러(매매기준율),원
2016-03-15,1186.5,원/미국달러(매매기준율),원
2016-03-16,1189.2,원/미국달러(매매기준율),원
2016-03-17,1192.7,원/미국달러(매매기준율),원
2016-03-18,1174.5,원/미국달러(매매기준율),원
2016-03-21,1161.3,원/미국달러(매매기준율),원
2016-03-22,1165.3,원/미국달러(매매기준율),원
2016-03-23,1159.5,원/미국달러(매매기준율),원
2016-03-24,1158.8,원/미국달러(매매기준율),원
2016-03-25,1167.1,원/미국달러(매매기준율),원
2016-03-28,1169.4,원/미국달러(매매기준율),원
2016-03-29,1169.6,원/미국달러(매매기준율),원
2016-03-30,1163.0,원/미국달러(매매기준율),원
2016-03-31,1153.5,원/미국달러(매매기준율),원
2016-04-01,1144.5,원/미국달러(매매기준율),원
2016-04-04,1148.9,원/미국달러(매매기준율),원
2016-04-05,1147.8,원/미국달러(매매기준율),원
2016-04-06,1155.0,원/미국달러(매매기준율),원
2016-04-07,1155.9,원/미국달러(매매기준율),원
2016-04-08,1154.5,원/미국달러(매매기준율),원
2016-04-11,1156.5,원/미국달러(매매기준율),원
2016-04-12,1149.2,원/미국달러(매매기준율),원
2016-04-14,1144.7,원/미국달러(매매기준율),원
2016-04-15,1153.4,원/미국달러(매매기준율),원
2016-04-18,1150.7,원/미국달러(매매기준율),원
2016-04-19,1151.1,원/미국달러(매매기준율),원
2016-04-20,1140.5,원/미국달러(매매기준율),원
2016-04-21,1132.3,원/미국달러(매매기준율),원
2016-04-22,1134.9,원/미국달러(매매기준율),원
2016-04-25,1141.1,원/미국달러(매매기준율),원
2016-04-26,1149.7,원/미국달러(매매기준율),원
2016-04-27,1149.7,원/미국달러(매매기준율),원
2016-04-28,1145.9,원/미국달러(매매기준율),원
2016-04-29,1143.9,원/미국달러(매매기준율),원
2016-05-02,1138.1,원/미국달러(매매기준율),원
2016-05-03,1140.8,원/미국달러(매매기준율),원
2016-05-04,1137.1,원/미국달러(매매기준율),원
2016-05-09,1153.5,원/미국달러(매매기준율),원
2016-05-10,1164.7,원/미국달러(매매기준율),원
2016-05-11,1174.0,원/미국달러(매매기준율),원
2016-05-12,1168.1,원/미국달러(매매기준율),원
2016-05-13,1164.1,원/미국달러(매매기준율),원
2016-05-16,1169.4,원/미국달러(매매기준율),원
2016-05-17,1178.6,원/미국달러(매매기준율),원
2016-05-18,1173.3,원/미국달러(매매기준율),원
2016-05-19,1180.9,원/미국달러(매매기준율),원
2016-05-20,1190.8,원/미국달러(매매기준율),원
2016-05-23,1188.4,원/미국달러(매매기준율),원
2016-05-24,1183.1,원/미국달러(매매기준율),원
2016-05-25,1188.6,원/미국달러(매매기준율),원
2016-05-26,1185.8,원/미국달러(매매기준율),원
2016-05-27,1181.0,원/미국달러(매매기준율),원
2016-05-30,1179.3,원/미국달러(매매기준율),원
2016-05-31,1190.6,원/미국달러(매매기준율),원
2016-06-01,1190.5,원/미국달러(매매기준율),원
2016-06-02,1192.2,원/미국달러(매매기준율),원
2016-06-03,1189.6,원/미국달러(매매기준율),원
2016-06-07,1186.5,원/미국달러(매매기준율),원
2016-06-08,1163.2,원/미국달러(매매기준율),원
2016-06-09,1156.5,원/미국달러(매매기준율),원
2016-06-10,1155.8,원/미국달러(매매기준율),원
2016-06-13,1163.1,원/미국달러(매매기준율),원
2016-06-14,1172.8,원/미국달러(매매기준율),원
2016-06-15,1172.5,원/미국달러(매매기준율),원
2016-06-16,1176.3,원/미국달러(매매기준율),원
2016-06-17,1170.1,원/미국달러(매매기준율),원
2016-06-20,1170.8,원/미국달러(매매기준율),원
2016-06-21,1163.2,원/미국달러(매매기준율),원
2016-06-22,1158.2,원/미국달러(매매기준율),원
2016-06-23,1155.7,원/미국달러(매매기준율),원
2016-06-24,1151.2,원/미국달러(매매기준율),원
2016-06-27,1168.5,원/미국달러(매매기준율),원
2016-06-28,1183.3,원/미국달러(매매기준율),원
2016-06-29,1175.9,원/미국달러(매매기준율),원
2016-06-30,1164.7,원/미국달러(매매기준율),원
2016-07-01,1152.6,원/미국달러(매매기준율),원
2016-07-04,1147.5,원/미국달러(매매기준율),원
2016-07-05,1148.1,원/미국달러(매매기준율),원
2016-07-06,1153.0,원/미국달러(매매기준율),원
2016-07-07,1165.8,원/미국달러(매매기준율),원
2016-07-08,1156.6,원/미국달러(매매기준율),원
2016-07-11,1159.2,원/미국달러(매매기준율),원
2016-07-12,1147.8,원/미국달러(매매기준율),원
2016-07-13,1149.3,원/미국달러(매매기준율),원
2016-07-14,1145.7,원/미국달러(매매기준율),원
2016-07-15,1141.8,원/미국달러(매매기준율),원
2016-07-18,1132.7,원/미국달러(매매기준율),원
2016-07-19,1136.3,원/미국달러(매매기준율),원
2016-07-20,1138.4,원/미국달러(매매기준율),원
2016-07-21,1140.8,원/미국달러(매매기준율),원
2016-07-22,1140.2,원/미국달러(매매기준율),원
2016-07-25,1135.0,원/미국달러(매매기준율),원
2016-07-26,1136.9,원/미국달러(매매기준율),원
2016-07-27,1138.4,원/미국달러(매매기준율),원
2016-07-28,1134.1,원/미국달러(매매기준율),원
2016-07-29,1125.7,원/미국달러(매매기준율),원
2016-08-01,1122.4,원/미국달러(매매기준율),원
2016-08-02,1111.0,원/미국달러(매매기준율),원
2016-08-03,1108.9,원/미국달러(매매기준율),원
2016-08-04,1114.0,원/미국달러(매매기준율),원
2016-08-05,1113.8,원/미국달러(매매기준율),원
2016-08-08,1111.3,원/미국달러(매매기준율),원
2016-08-09,1112.7,원/미국달러(매매기준율),원
2016-08-10,1107.2,원/미국달러(매매기준율),원
2016-08-11,1096.1,원/미국달러(매매기준율),원
2016-08-12,1098.6,원/미국달러(매매기준율),원
2016-08-16,1101.1,원/미국달러(매매기준율),원
2016-08-17,1095.0,원/미국달러(매매기준율),원
2016-08-18,1102.3,원/미국달러(매매기준율),원
2016-08-19,1106.4,원/미국달러(매매기준율),원
2016-08-22,1115.2,원/미국달러(매매기준율),원
2016-08-23,1125.3,원/미국달러(매매기준율),원
2016-08-24,1117.4,원/미국달러(매매기준율),원
2016-08-25,1121.6,원/미국달러(매매기준율),원
2016-08-26,1119.0,원/미국달러(매매기준율),원
2016-08-29,1113.9,원/미국달러(매매기준율),원
2016-08-30,1125.2,원/미국달러(매매기준율),원
2016-08-31,1118.5,원/미국달러(매매기준율),원
2016-09-01,1117.4,원/미국달러(매매기준율),원
2016-09-02,1119.3,원/미국달러(매매기준율),원
2016-09-05,1117.6,원/미국달러(매매기준율),원
2016-09-06,1108.2,원/미국달러(매매기준율),원
2016-09-07,1105.0,원/미국달러(매매기준율),원
2016-09-08,1093.2,원/미국달러(매매기준율),원
2016-09-09,1093.2,원/미국달러(매매기준율),원
2016-09-12,1099.5,원/미국달러(매매기준율),원
2016-09-13,1110.6,원/미국달러(매매기준율),원
2016-09-19,1112.3,원/미국달러(매매기준율),원
2016-09-20,1120.0,원/미국달러(매매기준율),원
2016-09-21,1119.5,원/미국달러(매매기준율),원
2016-09-22,1116.8,원/미국달러(매매기준율),원
2016-09-23,1103.1,원/미국달러(매매기준율),원
2016-09-26,1104.2,원/미국달러(매매기준율),원
2016-09-27,1106.9,원/미국달러(매매기준율),원
2016-09-28,1103.5,원/미국달러(매매기준율),원
2016-09-29,1095.7,원/미국달러(매매기준율),원
2016-09-30,1096.3,원/미국달러(매매기준율),원
2016-10-04,1102.0,원/미국달러(매매기준율),원
2016-10-05,1105.1,원/미국달러(매매기준율),원
2016-10-06,1113.8,원/미국달러(매매기준율),원
2016-10-07,1111.3,원/미국달러(매매기준율),원
2016-10-10,1115.7,원/미국달러(매매기준율),원
2016-10-11,1111.0,원/미국달러(매매기준율),원
2016-10-12,1117.2,원/미국달러(매매기준율),원
2016-10-13,1123.3,원/미국달러(매매기준율),원
2016-10-14,1130.5,원/미국달러(매매기준율),원
2016-10-17,1132.9,원/미국달러(매매기준율),원
2016-10-18,1140.3,원/미국달러(매매기준율),원
2016-10-19,1132.3,원/미국달러(매매기준율),원
2016-10-20,1122.8,원/미국달러(매매기준율),원
2016-10-21,1124.0,원/미국달러(매매기준율),원
2016-10-24,1134.5,원/미국달러(매매기준율),원
2016-10-25,1134.5,원/미국달러(매매기준율),원
2016-10-26,1136.5,원/미국달러(매매기준율),원
2016-10-27,1132.4,원/미국달러(매매기준율),원
2016-10-28,1140.2,원/미국달러(매매기준율),원
2016-10-31,1145.2,원/미국달러(매매기준율),원
2016-11-01,1144.6,원/미국달러(매매기준율),원
2016-11-02,1141.8,원/미국달러(매매기준율),원
2016-11-03,1148.7,원/미국달러(매매기준율),원
2016-11-04,1140.6,원/미국달러(매매기준율),원
2016-11-07,1143.4,원/미국달러(매매기준율),원
2016-11-08,1141.6,원/미국달러(매매기준율),원
2016-11-09,1137.5,원/미국달러(매매기준율),원
2016-11-10,1145.8,원/미국달러(매매기준율),원
2016-11-11,1151.0,원/미국달러(매매기준율),원
2016-11-14,1164.4,원/미국달러(매매기준율),원
2016-11-15,1169.8,원/미국달러(매매기준율),원
2016-11-16,1168.8,원/미국달러(매매기준율),원
2016-11-17,1167.2,원/미국달러(매매기준율),원
2016-11-18,1174.4,원/미국달러(매매기준율),원
2016-11-21,1182.3,원/미국달러(매매기준율),원
2016-11-22,1183.6,원/미국달러(매매기준율),원
2016-11-23,1175.5,원/미국달러(매매기준율),원
2016-11-24,1174.9,원/미국달러(매매기준율),원
2016-11-25,1182.4,원/미국달러(매매기준율),원
2016-11-28,1178.9,원/미국달러(매매기준율),원
2016-11-29,1170.3,원/미국달러(매매기준율),원
2016-11-30,1168.5,원/미국달러(매매기준율),원
2016-12-01,1168.0,원/미국달러(매매기준율),원
2016-12-02,1172.6,원/미국달러(매매기준율),원
2016-12-05,1170.5,원/미국달러(매매기준율),원
2016-12-06,1173.8,원/미국달러(매매기준율),원
2016-12-07,1169.5,원/미국달러(매매기준율),원
2016-12-08,1169.4,원/미국달러(매매기준율),원
2016-12-09,1159.1,원/미국달러(매매기준율),원
2016-12-12,1166.2,원/미국달러(매매기준율),원
2016-12-13,1170.2,원/미국달러(매매기준율),원
2016-12-14,1165.5,원/미국달러(매매기준율),원
2016-12-15,1168.3,원/미국달러(매매기준율),원
2016-12-16,1180.1,원/미국달러(매매기준율),원
2016-12-19,1183.4,원/미국달러(매매기준율),원
2016-12-20,1186.4,원/미국달러(매매기준율),원
2016-12-21,1191.2,원/미국달러(매매기준율),원
2016-12-22,1194.2,원/미국달러(매매기준율),원
2016-12-23,1198.0,원/미국달러(매매기준율),원
2016-12-26,1202.9,원/미국달러(매매기준율),원
2016-12-27,1199.4,원/미국달러(매매기준율),원
2016-12-28,1205.3,원/미국달러(매매기준율),원
2016-12-29,1207.6,원/미국달러(매매기준율),원
2016-12-30,1208.5,원/미국달러(매매기준율),원
2017-01-02,1208.5,원/미국달러(매매기준율),원
2017-01-03,1207.8,원/미국달러(매매기준율),원
2017-01-04,1206.2,원/미국달러(매매기준율),원
2017-01-05,1206.7,원/미국달러(매매기준율),원
2017-01-06,1191.6,원/미국달러(매매기준율),원
2017-01-09,1189.1,원/미국달러(매매기준율),원
2017-01-10,1205.5,원/미국달러(매매기준율),원
2017-01-11,1198.7,원/미국달러(매매기준율),원
2017-01-12,1196.4,원/미국달러(매매기준율),원
2017-01-13,1182.8,원/미국달러(매매기준율),원
2017-01-16,1177.7,원/미국달러(매매기준율),원
2017-01-17,1180.5,원/미국달러(매매기준율),원
2017-01-18,1180.9,원/미국달러(매매기준율),원
2017-01-19,1165.6,원/미국달러(매매기준율),원
2017-01-20,1177.1,원/미국달러(매매기준율),원
2017-01-23,1172.5,원/미국달러(매매기준율),원
2017-01-24,1166.7,원/미국달러(매매기준율),원
2017-01-25,1163.6,원/미국달러(매매기준율),원
2017-01-26,1166.2,원/미국달러(매매기준율),원
2017-01-31,1157.8,원/미국달러(매매기준율),원
2017-02-01,1165.5,원/미국달러(매매기준율),원
2017-02-02,1155.2,원/미국달러(매매기준율),원
2017-02-03,1149.2,원/미국달러(매매기준율),원
2017-02-06,1146.8,원/미국달러(매매기준율),원
2017-02-07,1137.7,원/미국달러(매매기준율),원
2017-02-08,1142.1,원/미국달러(매매기준율),원
2017-02-09,1145.4,원/미국달러(매매기준율),원
2017-02-10,1145.7,원/미국달러(매매기준율),원
2017-02-13,1151.4,원/미국달러(매매기준율),원
2017-02-14,1151.9,원/미국달러(매매기준율),원
2017-02-15,1144.5,원/미국달러(매매기준율),원
2017-02-16,1141.6,원/미국달러(매매기준율),원
2017-02-17,1138.9,원/미국달러(매매기준율),원
2017-02-20,1145.3,원/미국달러(매매기준율),원
2017-02-21,1147.6,원/미국달러(매매기준율),원
2017-02-22,1146.8,원/미국달러(매매기준율),원
2017-02-23,1140.9,원/미국달러(매매기준율),원
2017-02-24,1138.8,원/미국달러(매매기준율),원
2017-02-27,1131.0,원/미국달러(매매기준율),원
2017-02-28,1132.1,원/미국달러(매매기준율),원
2017-03-02,1132.3,원/미국달러(매매기준율),원
2017-03-03,1142.0,원/미국달러(매매기준율),원
2017-03-06,1152.7,원/미국달러(매매기준율),원
2017-03-07,1156.1,원/미국달러(매매기준율),원
2017-03-08,1151.2,원/미국달러(매매기준율),원
2017-03-09,1146.6,원/미국달러(매매기준율),원
2017-03-10,1156.1,원/미국달러(매매기준율),원
2017-03-13,1158.2,원/미국달러(매매기준율),원
2017-03-14,1147.7,원/미국달러(매매기준율),원
2017-03-15,1147.3,원/미국달러(매매기준율),원
2017-03-16,1146.3,원/미국달러(매매기준율),원
2017-03-17,1131.7,원/미국달러(매매기준율),원
2017-03-20,1131.4,원/미국달러(매매기준율),원
2017-03-21,1124.5,원/미국달러(매매기준율),원
2017-03-22,1117.5,원/미국달러(매매기준율),원
2017-03-23,1123.8,원/미국달러(매매기준율),원
2017-03-24,1120.0,원/미국달러(매매기준율),원
2017-03-27,1122.7,원/미국달러(매매기준율),원
2017-03-28,1114.2,원/미국달러(매매기준율),원
2017-03-29,1112.5,원/미국달러(매매기준율),원
2017-03-30,1114.0,원/미국달러(매매기준율),원
2017-03-31,1116.1,원/미국달러(매매기준율),원
2017-04-03,1119.3,원/미국달러(매매기준율),원
2017-04-04,1113.8,원/미국달러(매매기준율),원
2017-04-05,1118.9,원/미국달러(매매기준율),원
2017-04-06,1124.0,원/미국달러(매매기준율),원
2017-04-07,1131.0,원/미국달러(매매기준율),원
2017-04-10,1134.6,원/미국달러(매매기준율),원
2017-04-11,1141.6,원/미국달러(매매기준율),원
2017-04-12,1145.8,원/미국달러(매매기준율),원
2017-04-13,1145.2,원/미국달러(매매기준율),원
2017-04-14,1131.9,원/미국달러(매매기준율),원
2017-04-17,1138.8,원/미국달러(매매기준율),원
2017-04-18,1136.5,원/미국달러(매매기준율),원
2017-04-19,1137.9,원/미국달러(매매기준율),원
2017-04-20,1139.8,원/미국달러(매매기준율),원
2017-04-21,1141.4,원/미국달러(매매기준율),원
2017-04-24,1136.6,원/미국달러(매매기준율),원
2017-04-25,1131.7,원/미국달러(매매기준율),원
2017-04-26,1130.5,원/미국달러(매매기준율),원
2017-04-27,1125.1,원/미국달러(매매기준율),원
2017-04-28,1130.1,원/미국달러(매매기준율),원
2017-05-02,1133.4,원/미국달러(매매기준율),원
2017-05-04,1130.7,원/미국달러(매매기준율),원
2017-05-08,1132.1,원/미국달러(매매기준율),원
2017-05-10,1132.4,원/미국달러(매매기준율),원
2017-05-11,1134.5,원/미국달러(매매기준율),원
2017-05-12,1130.4,원/미국달러(매매기준율),원
2017-05-15,1126.8,원/미국달러(매매기준율),원
2017-05-16,1125.4,원/미국달러(매매기준율),원
2017-05-17,1117.7,원/미국달러(매매기준율),원
2017-05-18,1118.4,원/미국달러(매매기준율),원
2017-05-19,1125.2,원/미국달러(매매기준율),원
2017-05-22,1127.5,원/미국달러(매매기준율),원
2017-05-23,1117.1,원/미국달러(매매기준율),원
2017-05-24,1120.6,원/미국달러(매매기준율),원
2017-05-25,1126.6,원/미국달러(매매기준율),원
2017-05-26,1118.0,원/미국달러(매매기준율),원
2017-05-29,1119.5,원/미국달러(매매기준율),원
2017-05-30,1120.1,원/미국달러(매매기준율),원
2017-05-31,1123.9,원/미국달러(매매기준율),원
2017-06-01,1121.8,원/미국달러(매매기준율),원
2017-06-02,1120.4,원/미국달러(매매기준율),원
2017-06-05,1120.9,원/미국달러(매매기준율),원
2017-06-07,1118.4,원/미국달러(매매기준율),원
2017-06-08,1122.0,원/미국달러(매매기준율),원
2017-06-09,1125.0,원/미국달러(매매기준율),원
2017-06-12,1121.6,원/미국달러(매매기준율),원
2017-06-13,1126.0,원/미국달러(매매기준율),원
2017-06-14,1128.9,원/미국달러(매매기준율),원
2017-06-15,1125.6,원/미국달러(매매기준율),원
2017-06-16,1122.8,원/미국달러(매매기준율),원
2017-06-19,1133.0,원/미국달러(매매기준율),원
2017-06-20,1131.4,원/미국달러(매매기준율),원
2017-06-21,1137.0,원/미국달러(매매기준율),원
2017-06-22,1142.2,원/미국달러(매매기준율),원
2017-06-23,1140.8,원/미국달러(매매기준율),원
2017-06-26,1140.1,원/미국달러(매매기준율),원
2017-06-27,1135.2,원/미국달러(매매기준율),원
2017-06-28,1136.4,원/미국달러(매매기준율),원
2017-06-29,1141.7,원/미국달러(매매기준율),원
2017-06-30,1139.6,원/미국달러(매매기준율),원
2017-07-03,1144.0,원/미국달러(매매기준율),원
2017-07-04,1145.0,원/미국달러(매매기준율),원
2017-07-05,1149.3,원/미국달러(매매기준율),원
2017-07-06,1149.3,원/미국달러(매매기준율),원
2017-07-07,1153.5,원/미국달러(매매기준율),원
2017-07-10,1155.8,원/미국달러(매매기준율),원
2017-07-11,1149.9,원/미국달러(매매기준율),원
2017-07-12,1150.1,원/미국달러(매매기준율),원
2017-07-13,1145.6,원/미국달러(매매기준율),원
2017-07-14,1137.5,원/미국달러(매매기준율),원
2017-07-17,1136.0,원/미국달러(매매기준율),원
2017-07-18,1128.2,원/미국달러(매매기준율),원
2017-07-19,1126.3,원/미국달러(매매기준율),원
2017-07-20,1121.8,원/미국달러(매매기준율),원
2017-07-21,1124.9,원/미국달러(매매기준율),원
2017-07-24,1121.2,원/미국달러(매매기준율),원
2017-07-25,1116.1,원/미국달러(매매기준율),원
2017-07-26,1116.1,원/미국달러(매매기준율),원
2017-07-27,1120.3,원/미국달러(매매기준율),원
2017-07-28,1112.5,원/미국달러(매매기준율),원
2017-07-31,1119.1,원/미국달러(매매기준율),원
2017-08-01,1121.9,원/미국달러(매매기준율),원
2017-08-02,1118.0,원/미국달러(매매기준율),원
2017-08-03,1123.2,원/미국달러(매매기준율),원
2017-08-04,1127.6,원/미국달러(매매기준율),원
2017-08-07,1125.4,원/미국달러(매매기준율),원
2017-08-08,1127.3,원/미국달러(매매기준율),원
2017-08-09,1125.4,원/미국달러(매매기준율),원
2017-08-10,1134.7,원/미국달러(매매기준율),원
2017-08-11,1141.1,원/미국달러(매매기준율),원
2017-08-14,1146.3,원/미국달러(매매기준율),원
2017-08-16,1138.2,원/미국달러(매매기준율),원
2017-08-17,1139.6,원/미국달러(매매기준율),원
2017-08-18,1135.9,원/미국달러(매매기준율),원
2017-08-21,1142.0,원/미국달러(매매기준율),원
2017-08-22,1138.3,원/미국달러(매매기준율),원
2017-08-23,1135.6,원/미국달러(매매기준율),원
2017-08-24,1130.9,원/미국달러(매매기준율),원
2017-08-25,1127.3,원/미국달러(매매기준율),원
2017-08-28,1129.2,원/미국달러(매매기준율),원
2017-08-29,1120.4,원/미국달러(매매기준율),원
2017-08-30,1126.2,원/미국달러(매매기준율),원
2017-08-31,1122.8,원/미국달러(매매기준율),원
2017-09-01,1125.8,원/미국달러(매매기준율),원
2017-09-04,1122.7,원/미국달러(매매기준율),원
2017-09-05,1131.5,원/미국달러(매매기준율),원
2017-09-06,1131.3,원/미국달러(매매기준율),원
2017-09-07,1133.7,원/미국달러(매매기준율),원
2017-09-08,1129.6,원/미국달러(매매기준율),원
2017-09-11,1126.8,원/미국달러(매매기준율),원
2017-09-12,1129.5,원/미국달러(매매기준율),원
2017-09-13,1129.8,원/미국달러(매매기준율),원
2017-09-14,1127.5,원/미국달러(매매기준율),원
2017-09-15,1132.5,원/미국달러(매매기준율),원
2017-09-18,1133.5,원/미국달러(매매기준율),원
2017-09-19,1127.9,원/미국달러(매매기준율),원
2017-09-20,1130.0,원/미국달러(매매기준율),원
2017-09-21,1129.1,원/미국달러(매매기준율),원
2017-09-22,1132.8,원/미국달러(매매기준율),원
2017-09-25,1136.3,원/미국달러(매매기준율),원
2017-09-26,1130.7,원/미국달러(매매기준율),원
2017-09-27,1136.3,원/미국달러(매매기준율),원
2017-09-28,1139.4,원/미국달러(매매기준율),원
2017-09-29,1146.7,원/미국달러(매매기준율),원
2017-10-10,1145.7,원/미국달러(매매기준율),원
2017-10-11,1138.2,원/미국달러(매매기준율),원
2017-10-12,1135.2,원/미국달러(매매기준율),원
2017-10-13,1133.7,원/미국달러(매매기준율),원
2017-10-16,1130.8,원/미국달러(매매기준율),원
2017-10-17,1127.3,원/미국달러(매매기준율),원
2017-10-18,1131.4,원/미국달러(매매기준율),원
2017-10-19,1130.4,원/미국달러(매매기준율),원
2017-10-20,1132.3,원/미국달러(매매기준율),원
2017-10-23,1131.9,원/미국달러(매매기준율),원
2017-10-24,1131.9,원/미국달러(매매기준율),원
2017-10-25,1128.3,원/미국달러(매매기준율),원
2017-10-26,1128.3,원/미국달러(매매기준율),원
2017-10-27,1124.7,원/미국달러(매매기준율),원
2017-10-30,1130.0,원/미국달러(매매기준율),원
2017-10-31,1125.0,원/미국달러(매매기준율),원
2017-11-01,1121.2,원/미국달러(매매기준율),원
2017-11-02,1116.8,원/미국달러(매매기준율),원
2017-11-03,1113.3,원/미국달러(매매기준율),원
2017-11-06,1112.7,원/미국달러(매매기준율),원
2017-11-07,1116.7,원/미국달러(매매기준율),원
2017-11-08,1111.6,원/미국달러(매매기준율),원
2017-11-09,1114.3,원/미국달러(매매기준율),원
2017-11-10,1114.3,원/미국달러(매매기준율),원
2017-11-13,1117.2,원/미국달러(매매기준율),원
2017-11-14,1120.7,원/미국달러(매매기준율),원
2017-11-15,1118.5,원/미국달러(매매기준율),원
2017-11-16,1114.4,원/미국달러(매매기준율),원
2017-11-17,1104.1,원/미국달러(매매기준율),원
2017-11-20,1096.1,원/미국달러(매매기준율),원
2017-11-21,1098.9,원/미국달러(매매기준율),원
2017-11-22,1097.3,원/미국달러(매매기준율),원
2017-11-23,1091.3,원/미국달러(매매기준율),원
2017-11-24,1088.2,원/미국달러(매매기준율),원
2017-11-27,1085.0,원/미국달러(매매기준율),원
2017-11-28,1087.6,원/미국달러(매매기준율),원
2017-11-29,1088.3,원/미국달러(매매기준율),원
2017-11-30,1082.4,원/미국달러(매매기준율),원
2017-12-01,1085.1,원/미국달러(매매기준율),원
2017-12-04,1087.1,원/미국달러(매매기준율),원
2017-12-05,1088.3,원/미국달러(매매기준율),원
2017-12-06,1084.3,원/미국달러(매매기준율),원
2017-12-07,1091.9,원/미국달러(매매기준율),원
2017-12-08,1092.7,원/미국달러(매매기준율),원
2017-12-11,1093.4,원/미국달러(매매기준율),원
2017-12-12,1092.4,원/미국달러(매매기준율),원
2017-12-13,1090.1,원/미국달러(매매기준율),원
2017-12-14,1091.9,원/미국달러(매매기준율),원
2017-12-15,1086.7,원/미국달러(매매기준율),원
2017-12-18,1089.3,원/미국달러(매매기준율),원
2017-12-19,1089.1,원/미국달러(매매기준율),원
2017-12-20,1086.8,원/미국달러(매매기준율),원
2017-12-21,1082.9,원/미국달러(매매기준율),원
2017-12-22,1080.6,원/미국달러(매매기준율),원
2017-12-26,1079.2,원/미국달러(매매기준율),원
2017-12-27,1077.1,원/미국달러(매매기준율),원
2017-12-28,1075.2,원/미국달러(매매기준율),원
2017-12-29,1071.4,원/미국달러(매매기준율),원
2018-01-02,1071.4,원/미국달러(매매기준율),원
2018-01-03,1064.3,원/미국달러(매매기준율),원
2018-01-04,1065.4,원/미국달러(매매기준율),원
2018-01-05,1065.5,원/미국달러(매매기준율),원
2018-01-08,1062.1,원/미국달러(매매기준율),원
2018-01-09,1065.2,원/미국달러(매매기준율),원
2018-01-10,1067.1,원/미국달러(매매기준율),원
2018-01-11,1070.7,원/미국달러(매매기준율),원
2018-01-12,1071.2,원/미국달러(매매기준율),원
2018-01-15,1064.7,원/미국달러(매매기준율),원
2018-01-16,1061.3,원/미국달러(매매기준율),원
2018-01-17,1064.0,원/미국달러(매매기준율),원
2018-01-18,1065.8,원/미국달러(매매기준율),원
2018-01-19,1069.4,원/미국달러(매매기준율),원
2018-01-22,1067.3,원/미국달러(매매기준율),원
2018-01-23,1068.9,원/미국달러(매매기준율),원
2018-01-24,1069.7,원/미국달러(매매기준율),원
2018-01-25,1070.6,원/미국달러(매매기준율),원
2018-01-26,1061.7,원/미국달러(매매기준율),원
2018-01-29,1064.8,원/미국달러(매매기준율),원
2018-01-30,1064.8,원/미국달러(매매기준율),원
2018-01-31,1071.5,원/미국달러(매매기준율),원
2018-02-01,1071.0,원/미국달러(매매기준율),원
2018-02-02,1071.1,원/미국달러(매매기준율),원
2018-02-05,1076.7,원/미국달러(매매기준율),원
2018-02-06,1089.8,원/미국달러(매매기준율),원
2018-02-07,1094.3,원/미국달러(매매기준율),원
2018-02-08,1083.3,원/미국달러(매매기준율),원
2018-02-09,1087.8,원/미국달러(매매기준율),원
2018-02-12,1092.7,원/미국달러(매매기준율),원
2018-02-13,1083.4,원/미국달러(매매기준율),원
2018-02-14,1082.8,원/미국달러(매매기준율),원
2018-02-19,1079.9,원/미국달러(매매기준율),원
2018-02-20,1068.0,원/미국달러(매매기준율),원
2018-02-21,1070.3,원/미국달러(매매기준율),원
2018-02-22,1075.3,원/미국달러(매매기준율),원
2018-02-23,1082.9,원/미국달러(매매기준율),원
2018-02-26,1078.5,원/미국달러(매매기준율),원
2018-02-27,1073.7,원/미국달러(매매기준율),원
2018-02-28,1071.0,원/미국달러(매매기준율),원
2018-03-02,1081.9,원/미국달러(매매기준율),원
2018-03-05,1081.3,원/미국달러(매매기준율),원
2018-03-06,1080.5,원/미국달러(매매기준율),원
2018-03-07,1075.4,원/미국달러(매매기준율),원
2018-03-08,1068.7,원/미국달러(매매기준율),원
2018-03-09,1068.4,원/미국달러(매매기준율),원
2018-03-12,1069.2,원/미국달러(매매기준율),원
2018-03-13,1064.3,원/미국달러(매매기준율),원
2018-03-14,1065.8,원/미국달러(매매기준율),원
2018-03-15,1065.8,원/미국달러(매매기준율),원
2018-03-16,1065.8,원/미국달러(매매기준율),원
2018-03-19,1069.6,원/미국달러(매매기준율),원
2018-03-20,1071.2,원/미국달러(매매기준율),원
2018-03-21,1071.0,원/미국달러(매매기준율),원
2018-03-22,1071.4,원/미국달러(매매기준율),원
2018-03-23,1069.2,원/미국달러(매매기준율),원
2018-03-26,1080.8,원/미국달러(매매기준율),원
2018-03-27,1081.2,원/미국달러(매매기준율),원
2018-03-28,1072.2,원/미국달러(매매기준율),원
2018-03-29,1069.4,원/미국달러(매매기준율),원
2018-03-30,1066.5,원/미국달러(매매기준율),원
2018-04-02,1064.4,원/미국달러(매매기준율),원
2018-04-03,1058.1,원/미국달러(매매기준율),원
2018-04-04,1057.8,원/미국달러(매매기준율),원
2018-04-05,1057.6,원/미국달러(매매기준율),원
2018-04-06,1059.5,원/미국달러(매매기준율),원
2018-04-09,1066.0,원/미국달러(매매기준율),원
2018-04-10,1067.5,원/미국달러(매매기준율),원
2018-04-11,1067.7,원/미국달러(매매기준율),원
2018-04-12,1066.4,원/미국달러(매매기준율),원
2018-04-13,1068.7,원/미국달러(매매기준율),원
2018-04-16,1070.0,원/미국달러(매매기준율),원
2018-04-17,1073.1,원/미국달러(매매기준율),원
2018-04-18,1068.4,원/미국달러(매매기준율),원
2018-04-19,1066.5,원/미국달러(매매기준율),원
2018-04-20,1063.5,원/미국달러(매매기준율),원
2018-04-23,1067.3,원/미국달러(매매기준율),원
2018-04-24,1068.9,원/미국달러(매매기준율),원
2018-04-25,1076.9,원/미국달러(매매기준율),원
2018-04-26,1078.7,원/미국달러(매매기준율),원
2018-04-27,1079.7,원/미국달러(매매기준율),원
2018-04-30,1076.2,원/미국달러(매매기준율),원
2018-05-02,1067.5,원/미국달러(매매기준율),원
2018-05-03,1074.9,원/미국달러(매매기준율),원
2018-05-04,1076.5,원/미국달러(매매기준율),원
2018-05-08,1076.7,원/미국달러(매매기준율),원
2018-05-09,1078.2,원/미국달러(매매기준율),원
2018-05-10,1081.3,원/미국달러(매매기준율),원
2018-05-11,1075.3,원/미국달러(매매기준율),원
2018-05-14,1068.6,원/미국달러(매매기준율),원
2018-05-15,1066.6,원/미국달러(매매기준율),원
2018-05-16,1072.6,원/미국달러(매매기준율),원
2018-05-17,1078.7,원/미국달러(매매기준율),원
2018-05-18,1079.3,원/미국달러(매매기준율),원
2018-05-21,1080.0,원/미국달러(매매기준율),원
2018-05-23,1083.8,원/미국달러(매매기준율),원
2018-05-24,1078.8,원/미국달러(매매기준율),원
2018-05-25,1079.7,원/미국달러(매매기준율),원
2018-05-28,1078.7,원/미국달러(매매기준율),원
2018-05-29,1073.2,원/미국달러(매매기준율),원
2018-05-30,1076.1,원/미국달러(매매기준율),원
2018-05-31,1081.3,원/미국달러(매매기준율),원
2018-06-01,1076.4,원/미국달러(매매기준율),원
2018-06-04,1076.0,원/미국달러(매매기준율),원
2018-06-05,1070.9,원/미국달러(매매기준율),원
2018-06-07,1069.6,원/미국달러(매매기준율),원
2018-06-08,1067.9,원/미국달러(매매기준율),원
2018-06-11,1073.2,원/미국달러(매매기준율),원
2018-06-12,1073.5,원/미국달러(매매기준율),원
2018-06-14,1075.1,원/미국달러(매매기준율),원
2018-06-15,1082.5,원/미국달러(매매기준율),원
2018-06-18,1091.4,원/미국달러(매매기준율),원
2018-06-19,1104.4,원/미국달러(매매기준율),원
2018-06-20,1105.5,원/미국달러(매매기준율),원
2018-06-21,1108.0,원/미국달러(매매기준율),원
2018-06-22,1109.0,원/미국달러(매매기준율),원
2018-06-25,1108.9,원/미국달러(매매기준율),원
2018-06-26,1116.1,원/미국달러(매매기준율),원
2018-06-27,1115.2,원/미국달러(매매기준율),원
2018-06-28,1117.9,원/미국달러(매매기준율),원
2018-06-29,1121.7,원/미국달러(매매기준율),원
2018-07-02,1117.2,원/미국달러(매매기준율),원
2018-07-03,1117.4,원/미국달러(매매기준율),원
2018-07-04,1121.1,원/미국달러(매매기준율),원
2018-07-05,1115.3,원/미국달러(매매기준율),원
2018-07-06,1118.4,원/미국달러(매매기준율),원
2018-07-09,1117.8,원/미국달러(매매기준율),원
2018-07-10,1112.3,원/미국달러(매매기준율),원
2018-07-11,1113.8,원/미국달러(매매기준율),원
2018-07-12,1120.8,원/미국달러(매매기준율),원
2018-07-13,1127.8,원/미국달러(매매기준율),원
2018-07-16,1123.4,원/미국달러(매매기준율),원
2018-07-17,1128.7,원/미국달러(매매기준율),원
2018-07-18,1125.2,원/미국달러(매매기준율),원
2018-07-19,1128.9,원/미국달러(매매기준율),원
2018-07-20,1131.2,원/미국달러(매매기준율),원
2018-07-23,1134.8,원/미국달러(매매기준율),원
2018-07-24,1128.5,원/미국달러(매매기준율),원
2018-07-25,1135.2,원/미국달러(매매기준율),원
2018-07-26,1127.5,원/미국달러(매매기준율),원
2018-07-27,1119.6,원/미국달러(매매기준율),원
2018-07-30,1120.0,원/미국달러(매매기준율),원
2018-07-31,1116.7,원/미국달러(매매기준율),원
2018-08-01,1117.9,원/미국달러(매매기준율),원
2018-08-02,1119.3,원/미국달러(매매기준율),원
2018-08-03,1122.6,원/미국달러(매매기준율),원
2018-08-06,1128.1,원/미국달러(매매기준율),원
2018-08-07,1123.5,원/미국달러(매매기준율),원
2018-08-08,1125.7,원/미국달러(매매기준율),원
2018-08-09,1118.8,원/미국달러(매매기준율),원
2018-08-10,1117.9,원/미국달러(매매기준율),원
2018-08-13,1126.3,원/미국달러(매매기준율),원
2018-08-14,1133.7,원/미국달러(매매기준율),원
2018-08-16,1132.1,원/미국달러(매매기준율),원
2018-08-17,1130.7,원/미국달러(매매기준율),원
2018-08-20,1125.6,원/미국달러(매매기준율),원
2018-08-21,1121.7,원/미국달러(매매기준율),원
2018-08-22,1118.2,원/미국달러(매매기준율),원
2018-08-23,1118.7,원/미국달러(매매기준율),원
2018-08-24,1120.8,원/미국달러(매매기준율),원
2018-08-27,1121.8,원/미국달러(매매기준율),원
2018-08-28,1114.3,원/미국달러(매매기준율),원
2018-08-29,1110.0,원/미국달러(매매기준율),원
2018-08-30,1108.8,원/미국달러(매매기준율),원
2018-08-31,1108.8,원/미국달러(매매기준율),원
2018-09-03,1113.3,원/미국달러(매매기준율),원
2018-09-04,1113.5,원/미국달러(매매기준율),원
2018-09-05,1114.2,원/미국달러(매매기준율),원
2018-09-06,1117.6,원/미국달러(매매기준율),원
2018-09-07,1121.2,원/미국달러(매매기준율),원
2018-09-10,1123.1,원/미국달러(매매기준율),원
2018-09-11,1128.1,원/미국달러(매매기준율),원
2018-09-12,1126.8,원/미국달러(매매기준율),원
2018-09-13,1127.3,원/미국달러(매매기준율),원
2018-09-14,1121.2,원/미국달러(매매기준율),원
2018-09-17,1119.2,원/미국달러(매매기준율),원
2018-09-18,1126.2,원/미국달러(매매기준율),원
2018-09-19,1126.3,원/미국달러(매매기준율),원
2018-09-20,1123.0,원/미국달러(매매기준율),원
2018-09-21,1119.9,원/미국달러(매매기준율),원
2018-09-27,1116.6,원/미국달러(매매기준율),원
2018-09-28,1112.7,원/미국달러(매매기준율),원
2018-10-01,1110.2,원/미국달러(매매기준율),원
2018-10-02,1110.9,원/미국달러(매매기준율),원
2018-10-04,1116.4,원/미국달러(매매기준율),원
2018-10-05,1128.3,원/미국달러(매매기준율),원
2018-10-08,1130.7,원/미국달러(매매기준율),원
2018-10-10,1131.7,원/미국달러(매매기준율),원
2018-10-11,1132.5,원/미국달러(매매기준율),원
2018-10-12,1142.5,원/미국달러(매매기준율),원
2018-10-15,1133.3,원/미국달러(매매기준율),원
2018-10-16,1133.4,원/미국달러(매매기준율),원
2018-10-17,1128.1,원/미국달러(매매기준율),원
2018-10-18,1125.0,원/미국달러(매매기준율),원
2018-10-19,1132.6,원/미국달러(매매기준율),원
2018-10-22,1134.3,원/미국달러(매매기준율),원
2018-10-23,1130.9,원/미국달러(매매기준율),원
2018-10-24,1135.8,원/미국달러(매매기준율),원
2018-10-25,1132.2,원/미국달러(매매기준율),원
2018-10-26,1138.5,원/미국달러(매매기준율),원
2018-10-29,1140.6,원/미국달러(매매기준율),원
2018-10-30,1138.6,원/미국달러(매매기준율),원
2018-10-31,1140.6,원/미국달러(매매기준율),원
2018-11-01,1139.2,원/미국달러(매매기준율),원
2018-11-02,1138.8,원/미국달러(매매기준율),원
2018-11-05,1125.5,원/미국달러(매매기준율),원
2018-11-06,1122.7,원/미국달러(매매기준율),원
2018-11-07,1122.5,원/미국달러(매매기준율),원
2018-11-08,1120.9,원/미국달러(매매기준율),원
2018-11-09,1118.4,원/미국달러(매매기준율),원
2018-11-12,1125.7,원/미국달러(매매기준율),원
2018-11-13,1132.0,원/미국달러(매매기준율),원
2018-11-14,1135.7,원/미국달러(매매기준율),원
2018-11-15,1132.4,원/미국달러(매매기준율),원
2018-11-16,1130.3,원/미국달러(매매기준율),원
2018-11-19,1128.7,원/미국달러(매매기준율),원
2018-11-20,1127.4,원/미국달러(매매기준율),원
2018-11-21,1127.5,원/미국달러(매매기준율),원
2018-11-22,1131.3,원/미국달러(매매기준율),원
2018-11-23,1129.0,원/미국달러(매매기준율),원
2018-11-26,1130.5,원/미국달러(매매기준율),원
2018-11-27,1129.9,원/미국달러(매매기준율),원
2018-11-28,1129.7,원/미국달러(매매기준율),원
2018-11-29,1128.9,원/미국달러(매매기준율),원
2018-11-30,1121.8,원/미국달러(매매기준율),원
2018-12-03,1120.3,원/미국달러(매매기준율),원
2018-12-04,1113.7,원/미국달러(매매기준율),원
2018-12-05,1109.8,원/미국달러(매매기준율),원
2018-12-06,1113.6,원/미국달러(매매기준율),원
2018-12-07,1117.8,원/미국달러(매매기준율),원
2018-12-10,1118.2,원/미국달러(매매기준율),원
2018-12-11,1124.7,원/미국달러(매매기준율),원
2018-12-12,1129.4,원/미국달러(매매기준율),원
2018-12-13,1127.6,원/미국달러(매매기준율),원
2018-12-14,1124.0,원/미국달러(매매기준율),원
2018-12-17,1129.2,원/미국달러(매매기준율),원
2018-12-18,1131.6,원/미국달러(매매기준율),원
2018-12-19,1129.9,원/미국달러(매매기준율),원
2018-12-20,1125.1,원/미국달러(매매기준율),원
2018-12-21,1128.9,원/미국달러(매매기준율),원
2018-12-24,1123.9,원/미국달러(매매기준율),원
2018-12-26,1125.2,원/미국달러(매매기준율),원
2018-12-27,1125.6,원/미국달러(매매기준율),원
2018-12-28,1121.3,원/미국달러(매매기준율),원
2018-12-31,1118.1,원/미국달러(매매기준율),원
2019-01-02,1118.1,원/미국달러(매매기준율),원
2019-01-03,1119.0,원/미국달러(매매기준율),원
2019-01-04,1127.5,원/미국달러(매매기준율),원
2019-01-07,1125.2,원/미국달러(매매기준율),원
2019-01-08,1118.0,원/미국달러(매매기준율),원
2019-01-09,1121.7,원/미국달러(매매기준율),원
2019-01-10,1121.6,원/미국달러(매매기준율),원
2019-01-11,1118.9,원/미국달러(매매기준율),원
2019-01-14,1117.6,원/미국달러(매매기준율),원
2019-01-15,1121.4,원/미국달러(매매기준율),원
2019-01-16,1120.1,원/미국달러(매매기준율),원
2019-01-17,1122.0,원/미국달러(매매기준율),원
2019-01-18,1121.4,원/미국달러(매매기준율),원
2019-01-21,1121.3,원/미국달러(매매기준율),원
2019-01-22,1126.5,원/미국달러(매매기준율),원
2019-01-23,1130.2,원/미국달러(매매기준율),원
2019-01-24,1128.2,원/미국달러(매매기준율),원
2019-01-25,1128.0,원/미국달러(매매기준율),원
2019-01-28,1125.1,원/미국달러(매매기준율),원
2019-01-29,1116.9,원/미국달러(매매기준율),원
2019-01-30,1118.1,원/미국달러(매매기준율),원
2019-01-31,1117.2,원/미국달러(매매기준율),원
2019-02-01,1111.6,원/미국달러(매매기준율),원
2019-02-07,1116.8,원/미국달러(매매기준율),원
2019-02-08,1123.4,원/미국달러(매매기준율),원
2019-02-11,1124.5,원/미국달러(매매기준율),원
2019-02-12,1124.5,원/미국달러(매매기준율),원
2019-02-13,1124.6,원/미국달러(매매기준율),원
2019-02-14,1121.7,원/미국달러(매매기준율),원
2019-02-15,1125.0,원/미국달러(매매기준율),원
2019-02-18,1127.7,원/미국달러(매매기준율),원
2019-02-19,1124.7,원/미국달러(매매기준율),원
2019-02-20,1127.5,원/미국달러(매매기준율),원
2019-02-21,1122.6,원/미국달러(매매기준율),원
2019-02-22,1124.4,원/미국달러(매매기준율),원
2019-02-25,1125.7,원/미국달러(매매기준율),원
2019-02-26,1120.8,원/미국달러(매매기준율),원
2019-02-27,1118.3,원/미국달러(매매기준율),원
2019-02-28,1117.8,원/미국달러(매매기준율),원
2019-03-04,1119.9,원/미국달러(매매기준율),원
2019-03-05,1125.0,원/미국달러(매매기준율),원
2019-03-06,1125.8,원/미국달러(매매기준율),원
2019-03-07,1127.8,원/미국달러(매매기준율),원
2019-03-08,1128.3,원/미국달러(매매기준율),원
2019-03-11,1134.0,원/미국달러(매매기준율),원
2019-03-12,1134.5,원/미국달러(매매기준율),원
2019-03-13,1128.7,원/미국달러(매매기준율),원
2019-03-14,1131.5,원/미국달러(매매기준율),원
2019-03-15,1132.7,원/미국달러(매매기준율),원
2019-03-18,1136.1,원/미국달러(매매기준율),원
2019-03-19,1133.7,원/미국달러(매매기준율),원
2019-03-20,1130.9,원/미국달러(매매기준율),원
2019-03-21,1130.4,원/미국달러(매매기준율),원
2019-03-22,1125.8,원/미국달러(매매기준율),원
2019-03-25,1129.8,원/미국달러(매매기준율),원
2019-03-26,1134.9,원/미국달러(매매기준율),원
2019-03-27,1132.1,원/미국달러(매매기준율),원
2019-03-28,1134.7,원/미국달러(매매기준율),원
2019-03-29,1137.8,원/미국달러(매매기준율),원
2019-04-01,1136.1,원/미국달러(매매기준율),원
2019-04-02,1132.7,원/미국달러(매매기준율),원
2019-04-03,1135.8,원/미국달러(매매기준율),원
2019-04-04,1134.9,원/미국달러(매매기준율),원
2019-04-05,1135.5,원/미국달러(매매기준율),원
2019-04-08,1136.4,원/미국달러(매매기준율),원
2019-04-09,1141.4,원/미국달러(매매기준율),원
2019-04-10,1142.8,원/미국달러(매매기준율),원
2019-04-11,1141.2,원/미국달러(매매기준율),원
2019-04-12,1139.2,원/미국달러(매매기준율),원
2019-04-15,1140.5,원/미국달러(매매기준율),원
2019-04-16,1133.9,원/미국달러(매매기준율),원
2019-04-17,1135.7,원/미국달러(매매기준율),원
2019-04-18,1136.1,원/미국달러(매매기준율),원
2019-04-19,1136.2,원/미국달러(매매기준율),원
2019-04-22,1137.1,원/미국달러(매매기준율),원
2019-04-23,1140.8,원/미국달러(매매기준율),원
2019-04-24,1141.1,원/미국달러(매매기준율),원
2019-04-25,1146.9,원/미국달러(매매기준율),원
2019-04-26,1158.7,원/미국달러(매매기준율),원
2019-04-29,1159.7,원/미국달러(매매기준율),원
2019-04-30,1158.2,원/미국달러(매매기준율),원
2019-05-02,1163.8,원/미국달러(매매기준율),원
2019-05-03,1163.9,원/미국달러(매매기준율),원
2019-05-07,1169.4,원/미국달러(매매기준율),원
2019-05-08,1169.8,원/미국달러(매매기준율),원
2019-05-09,1169.9,원/미국달러(매매기준율),원
2019-05-10,1175.8,원/미국달러(매매기준율),원
2019-05-13,1178.1,원/미국달러(매매기준율),원
2019-05-14,1183.1,원/미국달러(매매기준율),원
2019-05-15,1187.0,원/미국달러(매매기준율),원
2019-05-16,1189.4,원/미국달러(매매기준율),원
2019-05-17,1189.8,원/미국달러(매매기준율),원
2019-05-20,1192.7,원/미국달러(매매기준율),원
2019-05-21,1192.9,원/미국달러(매매기준율),원
2019-05-22,1193.3,원/미국달러(매매기준율),원
2019-05-23,1194.6,원/미국달러(매매기준율),원
2019-05-24,1191.2,원/미국달러(매매기준율),원
2019-05-27,1189.6,원/미국달러(매매기준율),원
2019-05-28,1184.1,원/미국달러(매매기준율),원
2019-05-29,1187.6,원/미국달러(매매기준율),원
2019-05-30,1193.1,원/미국달러(매매기준율),원
2019-05-31,1190.0,원/미국달러(매매기준율),원
2019-06-03,1191.2,원/미국달러(매매기준율),원
2019-06-04,1183.0,원/미국달러(매매기준율),원
2019-06-05,1181.5,원/미국달러(매매기준율),원
2019-06-07,1179.8,원/미국달러(매매기준율),원
2019-06-10,1179.5,원/미국달러(매매기준율),원
2019-06-11,1184.0,원/미국달러(매매기준율),원
2019-06-12,1181.7,원/미국달러(매매기준율),원
2019-06-13,1181.7,원/미국달러(매매기준율),원
2019-06-14,1184.7,원/미국달러(매매기준율),원
2019-06-17,1184.0,원/미국달러(매매기준율),원
2019-06-18,1186.3,원/미국달러(매매기준율),원
2019-06-19,1185.0,원/미국달러(매매기준율),원
2019-06-20,1177.0,원/미국달러(매매기준율),원
2019-06-21,1167.7,원/미국달러(매매기준율),원
2019-06-24,1162.0,원/미국달러(매매기준율),원
2019-06-25,1157.9,원/미국달러(매매기준율),원
2019-06-26,1154.7,원/미국달러(매매기준율),원
2019-06-27,1158.2,원/미국달러(매매기준율),원
2019-06-28,1156.8,원/미국달러(매매기준율),원
2019-07-01,1156.4,원/미국달러(매매기준율),원
2019-07-02,1155.4,원/미국달러(매매기준율),원
2019-07-03,1164.8,원/미국달러(매매기준율),원
2019-07-04,1170.4,원/미국달러(매매기준율),원
2019-07-05,1169.2,원/미국달러(매매기준율),원
2019-07-08,1170.4,원/미국달러(매매기준율),원
2019-07-09,1178.5,원/미국달러(매매기준율),원
2019-07-10,1179.9,원/미국달러(매매기준율),원
2019-07-11,1181.4,원/미국달러(매매기준율),원
2019-07-12,1173.8,원/미국달러(매매기준율),원
2019-07-15,1177.3,원/미국달러(매매기준율),원
2019-07-16,1179.2,원/미국달러(매매기준율),원
2019-07-17,1178.5,원/미국달러(매매기준율),원
2019-07-18,1180.4,원/미국달러(매매기준율),원
2019-07-19,1179.5,원/미국달러(매매기준율),원
2019-07-22,1173.4,원/미국달러(매매기준율),원
2019-07-23,1177.6,원/미국달러(매매기준율),원
2019-07-24,1178.4,원/미국달러(매매기준율),원
2019-07-25,1178.2,원/미국달러(매매기준율),원
2019-07-26,1179.8,원/미국달러(매매기준율),원
2019-07-29,1184.2,원/미국달러(매매기준율),원
2019-07-30,1183.4,원/미국달러(매매기준율),원
2019-07-31,1182.0,원/미국달러(매매기준율),원
2019-08-01,1181.9,원/미국달러(매매기준율),원
2019-08-02,1188.5,원/미국달러(매매기준율),원
2019-08-05,1194.8,원/미국달러(매매기준율),원
2019-08-06,1211.8,원/미국달러(매매기준율),원
2019-08-07,1214.3,원/미국달러(매매기준율),원
2019-08-08,1214.5,원/미국달러(매매기준율),원
2019-08-09,1211.3,원/미국달러(매매기준율),원
2019-08-12,1209.7,원/미국달러(매매기준율),원
2019-08-13,1215.6,원/미국달러(매매기준율),원
2019-08-14,1218.9,원/미국달러(매매기준율),원
2019-08-16,1211.7,원/미국달러(매매기준율),원
2019-08-19,1213.3,원/미국달러(매매기준율),원
2019-08-20,1210.7,원/미국달러(매매기준율),원
2019-08-21,1210.2,원/미국달러(매매기준율),원
2019-08-22,1204.0,원/미국달러(매매기준율),원
2019-08-23,1205.1,원/미국달러(매매기준율),원
2019-08-26,1212.2,원/미국달러(매매기준율),원
2019-08-27,1218.2,원/미국달러(매매기준율),원
2019-08-28,1213.1,원/미국달러(매매기준율),원
2019-08-29,1213.5,원/미국달러(매매기준율),원
2019-08-30,1215.2,원/미국달러(매매기준율),원
2019-09-02,1209.6,원/미국달러(매매기준율),원
2019-09-03,1211.9,원/미국달러(매매기준율),원
2019-09-04,1215.2,원/미국달러(매매기준율),원
2019-09-05,1209.7,원/미국달러(매매기준율),원
2019-09-06,1199.6,원/미국달러(매매기준율),원
2019-09-09,1196.9,원/미국달러(매매기준율),원
2019-09-10,1192.4,원/미국달러(매매기준율),원
2019-09-11,1191.9,원/미국달러(매매기준율),원
2019-09-16,1191.4,원/미국달러(매매기준율),원
2019-09-17,1184.0,원/미국달러(매매기준율),원
2019-09-18,1188.3,원/미국달러(매매기준율),원
2019-09-19,1190.5,원/미국달러(매매기준율),원
2019-09-20,1195.1,원/미국달러(매매기준율),원
2019-09-23,1191.1,원/미국달러(매매기준율),원
2019-09-24,1193.1,원/미국달러(매매기준율),원
2019-09-25,1194.0,원/미국달러(매매기준율),원
2019-09-26,1198.3,원/미국달러(매매기준율),원
2019-09-27,1199.1,원/미국달러(매매기준율),원
2019-09-30,1201.3,원/미국달러(매매기준율),원
2019-10-01,1199.2,원/미국달러(매매기준율),원
2019-10-02,1198.2,원/미국달러(매매기준율),원
2019-10-04,1203.7,원/미국달러(매매기준율),원
2019-10-07,1197.0,원/미국달러(매매기준율),원
2019-10-08,1196.5,원/미국달러(매매기준율),원
2019-10-10,1194.7,원/미국달러(매매기준율),원
2019-10-11,1196.1,원/미국달러(매매기준율),원
2019-10-14,1189.3,원/미국달러(매매기준율),원
2019-10-15,1183.7,원/미국달러(매매기준율),원
2019-10-16,1184.1,원/미국달러(매매기준율),원
2019-10-17,1187.0,원/미국달러(매매기준율),원
2019-10-18,1186.6,원/미국달러(매매기준율),원
2019-10-21,1180.5,원/미국달러(매매기준율),원
2019-10-22,1175.4,원/미국달러(매매기준율),원
2019-10-23,1171.4,원/미국달러(매매기준율),원
2019-10-24,1173.7,원/미국달러(매매기준율),원
2019-10-25,1171.0,원/미국달러(매매기준율),원
2019-10-28,1174.2,원/미국달러(매매기준율),원
2019-10-29,1169.6,원/미국달러(매매기준율),원
2019-10-30,1166.5,원/미국달러(매매기준율),원
2019-10-31,1168.4,원/미국달러(매매기준율),원
2019-11-01,1161.7,원/미국달러(매매기준율),원
2019-11-04,1167.6,원/미국달러(매매기준율),원
2019-11-05,1160.4,원/미국달러(매매기준율),원
2019-11-06,1160.1,원/미국달러(매매기준율),원
2019-11-07,1157.5,원/미국달러(매매기준율),원
2019-11-08,1160.6,원/미국달러(매매기준율),원
2019-11-11,1156.1,원/미국달러(매매기준율),원
2019-11-12,1161.3,원/미국달러(매매기준율),원
2019-11-13,1163.5,원/미국달러(매매기준율),원
2019-11-14,1167.6,원/미국달러(매매기준율),원
2019-11-15,1170.4,원/미국달러(매매기준율),원
2019-11-18,1166.3,원/미국달러(매매기준율),원
2019-11-19,1164.5,원/미국달러(매매기준율),원
2019-11-20,1168.6,원/미국달러(매매기준율),원
2019-11-21,1170.1,원/미국달러(매매기준율),원
2019-11-22,1176.5,원/미국달러(매매기준율),원
2019-11-25,1177.8,원/미국달러(매매기준율),원
2019-11-26,1176.2,원/미국달러(매매기준율),원
2019-11-27,1174.4,원/미국달러(매매기준율),원
2019-11-28,1176.0,원/미국달러(매매기준율),원
2019-11-29,1179.3,원/미국달러(매매기준율),원
2019-12-02,1180.3,원/미국달러(매매기준율),원
2019-12-03,1180.4,원/미국달러(매매기준율),원
2019-12-04,1186.2,원/미국달러(매매기준율),원
2019-12-05,1193.7,원/미국달러(매매기준율),원
2019-12-06,1190.2,원/미국달러(매매기준율),원
2019-12-09,1189.7,원/미국달러(매매기준율),원
2019-12-10,1189.3,원/미국달러(매매기준율),원
2019-12-11,1192.0,원/미국달러(매매기준율),원
2019-12-12,1193.3,원/미국달러(매매기준율),원
2019-12-13,1188.6,원/미국달러(매매기준율),원
2019-12-16,1171.7,원/미국달러(매매기준율),원
2019-12-17,1172.9,원/미국달러(매매기준율),원
2019-12-18,1166.7,원/미국달러(매매기준율),원
2019-12-19,1165.3,원/미국달러(매매기준율),원
2019-12-20,1164.5,원/미국달러(매매기준율),원
2019-12-23,1162.6,원/미국달러(매매기준율),원
2019-12-24,1161.7,원/미국달러(매매기준율),원
2019-12-26,1163.7,원/미국달러(매매기준율),원
2019-12-27,1161.2,원/미국달러(매매기준율),원
2019-12-30,1160.9,원/미국달러(매매기준율),원
2019-12-31,1157.8,원/미국달러(매매기준율),원
2020-01-02,1157.8,원/미국달러(매매기준율),원
2020-01-03,1156.9,원/미국달러(매매기준율),원
2020-01-06,1162.7,원/미국달러(매매기준율),원
2020-01-07,1169.6,원/미국달러(매매기준율),원
2020-01-08,1165.3,원/미국달러(매매기준율),원
2020-01-09,1174.1,원/미국달러(매매기준율),원
2020-01-10,1160.0,원/미국달러(매매기준율),원
2020-01-13,1161.1,원/미국달러(매매기준율),원
2020-01-14,1155.7,원/미국달러(매매기준율),원
2020-01-15,1153.1,원/미국달러(매매기준율),원
2020-01-16,1158.8,원/미국달러(매매기준율),원
2020-01-17,1159.6,원/미국달러(매매기준율),원
2020-01-20,1158.8,원/미국달러(매매기준율),원
2020-01-21,1158.8,원/미국달러(매매기준율),원
2020-01-22,1164.7,원/미국달러(매매기준율),원
2020-01-23,1165.1,원/미국달러(매매기준율),원
2020-01-28,1167.2,원/미국달러(매매기준율),원
2020-01-29,1176.7,원/미국달러(매매기준율),원
2020-01-30,1176.0,원/미국달러(매매기준율),원
2020-01-31,1183.5,원/미국달러(매매기준율),원
2020-02-03,1187.8,원/미국달러(매매기준율),원
2020-02-04,1196.0,원/미국달러(매매기준율),원
2020-02-05,1189.4,원/미국달러(매매기준율),원
2020-02-06,1188.5,원/미국달러(매매기준율),원
2020-02-07,1181.4,원/미국달러(매매기준율),원
2020-02-10,1187.2,원/미국달러(매매기준율),원
2020-02-11,1189.8,원/미국달러(매매기준율),원
2020-02-12,1184.1,원/미국달러(매매기준율),원
2020-02-13,1179.8,원/미국달러(매매기준율),원
2020-02-14,1181.5,원/미국달러(매매기준율),원
2020-02-17,1183.5,원/미국달러(매매기준율),원
2020-02-18,1182.2,원/미국달러(매매기준율),원
2020-02-19,1188.1,원/미국달러(매매기준율),원
2020-02-20,1190.8,원/미국달러(매매기준율),원
2020-02-21,1197.0,원/미국달러(매매기준율),원
2020-02-24,1205.6,원/미국달러(매매기준율),원
2020-02-25,1217.7,원/미국달러(매매기준율),원
2020-02-26,1212.7,원/미국달러(매매기준율),원
2020-02-27,1216.8,원/미국달러(매매기준율),원
2020-02-28,1215.9,원/미국달러(매매기준율),원
2020-03-02,1215.3,원/미국달러(매매기준율),원
2020-03-03,1200.3,원/미국달러(매매기준율),원
2020-03-04,1191.4,원/미국달러(매매기준율),원
2020-03-05,1186.4,원/미국달러(매매기준율),원
2020-03-06,1185.0,원/미국달러(매매기준율),원
2020-03-09,1191.4,원/미국달러(매매기준율),원
2020-03-10,1201.4,원/미국달러(매매기준율),원
2020-03-11,1196.7,원/미국달러(매매기준율),원
2020-03-12,1192.8,원/미국달러(매매기준율),원
2020-03-13,1202.0,원/미국달러(매매기준율),원
2020-03-16,1222.2,원/미국달러(매매기준율),원
2020-03-17,1219.6,원/미국달러(매매기준율),원
2020-03-18,1241.2,원/미국달러(매매기준율),원
2020-03-19,1237.8,원/미국달러(매매기준율),원
2020-03-20,1280.1,원/미국달러(매매기준율),원
2020-03-23,1254.1,원/미국달러(매매기준율),원
2020-03-24,1274.6,원/미국달러(매매기준율),원
2020-03-25,1256.0,원/미국달러(매매기준율),원
2020-03-26,1230.7,원/미국달러(매매기준율),원
2020-03-27,1227.9,원/미국달러(매매기준율),원
2020-03-30,1212.4,원/미국달러(매매기준율),원
2020-03-31,1222.6,원/미국달러(매매기준율),원
2020-04-01,1220.0,원/미국달러(매매기준율),원
2020-04-02,1222.2,원/미국달러(매매기준율),원
2020-04-03,1237.6,원/미국달러(매매기준율),원
2020-04-06,1229.8,원/미국달러(매매기준율),원
2020-04-07,1233.4,원/미국달러(매매기준율),원
2020-04-08,1222.4,원/미국달러(매매기준율),원
2020-04-09,1219.7,원/미국달러(매매기준율),원
2020-04-10,1216.4,원/미국달러(매매기준율),원
2020-04-13,1212.3,원/미국달러(매매기준율),원
2020-04-14,1218.7,원/미국달러(매매기준율),원
2020-04-16,1216.7,원/미국달러(매매기준율),원
2020-04-17,1227.5,원/미국달러(매매기준율),원
2020-04-20,1219.3,원/미국달러(매매기준율),원
2020-04-21,1218.7,원/미국달러(매매기준율),원
2020-04-22,1231.3,원/미국달러(매매기준율),원
2020-04-23,1235.2,원/미국달러(매매기준율),원
2020-04-24,1232.0,원/미국달러(매매기준율),원
2020-04-27,1235.8,원/미국달러(매매기준율),원
2020-04-28,1230.3,원/미국달러(매매기준율),원
2020-04-29,1225.2,원/미국달러(매매기준율),원
2020-05-04,1218.5,원/미국달러(매매기준율),원
2020-05-06,1227.8,원/미국달러(매매기준율),원
2020-05-07,1223.3,원/미국달러(매매기준율),원
2020-05-08,1226.5,원/미국달러(매매기준율),원
2020-05-11,1217.7,원/미국달러(매매기준율),원
2020-05-12,1217.8,원/미국달러(매매기준율),원
2020-05-13,1226.7,원/미국달러(매매기준율),원
2020-05-14,1226.3,원/미국달러(매매기준율),원
2020-05-15,1227.9,원/미국달러(매매기준율),원
2020-05-18,1229.3,원/미국달러(매매기준율),원
2020-05-19,1231.6,원/미국달러(매매기준율),원
2020-05-20,1224.5,원/미국달러(매매기준율),원
2020-05-21,1227.8,원/미국달러(매매기준율),원
2020-05-22,1230.7,원/미국달러(매매기준율),원
2020-05-25,1236.2,원/미국달러(매매기준율),원
2020-05-26,1242.0,원/미국달러(매매기준율),원
2020-05-27,1237.1,원/미국달러(매매기준율),원
2020-05-28,1233.7,원/미국달러(매매기준율),원
2020-05-29,1239.4,원/미국달러(매매기준율),원
2020-06-01,1237.6,원/미국달러(매매기준율),원
2020-06-02,1227.8,원/미국달러(매매기준율),원
2020-06-03,1224.1,원/미국달러(매매기준율),원
2020-06-04,1216.9,원/미국달러(매매기준율),원
2020-06-05,1217.4,원/미국달러(매매기준율),원
2020-06-08,1213.1,원/미국달러(매매기준율),원
2020-06-09,1204.2,원/미국달러(매매기준율),원
2020-06-10,1197.7,원/미국달러(매매기준율),원
2020-06-11,1194.4,원/미국달러(매매기준율),원
2020-06-12,1192.8,원/미국달러(매매기준율),원
2020-06-15,1206.6,원/미국달러(매매기준율),원
2020-06-16,1210.8,원/미국달러(매매기준율),원
2020-06-17,1206.6,원/미국달러(매매기준율),원
2020-06-18,1214.5,원/미국달러(매매기준율),원
2020-06-19,1213.0,원/미국달러(매매기준율),원
2020-06-22,1212.0,원/미국달러(매매기준율),원
2020-06-23,1213.2,원/미국달러(매매기준율),원
2020-06-24,1210.1,원/미국달러(매매기준율),원
2020-06-25,1202.9,원/미국달러(매매기준율),원
2020-06-26,1205.2,원/미국달러(매매기준율),원
2020-06-29,1198.6,원/미국달러(매매기준율),원
2020-06-30,1200.7,원/미국달러(매매기준율),원
2020-07-01,1198.5,원/미국달러(매매기준율),원
2020-07-02,1201.6,원/미국달러(매매기준율),원
2020-07-03,1201.0,원/미국달러(매매기준율),원
2020-07-06,1200.4,원/미국달러(매매기준율),원
2020-07-07,1196.8,원/미국달러(매매기준율),원
2020-07-08,1192.9,원/미국달러(매매기준율),원
2020-07-09,1195.8,원/미국달러(매매기준율),원
2020-07-10,1194.5,원/미국달러(매매기준율),원
2020-07-13,1202.4,원/미국달러(매매기준율),원
2020-07-14,1200.3,원/미국달러(매매기준율),원
2020-07-15,1206.4,원/미국달러(매매기준율),원
2020-07-16,1200.7,원/미국달러(매매기준율),원
2020-07-17,1204.1,원/미국달러(매매기준율),원
2020-07-20,1205.7,원/미국달러(매매기준율),원
2020-07-21,1203.7,원/미국달러(매매기준율),원
2020-07-22,1198.1,원/미국달러(매매기준율),원
2020-07-23,1193.7,원/미국달러(매매기준율),원
2020-07-24,1198.5,원/미국달러(매매기준율),원
2020-07-27,1201.3,원/미국달러(매매기준율),원
2020-07-28,1196.6,원/미국달러(매매기준율),원
2020-07-29,1195.1,원/미국달러(매매기준율),원
2020-07-30,1195.2,원/미국달러(매매기준율),원
2020-07-31,1191.4,원/미국달러(매매기준율),원
2020-08-03,1189.1,원/미국달러(매매기준율),원
2020-08-04,1193.7,원/미국달러(매매기준율),원
2020-08-05,1193.5,원/미국달러(매매기준율),원
2020-08-06,1190.3,원/미국달러(매매기준율),원
2020-08-07,1184.3,원/미국달러(매매기준율),원
2020-08-10,1185.9,원/미국달러(매매기준율),원
2020-08-11,1186.7,원/미국달러(매매기준율),원
2020-08-12,1184.9,원/미국달러(매매기준율),원
2020-08-13,1186.0,원/미국달러(매매기준율),원
2020-08-14,1183.6,원/미국달러(매매기준율),원
2020-08-18,1185.8,원/미국달러(매매기준율),원
2020-08-19,1185.1,원/미국달러(매매기준율),원
2020-08-20,1182.3,원/미국달러(매매기준율),원
2020-08-21,1186.3,원/미국달러(매매기준율),원
2020-08-24,1185.3,원/미국달러(매매기준율),원
2020-08-25,1190.0,원/미국달러(매매기준율),원
2020-08-26,1186.3,원/미국달러(매매기준율),원
2020-08-27,1187.0,원/미국달러(매매기준율),원
2020-08-28,1185.7,원/미국달러(매매기준율),원
2020-08-31,1185.1,원/미국달러(매매기준율),원
2020-09-01,1183.3,원/미국달러(매매기준율),원
2020-09-02,1184.6,원/미국달러(매매기준율),원
2020-09-03,1186.2,원/미국달러(매매기준율),원
2020-09-04,1187.5,원/미국달러(매매기준율),원
2020-09-07,1190.2,원/미국달러(매매기준율),원
2020-09-08,1187.2,원/미국달러(매매기준율),원
2020-09-09,1187.9,원/미국달러(매매기준율),원
2020-09-10,1189.6,원/미국달러(매매기준율),원
2020-09-11,1185.3,원/미국달러(매매기준율),원
2020-09-14,1188.3,원/미국달러(매매기준율),원
2020-09-15,1184.2,원/미국달러(매매기준율),원
2020-09-16,1180.5,원/미국달러(매매기준율),원
2020-09-17,1177.8,원/미국달러(매매기준율),원
2020-09-18,1175.4,원/미국달러(매매기준율),원
2020-09-21,1163.6,원/미국달러(매매기준율),원
2020-09-22,1160.6,원/미국달러(매매기준율),원
2020-09-23,1163.9,원/미국달러(매매기준율),원
2020-09-24,1164.4,원/미국달러(매매기준율),원
2020-09-25,1170.3,원/미국달러(매매기준율),원
2020-09-28,1170.5,원/미국달러(매매기준율),원
2020-09-29,1173.5,원/미국달러(매매기준율),원
2020-10-05,1169.5,원/미국달러(매매기준율),원
2020-10-06,1163.4,원/미국달러(매매기준율),원
2020-10-07,1160.0,원/미국달러(매매기준율),원
2020-10-08,1162.5,원/미국달러(매매기준율),원
2020-10-12,1156.2,원/미국달러(매매기준율),원
2020-10-13,1148.3,원/미국달러(매매기준율),원
2020-10-14,1149.5,원/미국달러(매매기준율),원
2020-10-15,1145.7,원/미국달러(매매기준율),원
2020-10-16,1144.6,원/미국달러(매매기준율),원
2020-10-19,1145.6,원/미국달러(매매기준율),원
2020-10-20,1142.2,원/미국달러(매매기준율),원
2020-10-21,1139.7,원/미국달러(매매기준율),원
2020-10-22,1133.7,원/미국달러(매매기준율),원
2020-10-23,1134.1,원/미국달러(매매기준율),원
2020-10-26,1134.6,원/미국달러(매매기준율),원
2020-10-27,1129.1,원/미국달러(매매기준율),원
2020-10-28,1127.6,원/미국달러(매매기준율),원
2020-10-29,1129.3,원/미국달러(매매기준율),원
2020-10-30,1133.4,원/미국달러(매매기준율),원
2020-11-02,1130.4,원/미국달러(매매기준율),원
2020-11-03,1134.7,원/미국달러(매매기준율),원
2020-11-04,1134.6,원/미국달러(매매기준율),원
2020-11-05,1136.5,원/미국달러(매매기준율),원
2020-11-06,1130.9,원/미국달러(매매기준율),원
2020-11-09,1124.4,원/미국달러(매매기준율),원
2020-11-10,1115.6,원/미국달러(매매기준율),원
2020-11-11,1115.9,원/미국달러(매매기준율),원
2020-11-12,1112.4,원/미국달러(매매기준율),원
2020-11-13,1113.2,원/미국달러(매매기준율),원
2020-11-16,1115.1,원/미국달러(매매기준율),원
2020-11-17,1108.0,원/미국달러(매매기준율),원
2020-11-18,1106.8,원/미국달러(매매기준율),원
2020-11-19,1105.9,원/미국달러(매매기준율),원
2020-11-20,1112.2,원/미국달러(매매기준율),원
2020-11-23,1114.2,원/미국달러(매매기준율),원
2020-11-24,1112.6,원/미국달러(매매기준율),원
2020-11-25,1111.2,원/미국달러(매매기준율),원
2020-11-26,1107.2,원/미국달러(매매기준율),원
2020-11-27,1105.8,원/미국달러(매매기준율),원
2020-11-30,1104.4,원/미국달러(매매기준율),원
2020-12-01,1104.9,원/미국달러(매매기준율),원
2020-12-02,1107.1,원/미국달러(매매기준율),원
2020-12-03,1103.3,원/미국달러(매매기준율),원
2020-12-04,1098.1,원/미국달러(매매기준율),원
2020-12-07,1086.6,원/미국달러(매매기준율),원
2020-12-08,1082.7,원/미국달러(매매기준율),원
2020-12-09,1084.4,원/미국달러(매매기준율),원
2020-12-10,1083.6,원/미국달러(매매기준율),원
2020-12-11,1086.2,원/미국달러(매매기준율),원
2020-12-14,1089.3,원/미국달러(매매기준율),원
2020-12-15,1090.8,원/미국달러(매매기준율),원
2020-12-16,1093.2,원/미국달러(매매기준율),원
2020-12-17,1092.2,원/미국달러(매매기준율),원
2020-12-18,1092.8,원/미국달러(매매기준율),원
2020-12-21,1097.9,원/미국달러(매매기준율),원
2020-12-22,1101.2,원/미국달러(매매기준율),원
2020-12-23,1106.6,원/미국달러(매매기준율),원
2020-12-24,1108.9,원/미국달러(매매기준율),원
2020-12-28,1103.7,원/미국달러(매매기준율),원
2020-12-29,1098.2,원/미국달러(매매기준율),원
2020-12-30,1093.2,원/미국달러(매매기준율),원
2020-12-31,1088.0,원/미국달러(매매기준율),원
2021-01-04,1088.0,원/미국달러(매매기준율),원
2021-01-05,1083.1,원/미국달러(매매기준율),원
2021-01-06,1086.1,원/미국달러(매매기준율),원
2021-01-07,1086.8,원/미국달러(매매기준율),원
2021-01-08,1087.7,원/미국달러(매매기준율),원
2021-01-11,1094.4,원/미국달러(매매기준율),원
2021-01-12,1097.8,원/미국달러(매매기준율),원
2021-01-13,1099.9,원/미국달러(매매기준율),원
2021-01-14,1095.0,원/미국달러(매매기준율),원
2021-01-15,1100.3,원/미국달러(매매기준율),원
2021-01-18,1097.9,원/미국달러(매매기준율),원
2021-01-19,1104.4,원/미국달러(매매기준율),원
2021-01-20,1102.1,원/미국달러(매매기준율),원
2021-01-21,1100.0,원/미국달러(매매기준율),원
2021-01-22,1099.2,원/미국달러(매매기준율),원
2021-01-25,1102.3,원/미국달러(매매기준율),원
2021-01-26,1103.2,원/미국달러(매매기준율),원
2021-01-27,1103.0,원/미국달러(매매기준율),원
2021-01-28,1104.0,원/미국달러(매매기준율),원
2021-01-29,1114.6,원/미국달러(매매기준율),원
2021-02-01,1117.2,원/미국달러(매매기준율),원
2021-02-02,1118.0,원/미국달러(매매기준율),원
2021-02-03,1116.6,원/미국달러(매매기준율),원
2021-02-04,1114.0,원/미국달러(매매기준율),원
2021-02-05,1116.7,원/미국달러(매매기준율),원
2021-02-08,1124.0,원/미국달러(매매기준율),원
2021-02-09,1119.1,원/미국달러(매매기준율),원
2021-02-10,1116.0,원/미국달러(매매기준율),원
2021-02-15,1110.1,원/미국달러(매매기준율),원
2021-02-16,1103.1,원/미국달러(매매기준율),원
2021-02-17,1099.7,원/미국달러(매매기준율),원
2021-02-18,1107.7,원/미국달러(매매기준율),원
2021-02-19,1105.7,원/미국달러(매매기준율),원
2021-02-22,1107.1,원/미국달러(매매기준율),원
2021-02-23,1106.5,원/미국달러(매매기준율),원
2021-02-24,1110.8,원/미국달러(매매기준율),원
2021-02-25,1110.2,원/미국달러(매매기준율),원
2021-02-26,1108.4,원/미국달러(매매기준율),원
2021-03-02,1121.8,원/미국달러(매매기준율),원
2021-03-03,1121.3,원/미국달러(매매기준율),원
2021-03-04,1122.9,원/미국달러(매매기준율),원
2021-03-05,1126.2,원/미국달러(매매기준율),원
2021-03-08,1129.4,원/미국달러(매매기준율),원
2021-03-09,1131.3,원/미국달러(매매기준율),원
2021-03-10,1141.1,원/미국달러(매매기준율),원
2021-03-11,1140.7,원/미국달러(매매기준율),원
2021-03-12,1137.3,원/미국달러(매매기준율),원
2021-03-15,1130.7,원/미국달러(매매기준율),원
2021-03-16,1135.9,원/미국달러(매매기준율),원
2021-03-17,1132.5,원/미국달러(매매기준율),원
2021-03-18,1131.8,원/미국달러(매매기준율),원
2021-03-19,1123.7,원/미국달러(매매기준율),원
2021-03-22,1131.8,원/미국달러(매매기준율),원
2021-03-23,1131.3,원/미국달러(매매기준율),원
2021-03-24,1128.0,원/미국달러(매매기준율),원
2021-03-25,1133.5,원/미국달러(매매기준율),원
2021-03-26,1134.2,원/미국달러(매매기준율),원
2021-03-29,1131.8,원/미국달러(매매기준율),원
2021-03-30,1131.7,원/미국달러(매매기준율),원
2021-03-31,1133.5,원/미국달러(매매기준율),원
2021-04-01,1132.6,원/미국달러(매매기준율),원
2021-04-02,1129.3,원/미국달러(매매기준율),원
2021-04-05,1127.5,원/미국달러(매매기준율),원
2021-04-06,1127.8,원/미국달러(매매기준율),원
2021-04-07,1122.9,원/미국달러(매매기준율),원
2021-04-08,1116.4,원/미국달러(매매기준율),원
2021-04-09,1118.5,원/미국달러(매매기준율),원
2021-04-12,1117.2,원/미국달러(매매기준율),원
2021-04-13,1124.3,원/미국달러(매매기준율),원
2021-04-14,1126.1,원/미국달러(매매기준율),원
2021-04-15,1119.9,원/미국달러(매매기준율),원
2021-04-16,1117.6,원/미국달러(매매기준율),원
2021-04-19,1117.9,원/미국달러(매매기준율),원
2021-04-20,1118.2,원/미국달러(매매기준율),원
2021-04-21,1113.4,원/미국달러(매매기준율),원
2021-04-22,1117.4,원/미국달러(매매기준율),원
2021-04-23,1116.3,원/미국달러(매매기준율),원
2021-04-26,1118.9,원/미국달러(매매기준율),원
2021-04-27,1114.0,원/미국달러(매매기준율),원
2021-04-28,1110.8,원/미국달러(매매기준율),원
2021-04-29,1112.5,원/미국달러(매매기준율),원
2021-04-30,1107.4,원/미국달러(매매기준율),원
2021-05-03,1109.6,원/미국달러(매매기준율),원
2021-05-04,1119.3,원/미국달러(매매기준율),원
2021-05-06,1121.1,원/미국달러(매매기준율),원
2021-05-07,1125.5,원/미국달러(매매기준율),원
2021-05-10,1121.4,원/미국달러(매매기준율),원
2021-05-11,1114.6,원/미국달러(매매기준율),원
2021-05-12,1119.1,원/미국달러(매매기준율),원
2021-05-13,1123.5,원/미국달러(매매기준율),원
2021-05-14,1130.6,원/미국달러(매매기준율),원
2021-05-17,1129.5,원/미국달러(매매기준율),원
2021-05-18,1133.0,원/미국달러(매매기준율),원
2021-05-20,1133.1,원/미국달러(매매기준율),원
2021-05-21,1132.2,원/미국달러(매매기준율),원
2021-05-24,1126.9,원/미국달러(매매기준율),원
2021-05-25,1127.6,원/미국달러(매매기준율),원
2021-05-26,1122.8,원/미국달러(매매기준율),원
2021-05-27,1118.6,원/미국달러(매매기준율),원
2021-05-28,1118.0,원/미국달러(매매기준율),원
2021-05-31,1116.0,원/미국달러(매매기준율),원
2021-06-01,1113.5,원/미국달러(매매기준율),원
2021-06-02,1107.0,원/미국달러(매매기준율),원
2021-06-03,1110.3,원/미국달러(매매기준율),원
2021-06-04,1111.8,원/미국달러(매매기준율),원
2021-06-07,1117.5,원/미국달러(매매기준율),원
2021-06-08,1111.2,원/미국달러(매매기준율),원
2021-06-09,1113.7,원/미국달러(매매기준율),원
2021-06-10,1115.8,원/미국달러(매매기준율),원
2021-06-11,1115.0,원/미국달러(매매기준율),원
2021-06-14,1111.2,원/미국달러(매매기준율),원
2021-06-15,1116.4,원/미국달러(매매기준율),원
2021-06-16,1117.8,원/미국달러(매매기준율),원
2021-06-17,1117.7,원/미국달러(매매기준율),원
2021-06-18,1129.5,원/미국달러(매매기준율),원
2021-06-21,1132.2,원/미국달러(매매기준율),원
2021-06-22,1135.4,원/미국달러(매매기준율),원
2021-06-23,1132.4,원/미국달러(매매기준율),원
2021-06-24,1135.6,원/미국달러(매매기준율),원
2021-06-25,1135.8,원/미국달러(매매기준율),원
2021-06-28,1128.8,원/미국달러(매매기준율),원
2021-06-29,1129.9,원/미국달러(매매기준율),원
2021-06-30,1130.0,원/미국달러(매매기준율),원
2021-07-01,1129.5,원/미국달러(매매기준율),원
2021-07-02,1132.2,원/미국달러(매매기준율),원
2021-07-05,1134.5,원/미국달러(매매기준율),원
2021-07-06,1130.3,원/미국달러(매매기준율),원
2021-07-07,1131.8,원/미국달러(매매기준율),원
2021-07-08,1137.6,원/미국달러(매매기준율),원
2021-07-09,1143.4,원/미국달러(매매기준율),원
2021-07-12,1148.3,원/미국달러(매매기준율),원
2021-07-13,1146.4,원/미국달러(매매기준율),원
2021-07-14,1145.1,원/미국달러(매매기준율),원
2021-07-15,1150.3,원/미국달러(매매기준율),원
2021-07-16,1143.7,원/미국달러(매매기준율),원
2021-07-19,1141.1,원/미국달러(매매기준율),원
2021-07-20,1145.7,원/미국달러(매매기준율),원
2021-07-21,1151.0,원/미국달러(매매기준율),원
2021-07-22,1150.6,원/미국달러(매매기준율),원
2021-07-23,1151.0,원/미국달러(매매기준율),원
2021-07-26,1149.5,원/미국달러(매매기준율),원
2021-07-27,1153.2,원/미국달러(매매기준율),원
2021-07-28,1150.2,원/미국달러(매매기준율),원
2021-07-29,1154.8,원/미국달러(매매기준율),원
2021-07-30,1147.4,원/미국달러(매매기준율),원
2021-08-02,1147.5,원/미국달러(매매기준율),원
2021-08-03,1151.5,원/미국달러(매매기준율),원
2021-08-04,1150.7,원/미국달러(매매기준율),원
2021-08-05,1145.8,원/미국달러(매매기준율),원
2021-08-06,1143.5,원/미국달러(매매기준율),원
2021-08-09,1142.3,원/미국달러(매매기준율),원
2021-08-10,1145.0,원/미국달러(매매기준율),원
2021-08-11,1148.5,원/미국달러(매매기준율),원
2021-08-12,1155.0,원/미국달러(매매기준율),원
2021-08-13,1158.9,원/미국달러(매매기준율),원
2021-08-17,1167.8,원/미국달러(매매기준율),원
2021-08-18,1174.9,원/미국달러(매매기준율),원
2021-08-19,1172.7,원/미국달러(매매기준율),원
2021-08-20,1174.5,원/미국달러(매매기준율),원
2021-08-23,1176.7,원/미국달러(매매기준율),원
2021-08-24,1174.0,원/미국달러(매매기준율),원
2021-08-25,1168.0,원/미국달러(매매기준율),원
2021-08-26,1166.5,원/미국달러(매매기준율),원
2021-08-27,1168.1,원/미국달러(매매기준율),원
2021-08-30,1170.8,원/미국달러(매매기준율),원
2021-08-31,1164.4,원/미국달러(매매기준율),원
2021-09-01,1162.8,원/미국달러(매매기준율),원
2021-09-02,1157.5,원/미국달러(매매기준율),원
2021-09-03,1159.7,원/미국달러(매매기준율),원
2021-09-06,1156.4,원/미국달러(매매기준율),원
2021-09-07,1157.3,원/미국달러(매매기준율),원
2021-09-08,1157.9,원/미국달러(매매기준율),원
2021-09-09,1164.5,원/미국달러(매매기준율),원
2021-09-10,1170.1,원/미국달러(매매기준율),원
2021-09-13,1170.4,원/미국달러(매매기준율),원
2021-09-14,1174.3,원/미국달러(매매기준율),원
2021-09-15,1172.2,원/미국달러(매매기준율),원
2021-09-16,1171.7,원/미국달러(매매기준율),원
2021-09-17,1169.1,원/미국달러(매매기준율),원
2021-09-23,1177.6,원/미국달러(매매기준율),원
2021-09-24,1181.7,원/미국달러(매매기준율),원
2021-09-27,1175.3,원/미국달러(매매기준율),원
2021-09-28,1175.9,원/미국달러(매매기준율),원
2021-09-29,1182.0,원/미국달러(매매기준율),원
2021-09-30,1184.9,원/미국달러(매매기준율),원
2021-10-01,1185.2,원/미국달러(매매기준율),원
2021-10-05,1187.2,원/미국달러(매매기준율),원
2021-10-06,1187.1,원/미국달러(매매기준율),원
2021-10-07,1190.0,원/미국달러(매매기준율),원
2021-10-08,1190.3,원/미국달러(매매기준율),원
2021-10-12,1193.4,원/미국달러(매매기준율),원
2021-10-13,1199.1,원/미국달러(매매기준율),원
2021-10-14,1195.0,원/미국달러(매매기준율),원
2021-10-15,1188.3,원/미국달러(매매기준율),원
2021-10-18,1182.8,원/미국달러(매매기준율),원
2021-10-19,1185.8,원/미국달러(매매기준율),원
2021-10-20,1181.7,원/미국달러(매매기준율),원
2021-10-21,1175.6,원/미국달러(매매기준율),원
2021-10-22,1175.8,원/미국달러(매매기준율),원
2021-10-25,1178.4,원/미국달러(매매기준율),원
2021-10-26,1171.8,원/미국달러(매매기준율),원
2021-10-27,1166.3,원/미국달러(매매기준율),원
2021-10-28,1168.1,원/미국달러(매매기준율),원
2021-10-29,1171.7,원/미국달러(매매기준율),원
2021-11-01,1169.6,원/미국달러(매매기준율),원
2021-11-02,1176.3,원/미국달러(매매기준율),원
2021-11-03,1175.5,원/미국달러(매매기준율),원
2021-11-04,1181.1,원/미국달러(매매기준율),원
2021-11-05,1180.0,원/미국달러(매매기준율),원
2021-11-08,1185.2,원/미국달러(매매기준율),원
2021-11-09,1184.3,원/미국달러(매매기준율),원
2021-11-10,1178.4,원/미국달러(매매기준율),원
2021-11-11,1181.0,원/미국달러(매매기준율),원
2021-11-12,1184.7,원/미국달러(매매기준율),원
2021-11-15,1179.6,원/미국달러(매매기준율),원
2021-11-16,1180.2,원/미국달러(매매기준율),원
2021-11-17,1179.6,원/미국달러(매매기준율),원
2021-11-18,1183.6,원/미국달러(매매기준율),원
2021-11-19,1180.5,원/미국달러(매매기준율),원
2021-11-22,1183.5,원/미국달러(매매기준율),원
2021-11-23,1187.4,원/미국달러(매매기준율),원
2021-11-24,1188.9,원/미국달러(매매기준율),원
2021-11-25,1188.5,원/미국달러(매매기준율),원
2021-11-26,1189.7,원/미국달러(매매기준율),원
2021-11-29,1193.0,원/미국달러(매매기준율),원
2021-11-30,1193.4,원/미국달러(매매기준율),원
2021-12-01,1187.7,원/미국달러(매매기준율),원
2021-12-02,1180.3,원/미국달러(매매기준율),원
2021-12-03,1177.3,원/미국달러(매매기준율),원
2021-12-06,1178.6,원/미국달러(매매기준율),원
2021-12-07,1183.7,원/미국달러(매매기준율),원
2021-12-08,1181.2,원/미국달러(매매기준율),원
2021-12-09,1176.4,원/미국달러(매매기준율),원
2021-12-10,1173.8,원/미국달러(매매기준율),원
2021-12-13,1178.2,원/미국달러(매매기준율),원
2021-12-14,1178.8,원/미국달러(매매기준율),원
2021-12-15,1183.6,원/미국달러(매매기준율),원
2021-12-16,1186.2,원/미국달러(매매기준율),원
2021-12-17,1183.5,원/미국달러(매매기준율),원
2021-12-20,1184.4,원/미국달러(매매기준율),원
2021-12-21,1189.8,원/미국달러(매매기준율),원
2021-12-22,1191.5,원/미국달러(매매기준율),원
2021-12-23,1191.2,원/미국달러(매매기준율),원
2021-12-24,1187.5,원/미국달러(매매기준율),원
2021-12-27,1186.4,원/미국달러(매매기준율),원
2021-12-28,1186.2,원/미국달러(매매기준율),원
2021-12-29,1186.7,원/미국달러(매매기준율),원
2021-12-30,1186.6,원/미국달러(매매기준율),원
2021-12-31,1185.5,원/미국달러(매매기준율),원
2022-01-03,1185.5,원/미국달러(매매기준율),원
2022-01-04,1190.8,원/미국달러(매매기준율),원
2022-01-05,1194.3,원/미국달러(매매기준율),원
2022-01-06,1198.2,원/미국달러(매매기준율),원
2022-01-07,1199.6,원/미국달러(매매기준율),원
2022-01-10,1202.4,원/미국달러(매매기준율),원
2022-01-11,1200.0,원/미국달러(매매기준율),원
2022-01-12,1195.2,원/미국달러(매매기준율),원
2022-01-13,1189.9,원/미국달러(매매기준율),원
2022-01-14,1188.2,원/미국달러(매매기준율),원
2022-01-17,1187.6,원/미국달러(매매기준율),원
2022-01-18,1192.3,원/미국달러(매매기준율),원
2022-01-19,1188.9,원/미국달러(매매기준율),원
2022-01-20,1191.8,원/미국달러(매매기준율),원
2022-01-21,1190.4,원/미국달러(매매기준율),원
2022-01-24,1193.6,원/미국달러(매매기준율),원
2022-01-25,1194.2,원/미국달러(매매기준율),원
2022-01-26,1197.8,원/미국달러(매매기준율),원
2022-01-27,1197.0,원/미국달러(매매기준율),원
2022-01-28,1202.4,원/미국달러(매매기준율),원
2022-02-03,1205.7,원/미국달러(매매기준율),원
2022-02-04,1205.4,원/미국달러(매매기준율),원
2022-02-07,1199.5,원/미국달러(매매기준율),원
2022-02-08,1199.4,원/미국달러(매매기준율),원
2022-02-09,1197.8,원/미국달러(매매기준율),원
2022-02-10,1196.0,원/미국달러(매매기준율),원
2022-02-11,1196.0,원/미국달러(매매기준율),원
2022-02-14,1199.6,원/미국달러(매매기준율),원
2022-02-15,1198.3,원/미국달러(매매기준율),원
2022-02-16,1198.5,원/미국달러(매매기준율),원
2022-02-17,1196.9,원/미국달러(매매기준율),원
2022-02-18,1197.1,원/미국달러(매매기준율),원
2022-02-21,1196.4,원/미국달러(매매기준율),원
2022-02-22,1194.6,원/미국달러(매매기준율),원
2022-02-23,1194.7,원/미국달러(매매기준율),원
2022-02-24,1192.1,원/미국달러(매매기준율),원
2022-02-25,1199.4,원/미국달러(매매기준율),원
2022-02-28,1202.7,원/미국달러(매매기준율),원
2022-03-02,1205.6,원/미국달러(매매기준율),원
2022-03-03,1205.0,원/미국달러(매매기준율),원
2022-03-04,1203.6,원/미국달러(매매기준율),원
2022-03-07,1211.5,원/미국달러(매매기준율),원
2022-03-08,1225.4,원/미국달러(매매기준율),원
2022-03-10,1234.5,원/미국달러(매매기준율),원
2022-03-11,1228.7,원/미국달러(매매기준율),원
2022-03-14,1232.4,원/미국달러(매매기준율),원
2022-03-15,1238.6,원/미국달러(매매기준율),원
2022-03-16,1241.7,원/미국달러(매매기준율),원
2022-03-17,1240.4,원/미국달러(매매기준율),원
2022-03-18,1220.6,원/미국달러(매매기준율),원
2022-03-21,1211.1,원/미국달러(매매기준율),원
2022-03-22,1213.7,원/미국달러(매매기준율),원
2022-03-23,1221.4,원/미국달러(매매기준율),원
2022-03-24,1212.7,원/미국달러(매매기준율),원
2022-03-25,1219.4,원/미국달러(매매기준율),원
2022-03-28,1218.3,원/미국달러(매매기준율),원
2022-03-29,1225.7,원/미국달러(매매기준율),원
2022-03-30,1220.5,원/미국달러(매매기준율),원
2022-03-31,1210.8,원/미국달러(매매기준율),원
2022-04-01,1210.7,원/미국달러(매매기준율),원
2022-04-04,1216.1,원/미국달러(매매기준율),원
2022-04-05,1216.7,원/미국달러(매매기준율),원
2022-04-06,1212.6,원/미국달러(매매기준율),원
2022-04-07,1219.1,원/미국달러(매매기준율),원
2022-04-08,1218.5,원/미국달러(매매기준율),원
2022-04-11,1224.0,원/미국달러(매매기준율),원
2022-04-12,1232.0,원/미국달러(매매기준율),원
2022-04-13,1236.6,원/미국달러(매매기준율),원
2022-04-14,1227.7,원/미국달러(매매기준율),원
2022-04-15,1224.2,원/미국달러(매매기준율),원
2022-04-18,1230.1,원/미국달러(매매기준율),원
2022-04-19,1232.8,원/미국달러(매매기준율),원
2022-04-20,1234.9,원/미국달러(매매기준율),원
2022-04-21,1237.1,원/미국달러(매매기준율),원
2022-04-22,1236.4,원/미국달러(매매기준율),원
2022-04-25,1241.7,원/미국달러(매매기준율),원
2022-04-26,1247.1,원/미국달러(매매기준율),원
2022-04-27,1248.3,원/미국달러(매매기준율),원
2022-04-28,1263.1,원/미국달러(매매기준율),원
2022-04-29,1269.4,원/미국달러(매매기준율),원
2022-05-02,1265.4,원/미국달러(매매기준율),원
2022-05-03,1265.8,원/미국달러(매매기준율),원
2022-05-04,1265.7,원/미국달러(매매기준율),원
2022-05-06,1261.8,원/미국달러(매매기준율),원
2022-05-09,1272.7,원/미국달러(매매기준율),원
2022-05-10,1274.6,원/미국달러(매매기준율),원
2022-05-11,1275.5,원/미국달러(매매기준율),원
2022-05-12,1277.0,원/미국달러(매매기준율),원
2022-05-13,1286.4,원/미국달러(매매기준율),원
2022-05-16,1286.0,원/미국달러(매매기준율),원
2022-05-17,1281.6,원/미국달러(매매기준율),원
2022-05-18,1277.2,원/미국달러(매매기준율),원
2022-05-19,1269.3,원/미국달러(매매기준율),원
2022-05-20,1274.6,원/미국달러(매매기준율),원
2022-05-23,1269.5,원/미국달러(매매기준율),원
2022-05-24,1267.7,원/미국달러(매매기준율),원
2022-05-25,1264.3,원/미국달러(매매기준율),원
2022-05-26,1263.3,원/미국달러(매매기준율),원
2022-05-27,1266.4,원/미국달러(매매기준율),원
2022-05-30,1256.9,원/미국달러(매매기준율),원
2022-05-31,1245.8,원/미국달러(매매기준율),원
2022-06-02,1238.4,원/미국달러(매매기준율),원
2022-06-03,1251.2,원/미국달러(매매기준율),원
2022-06-07,1241.1,원/미국달러(매매기준율),원
2022-06-08,1257.1,원/미국달러(매매기준율),원
2022-06-09,1255.4,원/미국달러(매매기준율),원
2022-06-10,1257.6,원/미국달러(매매기준율),원
2022-06-13,1266.0,원/미국달러(매매기준율),원
2022-06-14,1286.0,원/미국달러(매매기준율),원
2022-06-15,1289.7,원/미국달러(매매기준율),원
2022-06-16,1291.3,원/미국달러(매매기준율),원
2022-06-17,1284.1,원/미국달러(매매기준율),원
2022-06-20,1287.5,원/미국달러(매매기준율),원
2022-06-21,1291.7,원/미국달러(매매기준율),원
2022-06-22,1290.6,원/미국달러(매매기준율),원
2022-06-23,1295.7,원/미국달러(매매기준율),원
2022-06-24,1300.7,원/미국달러(매매기준율),원
2022-06-27,1299.4,원/미국달러(매매기준율),원
2022-06-28,1285.6,원/미국달러(매매기준율),원
2022-06-29,1284.9,원/미국달러(매매기준율),원
2022-06-30,1292.9,원/미국달러(매매기준율),원
2022-07-01,1299.8,원/미국달러(매매기준율),원
2022-07-04,1294.2,원/미국달러(매매기준율),원
2022-07-05,1297.9,원/미국달러(매매기준율),원
2022-07-06,1298.0,원/미국달러(매매기준율),원
2022-07-07,1307.4,원/미국달러(매매기준율),원
2022-07-08,1302.7,원/미국달러(매매기준율),원
2022-07-11,1299.3,원/미국달러(매매기준율),원
2022-07-12,1300.6,원/미국달러(매매기준율),원
2022-07-13,1312.9,원/미국달러(매매기준율),원
2022-07-14,1305.9,원/미국달러(매매기준율),원
2022-07-15,1310.0,원/미국달러(매매기준율),원
2022-07-18,1323.7,원/미국달러(매매기준율),원
2022-07-19,1317.8,원/미국달러(매매기준율),원
2022-07-20,1314.9,원/미국달러(매매기준율),원
2022-07-21,1308.6,원/미국달러(매매기준율),원
2022-07-22,1312.1,원/미국달러(매매기준율),원
2022-07-25,1311.7,원/미국달러(매매기준율),원
2022-07-26,1311.0,원/미국달러(매매기준율),원
2022-07-27,1310.0,원/미국달러(매매기준율),원
2022-07-28,1312.8,원/미국달러(매매기준율),원
2022-07-29,1304.0,원/미국달러(매매기준율),원
2022-08-01,1298.6,원/미국달러(매매기준율),원
2022-08-02,1306.4,원/미국달러(매매기준율),원
2022-08-03,1307.2,원/미국달러(매매기준율),원
2022-08-04,1310.5,원/미국달러(매매기준율),원
2022-08-05,1309.7,원/미국달러(매매기준율),원
2022-08-08,1299.3,원/미국달러(매매기준율),원
2022-08-09,1304.8,원/미국달러(매매기준율),원
2022-08-10,1305.1,원/미국달러(매매기준율),원
2022-08-11,1309.1,원/미국달러(매매기준율),원
2022-08-12,1302.5,원/미국달러(매매기준율),원
2022-08-16,1303.1,원/미국달러(매매기준율),원
2022-08-17,1309.6,원/미국달러(매매기준율),원
2022-08-18,1309.8,원/미국달러(매매기준율),원
2022-08-19,1317.3,원/미국달러(매매기준율),원
2022-08-22,1326.7,원/미국달러(매매기준율),원
2022-08-23,1338.2,원/미국달러(매매기준율),원
2022-08-24,1341.8,원/미국달러(매매기준율),원
2022-08-25,1341.4,원/미국달러(매매기준율),원
2022-08-26,1336.9,원/미국달러(매매기준율),원
2022-08-29,1332.5,원/미국달러(매매기준율),원
2022-08-30,1347.7,원/미국달러(매매기준율),원
2022-08-31,1347.5,원/미국달러(매매기준율),원
2022-09-01,1345.1,원/미국달러(매매기준율),원
2022-09-02,1351.4,원/미국달러(매매기준율),원
2022-09-05,1356.5,원/미국달러(매매기준율),원
2022-09-06,1369.7,원/미국달러(매매기준율),원
2022-09-07,1370.3,원/미국달러(매매기준율),원
2022-09-08,1385.3,원/미국달러(매매기준율),원
2022-09-13,1381.2,원/미국달러(매매기준율),원
2022-09-14,1374.8,원/미국달러(매매기준율),원
2022-09-15,1391.7,원/미국달러(매매기준율),원
2022-09-16,1394.2,원/미국달러(매매기준율),원
2022-09-19,1394.2,원/미국달러(매매기준율),원
2022-09-20,1390.1,원/미국달러(매매기준율),원
2022-09-21,1389.1,원/미국달러(매매기준율),원
2022-09-22,1393.6,원/미국달러(매매기준율),원
2022-09-23,1408.0,원/미국달러(매매기준율),원
2022-09-26,1408.4,원/미국달러(매매기준율),원
2022-09-27,1429.7,원/미국달러(매매기준율),원
2022-09-28,1427.2,원/미국달러(매매기준율),원
2022-09-29,1436.5,원/미국달러(매매기준율),원
2022-09-30,1434.8,원/미국달러(매매기준율),원
2022-10-04,1432.1,원/미국달러(매매기준율),원
2022-10-05,1431.2,원/미국달러(매매기준율),원
2022-10-06,1419.1,원/미국달러(매매기준율),원
2022-10-07,1404.2,원/미국달러(매매기준율),원
2022-10-11,1410.3,원/미국달러(매매기준율),원
2022-10-12,1433.5,원/미국달러(매매기준율),원
2022-10-13,1430.4,원/미국달러(매매기준율),원
2022-10-14,1427.0,원/미국달러(매매기준율),원
2022-10-17,1428.9,원/미국달러(매매기준율),원
2022-10-18,1436.6,원/미국달러(매매기준율),원
2022-10-19,1425.6,원/미국달러(매매기준율),원
2022-10-20,1420.6,원/미국달러(매매기준율),원
2022-10-21,1431.7,원/미국달러(매매기준율),원
2022-10-24,1436.6,원/미국달러(매매기준율),원
2022-10-25,1436.6,원/미국달러(매매기준율),원
2022-10-26,1436.5,원/미국달러(매매기준율),원
2022-10-27,1428.2,원/미국달러(매매기준율),원
2022-10-28,1418.1,원/미국달러(매매기준율),원
2022-10-31,1419.3,원/미국달러(매매기준율),원
2022-11-01,1422.2,원/미국달러(매매기준율),원
2022-11-02,1421.7,원/미국달러(매매기준율),원
2022-11-03,1418.0,원/미국달러(매매기준율),원
2022-11-04,1422.1,원/미국달러(매매기준율),원
2022-11-07,1422.4,원/미국달러(매매기준율),원
2022-11-08,1406.5,원/미국달러(매매기준율),원
2022-11-09,1387.3,원/미국달러(매매기준율),원
2022-11-10,1368.3,원/미국달러(매매기준율),원
2022-11-11,1370.1,원/미국달러(매매기준율),원
2022-11-14,1334.1,원/미국달러(매매기준율),원
2022-11-15,1320.3,원/미국달러(매매기준율),원
2022-11-16,1322.4,원/미국달러(매매기준율),원
2022-11-17,1325.6,원/미국달러(매매기준율),원
2022-11-18,1338.4,원/미국달러(매매기준율),원
2022-11-21,1340.0,원/미국달러(매매기준율),원
2022-11-22,1352.3,원/미국달러(매매기준율),원
2022-11-23,1355.7,원/미국달러(매매기준율),원
2022-11-24,1352.3,원/미국달러(매매기준율),원
2022-11-25,1333.2,원/미국달러(매매기준율),원
2022-11-28,1326.8,원/미국달러(매매기준율),원
2022-11-29,1339.0,원/미국달러(매매기준율),원
2022-11-30,1331.5,원/미국달러(매매기준율),원
2022-12-01,1320.1,원/미국달러(매매기준율),원
2022-12-02,1300.8,원/미국달러(매매기준율),원
2022-12-05,1300.4,원/미국달러(매매기준율),원
2022-12-06,1293.2,원/미국달러(매매기준율),원
2022-12-07,1309.0,원/미국달러(매매기준율),원
2022-12-08,1319.5,원/미국달러(매매기준율),원
2022-12-09,1320.4,원/미국달러(매매기준율),원
2022-12-12,1306.6,원/미국달러(매매기준율),원
2022-12-13,1310.0,원/미국달러(매매기준율),원
2022-12-14,1304.4,원/미국달러(매매기준율),원
2022-12-15,1296.0,원/미국달러(매매기준율),원
2022-12-16,1301.0,원/미국달러(매매기준율),원
2022-12-19,1310.1,원/미국달러(매매기준율),원
2022-12-20,1302.0,원/미국달러(매매기준율),원
2022-12-21,1298.0,원/미국달러(매매기준율),원
2022-12-22,1286.6,원/미국달러(매매기준율),원
2022-12-23,1276.1,원/미국달러(매매기준율),원
2022-12-26,1282.2,원/미국달러(매매기준율),원
2022-12-27,1276.4,원/미국달러(매매기준율),원
2022-12-28,1268.3,원/미국달러(매매기준율),원
2022-12-29,1268.4,원/미국달러(매매기준율),원
2022-12-30,1267.3,원/미국달러(매매기준율),원
2023-01-02,1267.3,원/미국달러(매매기준율),원
2023-01-03,1268.9,원/미국달러(매매기준율),원
2023-01-04,1272.1,원/미국달러(매매기준율),원
2023-01-05,1274.7,원/미국달러(매매기준율),원
2023-01-06,1270.3,원/미국달러(매매기준율),원
2023-01-09,1267.2,원/미국달러(매매기준율),원
2023-01-10,1246.8,원/미국달러(매매기준율),원
2023-01-11,1240.8,원/미국달러(매매기준율),원
2023-01-12,1245.3,원/미국달러(매매기준율),원
2023-01-13,1244.6,원/미국달러(매매기준율),원
2023-01-16,1240.6,원/미국달러(매매기준율),원
2023-01-17,1234.0,원/미국달러(매매기준율),원
2023-01-18,1238.5,원/미국달러(매매기준율),원
2023-01-19,1239.8,원/미국달러(매매기준율),원
2023-01-20,1236.0,원/미국달러(매매기준율),원
2023-01-25,1234.4,원/미국달러(매매기준율),원
2023-01-26,1233.4,원/미국달러(매매기준율),원
2023-01-27,1231.4,원/미국달러(매매기준율),원
2023-01-30,1230.2,원/미국달러(매매기준율),원
2023-01-31,1228.7,원/미국달러(매매기준율),원
2023-02-01,1230.8,원/미국달러(매매기준율),원
2023-02-02,1231.4,원/미국달러(매매기준율),원
2023-02-03,1219.3,원/미국달러(매매기준율),원
2023-02-06,1227.2,원/미국달러(매매기준율),원
2023-02-07,1247.5,원/미국달러(매매기준율),원
2023-02-08,1256.0,원/미국달러(매매기준율),원
2023-02-09,1257.1,원/미국달러(매매기준율),원
2023-02-10,1263.1,원/미국달러(매매기준율),원
2023-02-13,1264.3,원/미국달러(매매기준율),원
2023-02-14,1274.6,원/미국달러(매매기준율),원
2023-02-15,1269.9,원/미국달러(매매기준율),원
2023-02-16,1279.3,원/미국달러(매매기준율),원
2023-02-17,1283.7,원/미국달러(매매기준율),원
2023-02-20,1297.7,원/미국달러(매매기준율),원
2023-02-21,1295.8,원/미국달러(매매기준율),원
2023-02-22,1295.8,원/미국달러(매매기준율),원
2023-02-23,1303.8,원/미국달러(매매기준율),원
2023-02-24,1299.6,원/미국달러(매매기준율),원
2023-02-27,1300.5,원/미국달러(매매기준율),원
2023-02-28,1317.4,원/미국달러(매매기준율),원
2023-03-02,1319.2,원/미국달러(매매기준율),원
2023-03-03,1310.4,원/미국달러(매매기준율),원
2023-03-06,1304.8,원/미국달러(매매기준율),원
2023-03-07,1296.7,원/미국달러(매매기준율),원
2023-03-08,1299.1,원/미국달러(매매기준율),원
2023-03-09,1319.5,원/미국달러(매매기준율),원
2023-03-10,1319.7,원/미국달러(매매기준율),원
2023-03-13,1325.7,원/미국달러(매매기준율),원
2023-03-14,1307.3,원/미국달러(매매기준율),원
2023-03-15,1304.9,원/미국달러(매매기준율),원
2023-03-16,1302.0,원/미국달러(매매기준율),원
2023-03-17,1312.1,원/미국달러(매매기준율),원
2023-03-20,1303.6,원/미국달러(매매기준율),원
2023-03-21,1308.4,원/미국달러(매매기준율),원
2023-03-22,1307.8,원/미국달러(매매기준율),원
2023-03-23,1307.1,원/미국달러(매매기준율),원
2023-03-24,1287.2,원/미국달러(매매기준율),원
2023-03-27,1289.7,원/미국달러(매매기준율),원
2023-03-28,1300.3,원/미국달러(매매기준율),원
2023-03-29,1297.4,원/미국달러(매매기준율),원
2023-03-30,1299.3,원/미국달러(매매기준율),원
2023-03-31,1303.8,원/미국달러(매매기준율),원
2023-04-03,1295.4,원/미국달러(매매기준율),원
2023-04-04,1316.3,원/미국달러(매매기준율),원
2023-04-05,1310.3,원/미국달러(매매기준율),원
2023-04-06,1311.9,원/미국달러(매매기준율),원
2023-04-07,1318.7,원/미국달러(매매기준율),원
2023-04-10,1318.9,원/미국달러(매매기준율),원
2023-04-11,1320.0,원/미국달러(매매기준율),원
2023-04-12,1319.5,원/미국달러(매매기준율),원
2023-04-13,1324.2,원/미국달러(매매기준율),원
2023-04-14,1318.0,원/미국달러(매매기준율),원
2023-04-17,1299.3,원/미국달러(매매기준율),원
2023-04-18,1311.3,원/미국달러(매매기준율),원
2023-04-19,1318.8,원/미국달러(매매기준율),원
2023-04-20,1318.8,원/미국달러(매매기준율),원
2023-04-21,1327.6,원/미국달러(매매기준율),원
2023-04-24,1327.9,원/미국달러(매매기준율),원
2023-04-25,1332.7,원/미국달러(매매기준율),원
2023-04-26,1333.3,원/미국달러(매매기준율),원
2023-04-27,1337.3,원/미국달러(매매기준율),원
2023-04-28,1339.9,원/미국달러(매매기준율),원
2023-05-02,1339.1,원/미국달러(매매기준율),원
2023-05-03,1340.2,원/미국달러(매매기준율),원
2023-05-04,1339.1,원/미국달러(매매기준율),원
2023-05-08,1325.6,원/미국달러(매매기준율),원
2023-05-09,1322.7,원/미국달러(매매기준율),원
2023-05-10,1323.0,원/미국달러(매매기준율),원
2023-05-11,1324.2,원/미국달러(매매기준율),원
2023-05-12,1320.3,원/미국달러(매매기준율),원
2023-05-15,1333.6,원/미국달러(매매기준율),원
2023-05-16,1337.8,원/미국달러(매매기준율),원
2023-05-17,1336.0,원/미국달러(매매기준율),원
2023-05-18,1339.4,원/미국달러(매매기준율),원
2023-05-19,1332.7,원/미국달러(매매기준율),원
2023-05-22,1331.2,원/미국달러(매매기준율),원
2023-05-23,1319.1,원/미국달러(매매기준율),원
2023-05-24,1311.4,원/미국달러(매매기준율),원
2023-05-25,1317.5,원/미국달러(매매기준율),원
2023-05-26,1323.4,원/미국달러(매매기준율),원
2023-05-30,1325.6,원/미국달러(매매기준율),원
2023-05-31,1322.2,원/미국달러(매매기준율),원
2023-06-01,1321.6,원/미국달러(매매기준율),원
2023-06-02,1320.7,원/미국달러(매매기준율),원
2023-06-05,1308.8,원/미국달러(매매기준율),원
2023-06-07,1308.3,원/미국달러(매매기준율),원
2023-06-08,1300.5,원/미국달러(매매기준율),원
2023-06-09,1306.1,원/미국달러(매매기준율),원
2023-06-12,1294.9,원/미국달러(매매기준율),원
2023-06-13,1291.1,원/미국달러(매매기준율),원
2023-06-14,1277.5,원/미국달러(매매기준율),원
2023-06-15,1275.9,원/미국달러(매매기준율),원
2023-06-16,1280.1,원/미국달러(매매기준율),원
2023-06-19,1273.5,원/미국달러(매매기준율),원
2023-06-20,1280.7,원/미국달러(매매기준율),원
2023-06-21,1282.2,원/미국달러(매매기준율),원
2023-06-22,1291.5,원/미국달러(매매기준율),원
2023-06-23,1291.4,원/미국달러(매매기준율),원
2023-06-26,1302.2,원/미국달러(매매기준율),원
2023-06-27,1303.8,원/미국달러(매매기준율),원
2023-06-28,1303.1,원/미국달러(매매기준율),원
2023-06-29,1304.3,원/미국달러(매매기준율),원
2023-06-30,1312.8,원/미국달러(매매기준율),원
2023-07-03,1319.4,원/미국달러(매매기준율),원
2023-07-04,1310.0,원/미국달러(매매기준율),원
2023-07-05,1301.7,원/미국달러(매매기준율),원
2023-07-06,1300.8,원/미국달러(매매기준율),원
2023-07-07,1303.8,원/미국달러(매매기준율),원
2023-07-10,1307.3,원/미국달러(매매기준율),원
2023-07-11,1303.8,원/미국달러(매매기준율),원
2023-07-12,1295.0,원/미국달러(매매기준율),원
2023-07-13,1291.4,원/미국달러(매매기준율),원
2023-07-14,1276.2,원/미국달러(매매기준율),원
2023-07-17,1265.8,원/미국달러(매매기준율),원
2023-07-18,1266.1,원/미국달러(매매기준율),원
2023-07-19,1261.6,원/미국달러(매매기준율),원
2023-07-20,1265.4,원/미국달러(매매기준율),원
2023-07-21,1265.8,원/미국달러(매매기준율),원
2023-07-24,1281.7,원/미국달러(매매기준율),원
2023-07-25,1283.8,원/미국달러(매매기준율),원
2023-07-26,1280.7,원/미국달러(매매기준율),원
2023-07-27,1278.7,원/미국달러(매매기준율),원
2023-07-28,1273.4,원/미국달러(매매기준율),원
2023-07-31,1280.0,원/미국달러(매매기준율),원
2023-08-01,1273.8,원/미국달러(매매기준율),원
2023-08-02,1280.7,원/미국달러(매매기준율),원
2023-08-03,1293.0,원/미국달러(매매기준율),원
2023-08-04,1298.8,원/미국달러(매매기준율),원
2023-08-07,1303.9,원/미국달러(매매기준율),원
2023-08-08,1304.1,원/미국달러(매매기준율),원
2023-08-09,1312.6,원/미국달러(매매기준율),원
2023-08-10,1318.3,원/미국달러(매매기준율),원
2023-08-11,1317.3,원/미국달러(매매기준율),원
2023-08-14,1321.1,원/미국달러(매매기준율),원
2023-08-16,1331.3,원/미국달러(매매기준율),원
2023-08-17,1338.3,원/미국달러(매매기준율),원
2023-08-18,1341.6,원/미국달러(매매기준율),원
2023-08-21,1336.9,원/미국달러(매매기준율),원
2023-08-22,1341.5,원/미국달러(매매기준율),원
2023-08-23,1338.7,원/미국달러(매매기준율),원
2023-08-24,1338.0,원/미국달러(매매기준율),원
2023-08-25,1324.0,원/미국달러(매매기준율),원
2023-08-28,1326.6,원/미국달러(매매기준율),원
2023-08-29,1322.5,원/미국달러(매매기준율),원
2023-08-30,1322.0,원/미국달러(매매기준율),원
2023-08-31,1321.4,원/미국달러(매매기준율),원
2023-09-01,1322.3,원/미국달러(매매기준율),원
2023-09-04,1319.2,원/미국달러(매매기준율),원
2023-09-05,1319.3,원/미국달러(매매기준율),원
2023-09-06,1324.3,원/미국달러(매매기준율),원
2023-09-07,1332.6,원/미국달러(매매기준율),원
2023-09-08,1334.7,원/미국달러(매매기준율),원
2023-09-11,1333.4,원/미국달러(매매기준율),원
2023-09-12,1332.4,원/미국달러(매매기준율),원
2023-09-13,1326.1,원/미국달러(매매기준율),원
2023-09-14,1327.8,원/미국달러(매매기준율),원
2023-09-15,1326.1,원/미국달러(매매기준율),원
2023-09-18,1327.6,원/미국달러(매매기준율),원
2023-09-19,1326.0,원/미국달러(매매기준율),원
2023-09-20,1323.7,원/미국달러(매매기준율),원
2023-09-21,1329.3,원/미국달러(매매기준율),원
2023-09-22,1339.1,원/미국달러(매매기준율),원
2023-09-25,1337.6,원/미국달러(매매기준율),원
2023-09-26,1333.7,원/미국달러(매매기준율),원
2023-09-27,1344.8,원/미국달러(매매기준율),원
2023-10-04,1351.3,원/미국달러(매매기준율),원
2023-10-05,1360.6,원/미국달러(매매기준율),원
2023-10-06,1349.4,원/미국달러(매매기준율),원
2023-10-10,1348.3,원/미국달러(매매기준율),원
2023-10-11,1348.3,원/미국달러(매매기준율),원
2023-10-12,1339.6,원/미국달러(매매기준율),원
2023-10-13,1339.9,원/미국달러(매매기준율),원
2023-10-16,1349.4,원/미국달러(매매기준율),원
2023-10-17,1353.8,원/미국달러(매매기준율),원
2023-10-18,1351.9,원/미국달러(매매기준율),원
2023-10-19,1351.7,원/미국달러(매매기준율),원
2023-10-20,1357.6,원/미국달러(매매기준율),원
2023-10-23,1355.1,원/미국달러(매매기준율),원
2023-10-24,1353.2,원/미국달러(매매기준율),원
2023-10-25,1343.9,원/미국달러(매매기준율),원
2023-10-26,1347.0,원/미국달러(매매기준율),원
2023-10-27,1357.1,원/미국달러(매매기준율),원
2023-10-30,1352.3,원/미국달러(매매기준율),원
2023-10-31,1352.8,원/미국달러(매매기준율),원
2023-11-01,1349.6,원/미국달러(매매기준율),원
2023-11-02,1356.9,원/미국달러(매매기준율),원
2023-11-03,1343.2,원/미국달러(매매기준율),원
2023-11-06,1325.8,원/미국달러(매매기준율),원
2023-11-07,1303.2,원/미국달러(매매기준율),원
2023-11-08,1306.1,원/미국달러(매매기준율),원
2023-11-09,1305.5,원/미국달러(매매기준율),원
2023-11-10,1309.0,원/미국달러(매매기준율),원
2023-11-13,1316.7,원/미국달러(매매기준율),원
2023-11-14,1322.7,원/미국달러(매매기준율),원
2023-11-15,1325.3,원/미국달러(매매기준율),원
2023-11-16,1302.0,원/미국달러(매매기준율),원
2023-11-17,1303.9,원/미국달러(매매기준율),원
2023-11-20,1294.4,원/미국달러(매매기준율),원
2023-11-21,1292.4,원/미국달러(매매기준율),원
2023-11-22,1287.7,원/미국달러(매매기준율),원
2023-11-23,1295.7,원/미국달러(매매기준율),원
2023-11-24,1298.7,원/미국달러(매매기준율),원
2023-11-27,1302.1,원/미국달러(매매기준율),원
2023-11-28,1304.7,원/미국달러(매매기준율),원
2023-11-29,1294.0,원/미국달러(매매기준율),원
2023-11-30,1289.0,원/미국달러(매매기준율),원
2023-12-01,1290.4,원/미국달러(매매기준율),원
2023-12-04,1303.2,원/미국달러(매매기준율),원
2023-12-05,1301.8,원/미국달러(매매기준율),원
2023-12-06,1311.7,원/미국달러(매매기준율),원
2023-12-07,1312.4,원/미국달러(매매기준율),원
2023-12-08,1322.7,원/미국달러(매매기준율),원
2023-12-11,1307.9,원/미국달러(매매기준율),원
2023-12-12,1318.3,원/미국달러(매매기준율),원
2023-12-13,1315.7,원/미국달러(매매기준율),원
2023-12-14,1316.5,원/미국달러(매매기준율),원
2023-12-15,1295.6,원/미국달러(매매기준율),원
2023-12-18,1294.7,원/미국달러(매매기준율),원
2023-12-19,1298.7,원/미국달러(매매기준율),원
2023-12-20,1304.7,원/미국달러(매매기준율),원
2023-12-21,1300.2,원/미국달러(매매기준율),원
2023-12-22,1303.8,원/미국달러(매매기준율),원
2023-12-26,1300.7,원/미국달러(매매기준율),원
2023-12-27,1296.8,원/미국달러(매매기준율),원
2023-12-28,1294.4,원/미국달러(매매기준율),원
2023-12-29,1289.4,원/미국달러(매매기준율),원
2024-01-02,1289.4,원/미국달러(매매기준율),원
2024-01-03,1299.3,원/미국달러(매매기준율),원
2024-01-04,1308.8,원/미국달러(매매기준율),원
2024-01-05,1310.2,원/미국달러(매매기준율),원
2024-01-08,1313.7,원/미국달러(매매기준율),원
2024-01-09,1314.8,원/미국달러(매매기준율),원
2024-01-10,1312.1,원/미국달러(매매기준율),원
2024-01-11,1320.1,원/미국달러(매매기준율),원
2024-01-12,1316.0,원/미국달러(매매기준율),원
2024-01-15,1314.1,원/미국달러(매매기준율),원
2024-01-16,1319.3,원/미국달러(매매기준율),원
2024-01-17,1329.0,원/미국달러(매매기준율),원
2024-01-18,1343.2,원/미국달러(매매기준율),원
2024-01-19,1342.4,원/미국달러(매매기준율),원
2024-01-22,1336.5,원/미국달러(매매기준율),원
2024-01-23,1334.7,원/미국달러(매매기준율),원
2024-01-24,1336.0,원/미국달러(매매기준율),원
2024-01-25,1339.1,원/미국달러(매매기준율),원
2024-01-26,1335.7,원/미국달러(매매기준율),원
2024-01-29,1336.6,원/미국달러(매매기준율),원
2024-01-30,1336.9,원/미국달러(매매기준율),원
2024-01-31,1330.6,원/미국달러(매매기준율),원
2024-02-01,1333.5,원/미국달러(매매기준율),원
2024-02-02,1332.5,원/미국달러(매매기준율),원
2024-02-05,1325.1,원/미국달러(매매기준율),원
2024-02-06,1334.6,원/미국달러(매매기준율),원
2024-02-07,1329.6,원/미국달러(매매기준율),원
2024-02-08,1325.3,원/미국달러(매매기준율),원
2024-02-13,1327.2,원/미국달러(매매기준율),원
2024-02-14,1328.4,원/미국달러(매매기준율),원
2024-02-15,1336.9,원/미국달러(매매기준율),원
2024-02-16,1333.2,원/미국달러(매매기준율),원
2024-02-19,1333.0,원/미국달러(매매기준율),원
2024-02-20,1333.8,원/미국달러(매매기준율),원
2024-02-21,1337.9,원/미국달러(매매기준율),원
2024-02-22,1335.0,원/미국달러(매매기준율),원
2024-02-23,1331.0,원/미국달러(매매기준율),원
2024-02-26,1329.3,원/미국달러(매매기준율),원
2024-02-27,1331.4,원/미국달러(매매기준율),원
2024-02-28,1331.3,원/미국달러(매매기준율),원
2024-02-29,1334.0,원/미국달러(매매기준율),원
2024-03-04,1334.1,원/미국달러(매매기준율),원
2024-03-05,1330.1,원/미국달러(매매기준율),원
2024-03-06,1333.2,원/미국달러(매매기준율),원
2024-03-07,1335.7,원/미국달러(매매기준율),원
2024-03-08,1329.6,원/미국달러(매매기준율),원
2024-03-11,1323.1,원/미국달러(매매기준율),원
2024-03-12,1314.4,원/미국달러(매매기준율),원
2024-03-13,1311.1,원/미국달러(매매기준율),원
2024-03-14,1312.8,원/미국달러(매매기준율),원
2024-03-15,1316.9,원/미국달러(매매기준율),원
2024-03-18,1328.4,원/미국달러(매매기준율),원
2024-03-19,1333.0,원/미국달러(매매기준율),원
2024-03-20,1338.5,원/미국달러(매매기준율),원
2024-03-21,1338.7,원/미국달러(매매기준율),원
2024-03-22,1326.3,원/미국달러(매매기준율),원
2024-03-25,1336.1,원/미국달러(매매기준율),원
2024-03-26,1340.7,원/미국달러(매매기준율),원
2024-03-27,1338.6,원/미국달러(매매기준율),원
2024-03-28,1345.8,원/미국달러(매매기준율),원
2024-03-29,1346.8,원/미국달러(매매기준율),원
2024-04-01,1347.4,원/미국달러(매매기준율),원
2024-04-02,1347.1,원/미국달러(매매기준율),원
2024-04-03,1353.0,원/미국달러(매매기준율),원
2024-04-04,1349.1,원/미국달러(매매기준율),원
2024-04-05,1346.8,원/미국달러(매매기준율),원
2024-04-08,1351.8,원/미국달러(매매기준율),원
2024-04-09,1353.6,원/미국달러(매매기준율),원
2024-04-11,1354.4,원/미국달러(매매기준율),원
2024-04-12,1363.7,원/미국달러(매매기준율),원
2024-04-15,1371.6,원/미국달러(매매기준율),원
2024-04-16,1383.7,원/미국달러(매매기준율),원
2024-04-17,1395.3,원/미국달러(매매기준율),원
2024-04-18,1386.3,원/미국달러(매매기준율),원
2024-04-19,1375.9,원/미국달러(매매기준율),원
2024-04-22,1385.0,원/미국달러(매매기준율),원
2024-04-23,1380.6,원/미국달러(매매기준율),원
2024-04-24,1377.9,원/미국달러(매매기준율),원
2024-04-25,1370.0,원/미국달러(매매기준율),원
2024-04-26,1376.6,원/미국달러(매매기준율),원
2024-04-29,1375.9,원/미국달러(매매기준율),원
2024-04-30,1378.7,원/미국달러(매매기준율),원
2024-05-02,1378.0,원/미국달러(매매기준율),원
2024-05-03,1378.5,원/미국달러(매매기준율),원
2024-05-07,1365.2,원/미국달러(매매기준율),원
2024-05-08,1357.8,원/미국달러(매매기준율),원
2024-05-09,1364.4,원/미국달러(매매기준율),원
2024-05-10,1367.9,원/미국달러(매매기준율),원
2024-05-13,1367.9,원/미국달러(매매기준율),원
2024-05-14,1370.1,원/미국달러(매매기준율),원
2024-05-16,1369.0,원/미국달러(매매기준율),원
2024-05-17,1349.4,원/미국달러(매매기준율),원
2024-05-20,1355.2,원/미국달러(매매기준율),원
2024-05-21,1356.2,원/미국달러(매매기준율),원
2024-05-22,1364.4,원/미국달러(매매기준율),원
2024-05-23,1363.1,원/미국달러(매매기준율),원
2024-05-24,1364.5,원/미국달러(매매기준율),원
2024-05-27,1370.0,원/미국달러(매매기준율),원
2024-05-28,1365.4,원/미국달러(매매기준율),원
2024-05-29,1359.5,원/미국달러(매매기준율),원
2024-05-30,1364.8,원/미국달러(매매기준율),원
2024-05-31,1376.5,원/미국달러(매매기준율),원
2024-06-03,1381.6,원/미국달러(매매기준율),원
2024-06-04,1377.6,원/미국달러(매매기준율),원
2024-06-05,1373.1,원/미국달러(매매기준율),원
2024-06-07,1371.5,원/미국달러(매매기준율),원
2024-06-10,1366.9,원/미국달러(매매기준율),원
2024-06-11,1377.9,원/미국달러(매매기준율),원
2024-06-12,1377.4,원/미국달러(매매기준율),원
2024-06-13,1377.8,원/미국달러(매매기준율),원
2024-06-14,1371.0,원/미국달러(매매기준율),원
2024-06-17,1377.7,원/미국달러(매매기준율),원
2024-06-18,1380.4,원/미국달러(매매기준율),원
2024-06-19,1380.5,원/미국달러(매매기준율),원
2024-06-20,1380.8,원/미국달러(매매기준율),원
2024-06-21,1383.8,원/미국달러(매매기준율),원
2024-06-24,1389.1,원/미국달러(매매기준율),원
2024-06-25,1389.7,원/미국달러(매매기준율),원
2024-06-26,1386.4,원/미국달러(매매기준율),원
2024-06-27,1390.1,원/미국달러(매매기준율),원
2024-06-28,1389.2,원/미국달러(매매기준율),원
2024-07-01,1382.4,원/미국달러(매매기준율),원
2024-07-02,1380.8,원/미국달러(매매기준율),원
2024-07-03,1387.4,원/미국달러(매매기준율),원
2024-07-04,1389.4,원/미국달러(매매기준율),원
2024-07-05,1381.9,원/미국달러(매매기준율),원
2024-07-08,1379.0,원/미국달러(매매기준율),원
2024-07-09,1379.4,원/미국달러(매매기준율),원
2024-07-10,1383.4,원/미국달러(매매기준율),원
2024-07-11,1385.6,원/미국달러(매매기준율),원
2024-07-12,1380.1,원/미국달러(매매기준율),원
2024-07-15,1376.3,원/미국달러(매매기준율),원
2024-07-16,1381.9,원/미국달러(매매기준율),원
2024-07-17,1386.0,원/미국달러(매매기준율),원
2024-07-18,1381.5,원/미국달러(매매기준율),원
2024-07-19,1379.9,원/미국달러(매매기준율),원
2024-07-22,1386.6,원/미국달러(매매기준율),원
2024-07-23,1388.6,원/미국달러(매매기준율),원
2024-07-24,1385.1,원/미국달러(매매기준율),원
2024-07-25,1385.1,원/미국달러(매매기준율),원
2024-07-26,1385.4,원/미국달러(매매기준율),원
2024-07-29,1385.4,원/미국달러(매매기준율),원
2024-07-30,1382.0,원/미국달러(매매기준율),원
2024-07-31,1384.6,원/미국달러(매매기준율),원
2024-08-01,1380.1,원/미국달러(매매기준율),원
2024-08-02,1365.9,원/미국달러(매매기준율),원
2024-08-05,1372.8,원/미국달러(매매기준율),원
2024-08-06,1360.6,원/미국달러(매매기준율),원
2024-08-07,1372.2,원/미국달러(매매기준율),원
2024-08-08,1376.4,원/미국달러(매매기준율),원
2024-08-09,1377.7,원/미국달러(매매기준율),원
2024-08-12,1369.4,원/미국달러(매매기준율),원
2024-08-13,1367.7,원/미국달러(매매기준율),원
2024-08-14,1370.3,원/미국달러(매매기준율),원
2024-08-16,1361.4,원/미국달러(매매기준율),원
2024-08-19,1360.1,원/미국달러(매매기준율),원
2024-08-20,1337.8,원/미국달러(매매기준율),원
2024-08-21,1332.0,원/미국달러(매매기준율),원
2024-08-22,1332.4,원/미국달러(매매기준율),원
2024-08-23,1335.9,원/미국달러(매매기준율),원
2024-08-26,1340.1,원/미국달러(매매기준율),원
2024-08-27,1323.9,원/미국달러(매매기준율),원
2024-08-28,1330.4,원/미국달러(매매기준율),원
2024-08-29,1334.7,원/미국달러(매매기준율),원
2024-08-30,1335.3,원/미국달러(매매기준율),원
2024-09-02,1334.8,원/미국달러(매매기준율),원
2024-09-03,1338.8,원/미국달러(매매기준율),원
2024-09-04,1341.0,원/미국달러(매매기준율),원
2024-09-05,1342.0,원/미국달러(매매기준율),원
2024-09-06,1335.8,원/미국달러(매매기준율),원
2024-09-09,1330.4,원/미국달러(매매기준율),원
2024-09-10,1339.5,원/미국달러(매매기준율),원
2024-09-11,1344.3,원/미국달러(매매기준율),원
2024-09-12,1340.3,원/미국달러(매매기준율),원
2024-09-13,1339.6,원/미국달러(매매기준율),원
2024-09-19,1331.0,원/미국달러(매매기준율),원
2024-09-20,1331.8,원/미국달러(매매기준율),원
2024-09-23,1329.9,원/미국달러(매매기준율),원
2024-09-24,1335.5,원/미국달러(매매기준율),원
2024-09-25,1334.3,원/미국달러(매매기준율),원
2024-09-26,1328.4,원/미국달러(매매기준율),원
2024-09-27,1329.7,원/미국달러(매매기준율),원
2024-09-30,1319.6,원/미국달러(매매기준율),원
2024-10-02,1306.9,원/미국달러(매매기준율),원
2024-10-04,1320.1,원/미국달러(매매기준율),원
2024-10-07,1333.3,원/미국달러(매매기준율),원
2024-10-08,1346.5,원/미국달러(매매기준율),원
2024-10-10,1347.8,원/미국달러(매매기준율),원
2024-10-11,1349.4,원/미국달러(매매기준율),원
2024-10-14,1348.6,원/미국달러(매매기준율),원
2024-10-15,1354.9,원/미국달러(매매기준율),원
2024-10-16,1360.4,원/미국달러(매매기준율),원
2024-10-17,1363.7,원/미국달러(매매기준율),원
2024-10-18,1366.5,원/미국달러(매매기준율),원
2024-10-21,1371.1,원/미국달러(매매기준율),원
2024-10-22,1370.4,원/미국달러(매매기준율),원
2024-10-23,1380.1,원/미국달러(매매기준율),원
2024-10-24,1382.0,원/미국달러(매매기준율),원
2024-10-25,1380.5,원/미국달러(매매기준율),원
2024-10-28,1384.4,원/미국달러(매매기준율),원
2024-10-29,1387.0,원/미국달러(매매기준율),원
2024-10-30,1383.1,원/미국달러(매매기준율),원
2024-10-31,1383.3,원/미국달러(매매기준율),원
2024-11-01,1379.3,원/미국달러(매매기준율),원
2024-11-04,1377.9,원/미국달러(매매기준율),원
2024-11-05,1371.3,원/미국달러(매매기준율),원
2024-11-06,1377.8,원/미국달러(매매기준율),원
2024-11-07,1391.5,원/미국달러(매매기준율),원
2024-11-08,1399.1,원/미국달러(매매기준율),원
2024-11-11,1385.4,원/미국달러(매매기준율),원
2024-11-12,1395.3,원/미국달러(매매기준율),원
2024-11-13,1401.1,원/미국달러(매매기준율),원
2024-11-14,1407.3,원/미국달러(매매기준율),원
2024-11-15,1406.4,원/미국달러(매매기준율),원
2024-11-18,1402.8,원/미국달러(매매기준율),원
2024-11-19,1392.6,원/미국달러(매매기준율),원
2024-11-20,1392.0,원/미국달러(매매기준율),원
2024-11-21,1391.6,원/미국달러(매매기준율),원
2024-11-22,1398.1,원/미국달러(매매기준율),원
2024-11-25,1400.5,원/미국달러(매매기준율),원
2024-11-26,1398.2,원/미국달러(매매기준율),원
2024-11-27,1401.2,원/미국달러(매매기준율),원
2024-11-28,1396.8,원/미국달러(매매기준율),원
2024-11-29,1394.7,원/미국달러(매매기준율),원
2024-12-02,1395.1,원/미국달러(매매기준율),원
2024-12-03,1402.0,원/미국달러(매매기준율),원
2024-12-04,1403.4,원/미국달러(매매기준율),원
2024-12-05,1413.0,원/미국달러(매매기준율),원
2024-12-06,1414.9,원/미국달러(매매기준율),원
2024-12-09,1419.4,원/미국달러(매매기준율),원
2024-12-10,1433.2,원/미국달러(매매기준율),원
2024-12-11,1428.1,원/미국달러(매매기준율),원
2024-12-12,1431.4,원/미국달러(매매기준율),원
2024-12-13,1431.5,원/미국달러(매매기준율),원
2024-12-16,1432.7,원/미국달러(매매기준율),원
2024-12-17,1434.9,원/미국달러(매매기준율),원
2024-12-18,1436.6,원/미국달러(매매기준율),원
2024-12-19,1436.8,원/미국달러(매매기준율),원
2024-12-20,1449.7,원/미국달러(매매기준율),원
2024-12-23,1450.3,원/미국달러(매매기준율),원
2024-12-24,1449.3,원/미국달러(매매기준율),원
2024-12-26,1453.6,원/미국달러(매매기준율),원
2024-12-27,1462.9,원/미국달러(매매기준율),원
2024-12-30,1474.1,원/미국달러(매매기준율),원
2024-12-31,1470.0,원/미국달러(매매기준율),원
