날짜,회사채3년AA금리,항목명,단위
2015-01-02,2.464,"회사채(3년, AA-)",연%
2015-01-05,2.446,"회사채(3년, AA-)",연%
2015-01-06,2.408,"회사채(3년, AA-)",연%
2015-01-07,2.408,"회사채(3년, AA-)",연%
2015-01-08,2.403,"회사채(3년, AA-)",연%
2015-01-09,2.391,"회사채(3년, AA-)",연%
2015-01-12,2.339,"회사채(3년, AA-)",연%
2015-01-13,2.343,"회사채(3년, AA-)",연%
2015-01-14,2.296,"회사채(3년, AA-)",연%
2015-01-15,2.362,"회사채(3년, AA-)",연%
2015-01-16,2.33,"회사채(3년, AA-)",연%
2015-01-19,2.359,"회사채(3년, AA-)",연%
2015-01-20,2.346,"회사채(3년, AA-)",연%
2015-01-21,2.361,"회사채(3년, AA-)",연%
2015-01-22,2.377,"회사채(3년, AA-)",연%
2015-01-23,2.333,"회사채(3년, AA-)",연%
2015-01-26,2.322,"회사채(3년, AA-)",연%
2015-01-27,2.325,"회사채(3년, AA-)",연%
2015-01-28,2.303,"회사채(3년, AA-)",연%
2015-01-29,2.296,"회사채(3년, AA-)",연%
2015-01-30,2.274,"회사채(3년, AA-)",연%
2015-02-02,2.28,"회사채(3년, AA-)",연%
2015-02-03,2.241,"회사채(3년, AA-)",연%
2015-02-04,2.258,"회사채(3년, AA-)",연%
2015-02-05,2.266,"회사채(3년, AA-)",연%
2015-02-06,2.251,"회사채(3년, AA-)",연%
2015-02-09,2.264,"회사채(3년, AA-)",연%
2015-02-10,2.321,"회사채(3년, AA-)",연%
2015-02-11,2.318,"회사채(3년, AA-)",연%
2015-02-12,2.34,"회사채(3년, AA-)",연%
2015-02-13,2.321,"회사채(3년, AA-)",연%
2015-02-16,2.356,"회사채(3년, AA-)",연%
2015-02-17,2.323,"회사채(3년, AA-)",연%
2015-02-23,2.332,"회사채(3년, AA-)",연%
2015-02-24,2.334,"회사채(3년, AA-)",연%
2015-02-25,2.307,"회사채(3년, AA-)",연%
2015-02-26,2.302,"회사채(3년, AA-)",연%
2015-02-27,2.291,"회사채(3년, AA-)",연%
2015-03-02,2.263,"회사채(3년, AA-)",연%
2015-03-03,2.258,"회사채(3년, AA-)",연%
2015-03-04,2.25,"회사채(3년, AA-)",연%
2015-03-05,2.246,"회사채(3년, AA-)",연%
2015-03-06,2.214,"회사채(3년, AA-)",연%
2015-03-09,2.202,"회사채(3년, AA-)",연%
2015-03-10,2.206,"회사채(3년, AA-)",연%
2015-03-11,2.166,"회사채(3년, AA-)",연%
2015-03-12,2.154,"회사채(3년, AA-)",연%
2015-03-13,2.129,"회사채(3년, AA-)",연%
2015-03-16,2.115,"회사채(3년, AA-)",연%
2015-03-17,2.126,"회사채(3년, AA-)",연%
2015-03-18,2.114,"회사채(3년, AA-)",연%
2015-03-19,2.083,"회사채(3년, AA-)",연%
2015-03-20,2.062,"회사채(3년, AA-)",연%
2015-03-23,2.058,"회사채(3년, AA-)",연%
2015-03-24,2.055,"회사채(3년, AA-)",연%
2015-03-25,2.045,"회사채(3년, AA-)",연%
2015-03-26,2.043,"회사채(3년, AA-)",연%
2015-03-27,2.03,"회사채(3년, AA-)",연%
2015-03-30,2.011,"회사채(3년, AA-)",연%
2015-03-31,1.992,"회사채(3년, AA-)",연%
2015-04-01,1.99,"회사채(3년, AA-)",연%
2015-04-02,1.988,"회사채(3년, AA-)",연%
2015-04-03,1.98,"회사채(3년, AA-)",연%
2015-04-06,1.971,"회사채(3년, AA-)",연%
2015-04-07,1.975,"회사채(3년, AA-)",연%
2015-04-08,1.978,"회사채(3년, AA-)",연%
2015-04-09,1.951,"회사채(3년, AA-)",연%
2015-04-10,1.963,"회사채(3년, AA-)",연%
2015-04-13,1.975,"회사채(3년, AA-)",연%
2015-04-14,1.978,"회사채(3년, AA-)",연%
2015-04-15,1.972,"회사채(3년, AA-)",연%
2015-04-16,1.976,"회사채(3년, AA-)",연%
2015-04-17,1.944,"회사채(3년, AA-)",연%
2015-04-20,1.948,"회사채(3년, AA-)",연%
2015-04-21,1.958,"회사채(3년, AA-)",연%
2015-04-22,1.959,"회사채(3년, AA-)",연%
2015-04-23,1.983,"회사채(3년, AA-)",연%
2015-04-24,2.008,"회사채(3년, AA-)",연%
2015-04-27,2.019,"회사채(3년, AA-)",연%
2015-04-28,2.062,"회사채(3년, AA-)",연%
2015-04-29,2.079,"회사채(3년, AA-)",연%
2015-04-30,2.08,"회사채(3년, AA-)",연%
2015-05-04,2.131,"회사채(3년, AA-)",연%
2015-05-06,2.193,"회사채(3년, AA-)",연%
2015-05-07,2.189,"회사채(3년, AA-)",연%
2015-05-08,2.109,"회사채(3년, AA-)",연%
2015-05-11,2.103,"회사채(3년, AA-)",연%
2015-05-12,2.177,"회사채(3년, AA-)",연%
2015-05-13,2.107,"회사채(3년, AA-)",연%
2015-05-14,2.098,"회사채(3년, AA-)",연%
2015-05-15,2.121,"회사채(3년, AA-)",연%
2015-05-18,2.129,"회사채(3년, AA-)",연%
2015-05-19,2.142,"회사채(3년, AA-)",연%
2015-05-20,2.119,"회사채(3년, AA-)",연%
2015-05-21,2.122,"회사채(3년, AA-)",연%
2015-05-22,2.114,"회사채(3년, AA-)",연%
2015-05-26,2.095,"회사채(3년, AA-)",연%
2015-05-27,2.062,"회사채(3년, AA-)",연%
2015-05-28,2.054,"회사채(3년, AA-)",연%
2015-05-29,2.006,"회사채(3년, AA-)",연%
2015-06-01,2.008,"회사채(3년, AA-)",연%
2015-06-02,1.991,"회사채(3년, AA-)",연%
2015-06-03,2.018,"회사채(3년, AA-)",연%
2015-06-04,2.027,"회사채(3년, AA-)",연%
2015-06-05,2.0,"회사채(3년, AA-)",연%
2015-06-08,1.993,"회사채(3년, AA-)",연%
2015-06-09,1.99,"회사채(3년, AA-)",연%
2015-06-10,2.011,"회사채(3년, AA-)",연%
2015-06-11,2.035,"회사채(3년, AA-)",연%
2015-06-12,2.003,"회사채(3년, AA-)",연%
2015-06-15,2.0,"회사채(3년, AA-)",연%
2015-06-16,2.001,"회사채(3년, AA-)",연%
2015-06-17,2.03,"회사채(3년, AA-)",연%
2015-06-18,2.013,"회사채(3년, AA-)",연%
2015-06-19,1.998,"회사채(3년, AA-)",연%
2015-06-22,2.015,"회사채(3년, AA-)",연%
2015-06-23,2.02,"회사채(3년, AA-)",연%
2015-06-24,2.028,"회사채(3년, AA-)",연%
2015-06-25,2.031,"회사채(3년, AA-)",연%
2015-06-26,2.03,"회사채(3년, AA-)",연%
2015-06-29,2.009,"회사채(3년, AA-)",연%
2015-06-30,2.007,"회사채(3년, AA-)",연%
2015-07-01,2.019,"회사채(3년, AA-)",연%
2015-07-02,2.042,"회사채(3년, AA-)",연%
2015-07-03,2.037,"회사채(3년, AA-)",연%
2015-07-06,2.033,"회사채(3년, AA-)",연%
2015-07-07,2.031,"회사채(3년, AA-)",연%
2015-07-08,2.015,"회사채(3년, AA-)",연%
2015-07-09,2.017,"회사채(3년, AA-)",연%
2015-07-10,2.023,"회사채(3년, AA-)",연%
2015-07-13,2.021,"회사채(3년, AA-)",연%
2015-07-14,2.017,"회사채(3년, AA-)",연%
2015-07-15,2.015,"회사채(3년, AA-)",연%
2015-07-16,2.012,"회사채(3년, AA-)",연%
2015-07-17,2.008,"회사채(3년, AA-)",연%
2015-07-20,2.002,"회사채(3년, AA-)",연%
2015-07-21,2.0,"회사채(3년, AA-)",연%
2015-07-22,1.983,"회사채(3년, AA-)",연%
2015-07-23,1.955,"회사채(3년, AA-)",연%
2015-07-24,1.945,"회사채(3년, AA-)",연%
2015-07-27,1.942,"회사채(3년, AA-)",연%
2015-07-28,1.969,"회사채(3년, AA-)",연%
2015-07-29,1.959,"회사채(3년, AA-)",연%
2015-07-30,1.979,"회사채(3년, AA-)",연%
2015-07-31,2.01,"회사채(3년, AA-)",연%
2015-08-03,2.0,"회사채(3년, AA-)",연%
2015-08-04,2.01,"회사채(3년, AA-)",연%
2015-08-05,2.026,"회사채(3년, AA-)",연%
2015-08-06,2.019,"회사채(3년, AA-)",연%
2015-08-07,2.017,"회사채(3년, AA-)",연%
2015-08-10,1.996,"회사채(3년, AA-)",연%
2015-08-11,1.977,"회사채(3년, AA-)",연%
2015-08-12,1.945,"회사채(3년, AA-)",연%
2015-08-13,1.971,"회사채(3년, AA-)",연%
2015-08-17,1.968,"회사채(3년, AA-)",연%
2015-08-18,1.96,"회사채(3년, AA-)",연%
2015-08-19,1.974,"회사채(3년, AA-)",연%
2015-08-20,1.962,"회사채(3년, AA-)",연%
2015-08-21,1.959,"회사채(3년, AA-)",연%
2015-08-24,1.947,"회사채(3년, AA-)",연%
2015-08-25,1.963,"회사채(3년, AA-)",연%
2015-08-26,1.975,"회사채(3년, AA-)",연%
2015-08-27,1.965,"회사채(3년, AA-)",연%
2015-08-28,1.978,"회사채(3년, AA-)",연%
2015-08-31,1.994,"회사채(3년, AA-)",연%
2015-09-01,1.989,"회사채(3년, AA-)",연%
2015-09-02,1.965,"회사채(3년, AA-)",연%
2015-09-03,1.949,"회사채(3년, AA-)",연%
2015-09-04,1.925,"회사채(3년, AA-)",연%
2015-09-07,1.93,"회사채(3년, AA-)",연%
2015-09-08,1.947,"회사채(3년, AA-)",연%
2015-09-09,1.962,"회사채(3년, AA-)",연%
2015-09-10,1.94,"회사채(3년, AA-)",연%
2015-09-11,1.949,"회사채(3년, AA-)",연%
2015-09-14,1.964,"회사채(3년, AA-)",연%
2015-09-15,1.952,"회사채(3년, AA-)",연%
2015-09-16,1.97,"회사채(3년, AA-)",연%
2015-09-17,1.982,"회사채(3년, AA-)",연%
2015-09-18,1.94,"회사채(3년, AA-)",연%
2015-09-21,1.925,"회사채(3년, AA-)",연%
2015-09-22,1.931,"회사채(3년, AA-)",연%
2015-09-23,1.928,"회사채(3년, AA-)",연%
2015-09-24,1.942,"회사채(3년, AA-)",연%
2015-09-25,1.93,"회사채(3년, AA-)",연%
2015-09-30,1.893,"회사채(3년, AA-)",연%
2015-10-01,1.922,"회사채(3년, AA-)",연%
2015-10-02,1.911,"회사채(3년, AA-)",연%
2015-10-05,1.904,"회사채(3년, AA-)",연%
2015-10-06,1.919,"회사채(3년, AA-)",연%
2015-10-07,1.942,"회사채(3년, AA-)",연%
2015-10-08,1.943,"회사채(3년, AA-)",연%
2015-10-12,1.976,"회사채(3년, AA-)",연%
2015-10-13,1.968,"회사채(3년, AA-)",연%
2015-10-14,1.98,"회사채(3년, AA-)",연%
2015-10-15,1.955,"회사채(3년, AA-)",연%
2015-10-16,1.956,"회사채(3년, AA-)",연%
2015-10-19,1.96,"회사채(3년, AA-)",연%
2015-10-20,1.977,"회사채(3년, AA-)",연%
2015-10-21,1.985,"회사채(3년, AA-)",연%
2015-10-22,1.992,"회사채(3년, AA-)",연%
2015-10-23,1.991,"회사채(3년, AA-)",연%
2015-10-26,1.989,"회사채(3년, AA-)",연%
2015-10-27,1.976,"회사채(3년, AA-)",연%
2015-10-28,1.975,"회사채(3년, AA-)",연%
2015-10-29,1.988,"회사채(3년, AA-)",연%
2015-10-30,2.003,"회사채(3년, AA-)",연%
2015-11-02,2.006,"회사채(3년, AA-)",연%
2015-11-03,2.019,"회사채(3년, AA-)",연%
2015-11-04,2.032,"회사채(3년, AA-)",연%
2015-11-05,2.047,"회사채(3년, AA-)",연%
2015-11-06,2.083,"회사채(3년, AA-)",연%
2015-11-09,2.157,"회사채(3년, AA-)",연%
2015-11-10,2.137,"회사채(3년, AA-)",연%
2015-11-11,2.157,"회사채(3년, AA-)",연%
2015-11-12,2.151,"회사채(3년, AA-)",연%
2015-11-13,2.145,"회사채(3년, AA-)",연%
2015-11-16,2.119,"회사채(3년, AA-)",연%
2015-11-17,2.129,"회사채(3년, AA-)",연%
2015-11-18,2.123,"회사채(3년, AA-)",연%
2015-11-19,2.109,"회사채(3년, AA-)",연%
2015-11-20,2.134,"회사채(3년, AA-)",연%
2015-11-23,2.137,"회사채(3년, AA-)",연%
2015-11-24,2.145,"회사채(3년, AA-)",연%
2015-11-25,2.147,"회사채(3년, AA-)",연%
2015-11-26,2.157,"회사채(3년, AA-)",연%
2015-11-27,2.179,"회사채(3년, AA-)",연%
2015-11-30,2.168,"회사채(3년, AA-)",연%
2015-12-01,2.162,"회사채(3년, AA-)",연%
2015-12-02,2.156,"회사채(3년, AA-)",연%
2015-12-03,2.15,"회사채(3년, AA-)",연%
2015-12-04,2.178,"회사채(3년, AA-)",연%
2015-12-07,2.182,"회사채(3년, AA-)",연%
2015-12-08,2.167,"회사채(3년, AA-)",연%
2015-12-09,2.166,"회사채(3년, AA-)",연%
2015-12-10,2.155,"회사채(3년, AA-)",연%
2015-12-11,2.162,"회사채(3년, AA-)",연%
2015-12-14,2.154,"회사채(3년, AA-)",연%
2015-12-15,2.156,"회사채(3년, AA-)",연%
2015-12-16,2.172,"회사채(3년, AA-)",연%
2015-12-17,2.153,"회사채(3년, AA-)",연%
2015-12-18,2.128,"회사채(3년, AA-)",연%
2015-12-21,2.102,"회사채(3년, AA-)",연%
2015-12-22,2.119,"회사채(3년, AA-)",연%
2015-12-23,2.115,"회사채(3년, AA-)",연%
2015-12-24,2.112,"회사채(3년, AA-)",연%
2015-12-28,2.121,"회사채(3년, AA-)",연%
2015-12-29,2.106,"회사채(3년, AA-)",연%
2015-12-30,2.113,"회사채(3년, AA-)",연%
2015-12-31,2.113,"회사채(3년, AA-)",연%
2016-01-04,2.093,"회사채(3년, AA-)",연%
2016-01-05,2.103,"회사채(3년, AA-)",연%
2016-01-06,2.099,"회사채(3년, AA-)",연%
2016-01-07,2.097,"회사채(3년, AA-)",연%
2016-01-08,2.121,"회사채(3년, AA-)",연%
2016-01-11,2.094,"회사채(3년, AA-)",연%
2016-01-12,2.097,"회사채(3년, AA-)",연%
2016-01-13,2.094,"회사채(3년, AA-)",연%
2016-01-14,2.106,"회사채(3년, AA-)",연%
2016-01-15,2.106,"회사채(3년, AA-)",연%
2016-01-18,2.107,"회사채(3년, AA-)",연%
2016-01-19,2.108,"회사채(3년, AA-)",연%
2016-01-20,2.083,"회사채(3년, AA-)",연%
2016-01-21,2.077,"회사채(3년, AA-)",연%
2016-01-22,2.087,"회사채(3년, AA-)",연%
2016-01-25,2.088,"회사채(3년, AA-)",연%
2016-01-26,2.067,"회사채(3년, AA-)",연%
2016-01-27,2.072,"회사채(3년, AA-)",연%
2016-01-28,2.085,"회사채(3년, AA-)",연%
2016-01-29,2.038,"회사채(3년, AA-)",연%
2016-02-01,2.0,"회사채(3년, AA-)",연%
2016-02-02,1.993,"회사채(3년, AA-)",연%
2016-02-03,1.968,"회사채(3년, AA-)",연%
2016-02-04,1.964,"회사채(3년, AA-)",연%
2016-02-05,1.975,"회사채(3년, AA-)",연%
2016-02-11,1.915,"회사채(3년, AA-)",연%
2016-02-12,1.94,"회사채(3년, AA-)",연%
2016-02-15,1.955,"회사채(3년, AA-)",연%
2016-02-16,1.909,"회사채(3년, AA-)",연%
2016-02-17,1.915,"회사채(3년, AA-)",연%
2016-02-18,1.93,"회사채(3년, AA-)",연%
2016-02-19,1.944,"회사채(3년, AA-)",연%
2016-02-22,1.959,"회사채(3년, AA-)",연%
2016-02-23,1.96,"회사채(3년, AA-)",연%
2016-02-24,1.95,"회사채(3년, AA-)",연%
2016-02-25,1.948,"회사채(3년, AA-)",연%
2016-02-26,1.938,"회사채(3년, AA-)",연%
2016-02-29,1.939,"회사채(3년, AA-)",연%
2016-03-02,1.953,"회사채(3년, AA-)",연%
2016-03-03,1.986,"회사채(3년, AA-)",연%
2016-03-04,2.001,"회사채(3년, AA-)",연%
2016-03-07,1.983,"회사채(3년, AA-)",연%
2016-03-08,1.966,"회사채(3년, AA-)",연%
2016-03-09,1.955,"회사채(3년, AA-)",연%
2016-03-10,1.977,"회사채(3년, AA-)",연%
2016-03-11,2.027,"회사채(3년, AA-)",연%
2016-03-14,2.014,"회사채(3년, AA-)",연%
2016-03-15,2.014,"회사채(3년, AA-)",연%
2016-03-16,2.023,"회사채(3년, AA-)",연%
2016-03-17,1.994,"회사채(3년, AA-)",연%
2016-03-18,1.981,"회사채(3년, AA-)",연%
2016-03-21,1.974,"회사채(3년, AA-)",연%
2016-03-22,1.99,"회사채(3년, AA-)",연%
2016-03-23,1.992,"회사채(3년, AA-)",연%
2016-03-24,1.981,"회사채(3년, AA-)",연%
2016-03-25,1.972,"회사채(3년, AA-)",연%
2016-03-28,1.962,"회사채(3년, AA-)",연%
2016-03-29,1.934,"회사채(3년, AA-)",연%
2016-03-30,1.934,"회사채(3년, AA-)",연%
2016-03-31,1.932,"회사채(3년, AA-)",연%
2016-04-01,1.932,"회사채(3년, AA-)",연%
2016-04-04,1.923,"회사채(3년, AA-)",연%
2016-04-05,1.93,"회사채(3년, AA-)",연%
2016-04-06,1.934,"회사채(3년, AA-)",연%
2016-04-07,1.943,"회사채(3년, AA-)",연%
2016-04-08,1.938,"회사채(3년, AA-)",연%
2016-04-11,1.938,"회사채(3년, AA-)",연%
2016-04-12,1.938,"회사채(3년, AA-)",연%
2016-04-14,1.972,"회사채(3년, AA-)",연%
2016-04-15,1.965,"회사채(3년, AA-)",연%
2016-04-18,1.975,"회사채(3년, AA-)",연%
2016-04-19,1.969,"회사채(3년, AA-)",연%
2016-04-20,1.941,"회사채(3년, AA-)",연%
2016-04-21,1.951,"회사채(3년, AA-)",연%
2016-04-22,1.944,"회사채(3년, AA-)",연%
2016-04-25,1.929,"회사채(3년, AA-)",연%
2016-04-26,1.924,"회사채(3년, AA-)",연%
2016-04-27,1.923,"회사채(3년, AA-)",연%
2016-04-28,1.914,"회사채(3년, AA-)",연%
2016-04-29,1.915,"회사채(3년, AA-)",연%
2016-05-02,1.925,"회사채(3년, AA-)",연%
2016-05-03,1.909,"회사채(3년, AA-)",연%
2016-05-04,1.895,"회사채(3년, AA-)",연%
2016-05-09,1.879,"회사채(3년, AA-)",연%
2016-05-10,1.877,"회사채(3년, AA-)",연%
2016-05-11,1.875,"회사채(3년, AA-)",연%
2016-05-12,1.878,"회사채(3년, AA-)",연%
2016-05-13,1.892,"회사채(3년, AA-)",연%
2016-05-16,1.894,"회사채(3년, AA-)",연%
2016-05-17,1.905,"회사채(3년, AA-)",연%
2016-05-18,1.92,"회사채(3년, AA-)",연%
2016-05-19,1.941,"회사채(3년, AA-)",연%
2016-05-20,1.925,"회사채(3년, AA-)",연%
2016-05-23,1.924,"회사채(3년, AA-)",연%
2016-05-24,1.904,"회사채(3년, AA-)",연%
2016-05-25,1.917,"회사채(3년, AA-)",연%
2016-05-26,1.92,"회사채(3년, AA-)",연%
2016-05-27,1.92,"회사채(3년, AA-)",연%
2016-05-30,1.951,"회사채(3년, AA-)",연%
2016-05-31,1.949,"회사채(3년, AA-)",연%
2016-06-01,1.89,"회사채(3년, AA-)",연%
2016-06-02,1.894,"회사채(3년, AA-)",연%
2016-06-03,1.876,"회사채(3년, AA-)",연%
2016-06-07,1.855,"회사채(3년, AA-)",연%
2016-06-08,1.833,"회사채(3년, AA-)",연%
2016-06-09,1.8,"회사채(3년, AA-)",연%
2016-06-10,1.79,"회사채(3년, AA-)",연%
2016-06-13,1.78,"회사채(3년, AA-)",연%
2016-06-14,1.803,"회사채(3년, AA-)",연%
2016-06-15,1.8,"회사채(3년, AA-)",연%
2016-06-16,1.779,"회사채(3년, AA-)",연%
2016-06-17,1.793,"회사채(3년, AA-)",연%
2016-06-20,1.817,"회사채(3년, AA-)",연%
2016-06-21,1.803,"회사채(3년, AA-)",연%
2016-06-22,1.815,"회사채(3년, AA-)",연%
2016-06-23,1.797,"회사채(3년, AA-)",연%
2016-06-24,1.7,"회사채(3년, AA-)",연%
2016-06-27,1.68,"회사채(3년, AA-)",연%
2016-06-28,1.688,"회사채(3년, AA-)",연%
2016-06-29,1.677,"회사채(3년, AA-)",연%
2016-06-30,1.689,"회사채(3년, AA-)",연%
2016-07-01,1.653,"회사채(3년, AA-)",연%
2016-07-04,1.662,"회사채(3년, AA-)",연%
2016-07-05,1.657,"회사채(3년, AA-)",연%
2016-07-06,1.643,"회사채(3년, AA-)",연%
2016-07-07,1.645,"회사채(3년, AA-)",연%
2016-07-08,1.648,"회사채(3년, AA-)",연%
2016-07-11,1.644,"회사채(3년, AA-)",연%
2016-07-12,1.649,"회사채(3년, AA-)",연%
2016-07-13,1.646,"회사채(3년, AA-)",연%
2016-07-14,1.64,"회사채(3년, AA-)",연%
2016-07-15,1.652,"회사채(3년, AA-)",연%
2016-07-18,1.661,"회사채(3년, AA-)",연%
2016-07-19,1.657,"회사채(3년, AA-)",연%
2016-07-20,1.654,"회사채(3년, AA-)",연%
2016-07-21,1.665,"회사채(3년, AA-)",연%
2016-07-22,1.655,"회사채(3년, AA-)",연%
2016-07-25,1.655,"회사채(3년, AA-)",연%
2016-07-26,1.65,"회사채(3년, AA-)",연%
2016-07-27,1.649,"회사채(3년, AA-)",연%
2016-07-28,1.63,"회사채(3년, AA-)",연%
2016-07-29,1.642,"회사채(3년, AA-)",연%
2016-08-01,1.637,"회사채(3년, AA-)",연%
2016-08-02,1.638,"회사채(3년, AA-)",연%
2016-08-03,1.658,"회사채(3년, AA-)",연%
2016-08-04,1.651,"회사채(3년, AA-)",연%
2016-08-05,1.64,"회사채(3년, AA-)",연%
2016-08-08,1.658,"회사채(3년, AA-)",연%
2016-08-09,1.656,"회사채(3년, AA-)",연%
2016-08-10,1.628,"회사채(3년, AA-)",연%
2016-08-11,1.632,"회사채(3년, AA-)",연%
2016-08-12,1.638,"회사채(3년, AA-)",연%
2016-08-16,1.628,"회사채(3년, AA-)",연%
2016-08-17,1.641,"회사채(3년, AA-)",연%
2016-08-18,1.633,"회사채(3년, AA-)",연%
2016-08-19,1.635,"회사채(3년, AA-)",연%
2016-08-22,1.638,"회사채(3년, AA-)",연%
2016-08-23,1.632,"회사채(3년, AA-)",연%
2016-08-24,1.632,"회사채(3년, AA-)",연%
2016-08-25,1.637,"회사채(3년, AA-)",연%
2016-08-26,1.64,"회사채(3년, AA-)",연%
2016-08-29,1.668,"회사채(3년, AA-)",연%
2016-08-30,1.671,"회사채(3년, AA-)",연%
2016-08-31,1.694,"회사채(3년, AA-)",연%
2016-09-01,1.713,"회사채(3년, AA-)",연%
2016-09-02,1.708,"회사채(3년, AA-)",연%
2016-09-05,1.693,"회사채(3년, AA-)",연%
2016-09-06,1.687,"회사채(3년, AA-)",연%
2016-09-07,1.666,"회사채(3년, AA-)",연%
2016-09-08,1.675,"회사채(3년, AA-)",연%
2016-09-09,1.706,"회사채(3년, AA-)",연%
2016-09-12,1.735,"회사채(3년, AA-)",연%
2016-09-13,1.733,"회사채(3년, AA-)",연%
2016-09-19,1.734,"회사채(3년, AA-)",연%
2016-09-20,1.728,"회사채(3년, AA-)",연%
2016-09-21,1.722,"회사채(3년, AA-)",연%
2016-09-22,1.696,"회사채(3년, AA-)",연%
2016-09-23,1.7,"회사채(3년, AA-)",연%
2016-09-26,1.706,"회사채(3년, AA-)",연%
2016-09-27,1.706,"회사채(3년, AA-)",연%
2016-09-28,1.704,"회사채(3년, AA-)",연%
2016-09-29,1.701,"회사채(3년, AA-)",연%
2016-09-30,1.669,"회사채(3년, AA-)",연%
2016-10-04,1.694,"회사채(3년, AA-)",연%
2016-10-05,1.727,"회사채(3년, AA-)",연%
2016-10-06,1.732,"회사채(3년, AA-)",연%
2016-10-07,1.737,"회사채(3년, AA-)",연%
2016-10-10,1.75,"회사채(3년, AA-)",연%
2016-10-11,1.783,"회사채(3년, AA-)",연%
2016-10-12,1.774,"회사채(3년, AA-)",연%
2016-10-13,1.749,"회사채(3년, AA-)",연%
2016-10-14,1.75,"회사채(3년, AA-)",연%
2016-10-17,1.78,"회사채(3년, AA-)",연%
2016-10-18,1.78,"회사채(3년, AA-)",연%
2016-10-19,1.78,"회사채(3년, AA-)",연%
2016-10-20,1.781,"회사채(3년, AA-)",연%
2016-10-21,1.804,"회사채(3년, AA-)",연%
2016-10-24,1.808,"회사채(3년, AA-)",연%
2016-10-25,1.824,"회사채(3년, AA-)",연%
2016-10-26,1.829,"회사채(3년, AA-)",연%
2016-10-27,1.835,"회사채(3년, AA-)",연%
2016-10-28,1.856,"회사채(3년, AA-)",연%
2016-10-31,1.852,"회사채(3년, AA-)",연%
2016-11-01,1.868,"회사채(3년, AA-)",연%
2016-11-02,1.854,"회사채(3년, AA-)",연%
2016-11-03,1.85,"회사채(3년, AA-)",연%
2016-11-04,1.852,"회사채(3년, AA-)",연%
2016-11-07,1.848,"회사채(3년, AA-)",연%
2016-11-08,1.844,"회사채(3년, AA-)",연%
2016-11-09,1.823,"회사채(3년, AA-)",연%
2016-11-10,1.884,"회사채(3년, AA-)",연%
2016-11-11,1.924,"회사채(3년, AA-)",연%
2016-11-14,2.013,"회사채(3년, AA-)",연%
2016-11-15,2.025,"회사채(3년, AA-)",연%
2016-11-16,2.074,"회사채(3년, AA-)",연%
2016-11-17,2.097,"회사채(3년, AA-)",연%
2016-11-18,2.132,"회사채(3년, AA-)",연%
2016-11-21,2.132,"회사채(3년, AA-)",연%
2016-11-22,2.141,"회사채(3년, AA-)",연%
2016-11-23,2.172,"회사채(3년, AA-)",연%
2016-11-24,2.215,"회사채(3년, AA-)",연%
2016-11-25,2.219,"회사채(3년, AA-)",연%
2016-11-28,2.18,"회사채(3년, AA-)",연%
2016-11-29,2.152,"회사채(3년, AA-)",연%
2016-11-30,2.152,"회사채(3년, AA-)",연%
2016-12-01,2.175,"회사채(3년, AA-)",연%
2016-12-02,2.194,"회사채(3년, AA-)",연%
2016-12-05,2.177,"회사채(3년, AA-)",연%
2016-12-06,2.189,"회사채(3년, AA-)",연%
2016-12-07,2.188,"회사채(3년, AA-)",연%
2016-12-08,2.167,"회사채(3년, AA-)",연%
2016-12-09,2.187,"회사채(3년, AA-)",연%
2016-12-12,2.197,"회사채(3년, AA-)",연%
2016-12-13,2.153,"회사채(3년, AA-)",연%
2016-12-14,2.125,"회사채(3년, AA-)",연%
2016-12-15,2.169,"회사채(3년, AA-)",연%
2016-12-16,2.159,"회사채(3년, AA-)",연%
2016-12-19,2.164,"회사채(3년, AA-)",연%
2016-12-20,2.172,"회사채(3년, AA-)",연%
2016-12-21,2.156,"회사채(3년, AA-)",연%
2016-12-22,2.14,"회사채(3년, AA-)",연%
2016-12-23,2.149,"회사채(3년, AA-)",연%
2016-12-26,2.155,"회사채(3년, AA-)",연%
2016-12-27,2.147,"회사채(3년, AA-)",연%
2016-12-28,2.135,"회사채(3년, AA-)",연%
2016-12-29,2.128,"회사채(3년, AA-)",연%
2016-12-30,2.128,"회사채(3년, AA-)",연%
2017-01-02,2.12,"회사채(3년, AA-)",연%
2017-01-03,2.097,"회사채(3년, AA-)",연%
2017-01-04,2.095,"회사채(3년, AA-)",연%
2017-01-05,2.072,"회사채(3년, AA-)",연%
2017-01-06,2.086,"회사채(3년, AA-)",연%
2017-01-09,2.115,"회사채(3년, AA-)",연%
2017-01-10,2.098,"회사채(3년, AA-)",연%
2017-01-11,2.105,"회사채(3년, AA-)",연%
2017-01-12,2.075,"회사채(3년, AA-)",연%
2017-01-13,2.089,"회사채(3년, AA-)",연%
2017-01-16,2.092,"회사채(3년, AA-)",연%
2017-01-17,2.083,"회사채(3년, AA-)",연%
2017-01-18,2.102,"회사채(3년, AA-)",연%
2017-01-19,2.135,"회사채(3년, AA-)",연%
2017-01-20,2.117,"회사채(3년, AA-)",연%
2017-01-23,2.104,"회사채(3년, AA-)",연%
2017-01-24,2.093,"회사채(3년, AA-)",연%
2017-01-25,2.111,"회사채(3년, AA-)",연%
2017-01-26,2.151,"회사채(3년, AA-)",연%
2017-01-31,2.14,"회사채(3년, AA-)",연%
2017-02-01,2.151,"회사채(3년, AA-)",연%
2017-02-02,2.139,"회사채(3년, AA-)",연%
2017-02-03,2.149,"회사채(3년, AA-)",연%
2017-02-06,2.126,"회사채(3년, AA-)",연%
2017-02-07,2.105,"회사채(3년, AA-)",연%
2017-02-08,2.112,"회사채(3년, AA-)",연%
2017-02-09,2.109,"회사채(3년, AA-)",연%
2017-02-10,2.127,"회사채(3년, AA-)",연%
2017-02-13,2.123,"회사채(3년, AA-)",연%
2017-02-14,2.113,"회사채(3년, AA-)",연%
2017-02-15,2.126,"회사채(3년, AA-)",연%
2017-02-16,2.121,"회사채(3년, AA-)",연%
2017-02-17,2.121,"회사채(3년, AA-)",연%
2017-02-20,2.135,"회사채(3년, AA-)",연%
2017-02-21,2.137,"회사채(3년, AA-)",연%
2017-02-22,2.155,"회사채(3년, AA-)",연%
2017-02-23,2.141,"회사채(3년, AA-)",연%
2017-02-24,2.133,"회사채(3년, AA-)",연%
2017-02-27,2.129,"회사채(3년, AA-)",연%
2017-02-28,2.138,"회사채(3년, AA-)",연%
2017-03-02,2.18,"회사채(3년, AA-)",연%
2017-03-03,2.182,"회사채(3년, AA-)",연%
2017-03-06,2.217,"회사채(3년, AA-)",연%
2017-03-07,2.257,"회사채(3년, AA-)",연%
2017-03-08,2.256,"회사채(3년, AA-)",연%
2017-03-09,2.265,"회사채(3년, AA-)",연%
2017-03-10,2.258,"회사채(3년, AA-)",연%
2017-03-13,2.248,"회사채(3년, AA-)",연%
2017-03-14,2.244,"회사채(3년, AA-)",연%
2017-03-15,2.247,"회사채(3년, AA-)",연%
2017-03-16,2.196,"회사채(3년, AA-)",연%
2017-03-17,2.187,"회사채(3년, AA-)",연%
2017-03-20,2.188,"회사채(3년, AA-)",연%
2017-03-21,2.187,"회사채(3년, AA-)",연%
2017-03-22,2.179,"회사채(3년, AA-)",연%
2017-03-23,2.184,"회사채(3년, AA-)",연%
2017-03-24,2.199,"회사채(3년, AA-)",연%
2017-03-27,2.174,"회사채(3년, AA-)",연%
2017-03-28,2.18,"회사채(3년, AA-)",연%
2017-03-29,2.179,"회사채(3년, AA-)",연%
2017-03-30,2.186,"회사채(3년, AA-)",연%
2017-03-31,2.183,"회사채(3년, AA-)",연%
2017-04-03,2.184,"회사채(3년, AA-)",연%
2017-04-04,2.161,"회사채(3년, AA-)",연%
2017-04-05,2.169,"회사채(3년, AA-)",연%
2017-04-06,2.192,"회사채(3년, AA-)",연%
2017-04-07,2.198,"회사채(3년, AA-)",연%
2017-04-10,2.234,"회사채(3년, AA-)",연%
2017-04-11,2.205,"회사채(3년, AA-)",연%
2017-04-12,2.199,"회사채(3년, AA-)",연%
2017-04-13,2.187,"회사채(3년, AA-)",연%
2017-04-14,2.19,"회사채(3년, AA-)",연%
2017-04-17,2.187,"회사채(3년, AA-)",연%
2017-04-18,2.191,"회사채(3년, AA-)",연%
2017-04-19,2.185,"회사채(3년, AA-)",연%
2017-04-20,2.191,"회사채(3년, AA-)",연%
2017-04-21,2.202,"회사채(3년, AA-)",연%
2017-04-24,2.22,"회사채(3년, AA-)",연%
2017-04-25,2.203,"회사채(3년, AA-)",연%
2017-04-26,2.207,"회사채(3년, AA-)",연%
2017-04-27,2.199,"회사채(3년, AA-)",연%
2017-04-28,2.2,"회사채(3년, AA-)",연%
2017-05-02,2.216,"회사채(3년, AA-)",연%
2017-05-04,2.206,"회사채(3년, AA-)",연%
2017-05-08,2.231,"회사채(3년, AA-)",연%
2017-05-10,2.256,"회사채(3년, AA-)",연%
2017-05-11,2.252,"회사채(3년, AA-)",연%
2017-05-12,2.237,"회사채(3년, AA-)",연%
2017-05-15,2.237,"회사채(3년, AA-)",연%
2017-05-16,2.24,"회사채(3년, AA-)",연%
2017-05-17,2.207,"회사채(3년, AA-)",연%
2017-05-18,2.207,"회사채(3년, AA-)",연%
2017-05-19,2.195,"회사채(3년, AA-)",연%
2017-05-22,2.211,"회사채(3년, AA-)",연%
2017-05-23,2.202,"회사채(3년, AA-)",연%
2017-05-24,2.216,"회사채(3년, AA-)",연%
2017-05-25,2.207,"회사채(3년, AA-)",연%
2017-05-26,2.204,"회사채(3년, AA-)",연%
2017-05-29,2.202,"회사채(3년, AA-)",연%
2017-05-30,2.189,"회사채(3년, AA-)",연%
2017-05-31,2.193,"회사채(3년, AA-)",연%
2017-06-01,2.179,"회사채(3년, AA-)",연%
2017-06-02,2.166,"회사채(3년, AA-)",연%
2017-06-05,2.158,"회사채(3년, AA-)",연%
2017-06-07,2.157,"회사채(3년, AA-)",연%
2017-06-08,2.173,"회사채(3년, AA-)",연%
2017-06-09,2.17,"회사채(3년, AA-)",연%
2017-06-12,2.225,"회사채(3년, AA-)",연%
2017-06-13,2.194,"회사채(3년, AA-)",연%
2017-06-14,2.213,"회사채(3년, AA-)",연%
2017-06-15,2.212,"회사채(3년, AA-)",연%
2017-06-16,2.227,"회사채(3년, AA-)",연%
2017-06-19,2.216,"회사채(3년, AA-)",연%
2017-06-20,2.218,"회사채(3년, AA-)",연%
2017-06-21,2.225,"회사채(3년, AA-)",연%
2017-06-22,2.235,"회사채(3년, AA-)",연%
2017-06-23,2.223,"회사채(3년, AA-)",연%
2017-06-26,2.222,"회사채(3년, AA-)",연%
2017-06-27,2.218,"회사채(3년, AA-)",연%
2017-06-28,2.246,"회사채(3년, AA-)",연%
2017-06-29,2.241,"회사채(3년, AA-)",연%
2017-06-30,2.24,"회사채(3년, AA-)",연%
2017-07-03,2.256,"회사채(3년, AA-)",연%
2017-07-04,2.28,"회사채(3년, AA-)",연%
2017-07-05,2.285,"회사채(3년, AA-)",연%
2017-07-06,2.29,"회사채(3년, AA-)",연%
2017-07-07,2.318,"회사채(3년, AA-)",연%
2017-07-10,2.295,"회사채(3년, AA-)",연%
2017-07-11,2.3,"회사채(3년, AA-)",연%
2017-07-12,2.299,"회사채(3년, AA-)",연%
2017-07-13,2.28,"회사채(3년, AA-)",연%
2017-07-14,2.285,"회사채(3년, AA-)",연%
2017-07-17,2.292,"회사채(3년, AA-)",연%
2017-07-18,2.285,"회사채(3년, AA-)",연%
2017-07-19,2.285,"회사채(3년, AA-)",연%
2017-07-20,2.279,"회사채(3년, AA-)",연%
2017-07-21,2.262,"회사채(3년, AA-)",연%
2017-07-24,2.259,"회사채(3년, AA-)",연%
2017-07-25,2.248,"회사채(3년, AA-)",연%
2017-07-26,2.264,"회사채(3년, AA-)",연%
2017-07-27,2.25,"회사채(3년, AA-)",연%
2017-07-28,2.257,"회사채(3년, AA-)",연%
2017-07-31,2.26,"회사채(3년, AA-)",연%
2017-08-01,2.271,"회사채(3년, AA-)",연%
2017-08-02,2.27,"회사채(3년, AA-)",연%
2017-08-03,2.276,"회사채(3년, AA-)",연%
2017-08-04,2.279,"회사채(3년, AA-)",연%
2017-08-07,2.307,"회사채(3년, AA-)",연%
2017-08-08,2.331,"회사채(3년, AA-)",연%
2017-08-09,2.363,"회사채(3년, AA-)",연%
2017-08-10,2.353,"회사채(3년, AA-)",연%
2017-08-11,2.338,"회사채(3년, AA-)",연%
2017-08-14,2.338,"회사채(3년, AA-)",연%
2017-08-16,2.359,"회사채(3년, AA-)",연%
2017-08-17,2.34,"회사채(3년, AA-)",연%
2017-08-18,2.323,"회사채(3년, AA-)",연%
2017-08-21,2.325,"회사채(3년, AA-)",연%
2017-08-22,2.341,"회사채(3년, AA-)",연%
2017-08-23,2.336,"회사채(3년, AA-)",연%
2017-08-24,2.339,"회사채(3년, AA-)",연%
2017-08-25,2.306,"회사채(3년, AA-)",연%
2017-08-28,2.308,"회사채(3년, AA-)",연%
2017-08-29,2.322,"회사채(3년, AA-)",연%
2017-08-30,2.307,"회사채(3년, AA-)",연%
2017-08-31,2.304,"회사채(3년, AA-)",연%
2017-09-01,2.302,"회사채(3년, AA-)",연%
2017-09-04,2.335,"회사채(3년, AA-)",연%
2017-09-05,2.333,"회사채(3년, AA-)",연%
2017-09-06,2.324,"회사채(3년, AA-)",연%
2017-09-07,2.326,"회사채(3년, AA-)",연%
2017-09-08,2.301,"회사채(3년, AA-)",연%
2017-09-11,2.303,"회사채(3년, AA-)",연%
2017-09-12,2.301,"회사채(3년, AA-)",연%
2017-09-13,2.291,"회사채(3년, AA-)",연%
2017-09-14,2.291,"회사채(3년, AA-)",연%
2017-09-15,2.29,"회사채(3년, AA-)",연%
2017-09-18,2.294,"회사채(3년, AA-)",연%
2017-09-19,2.326,"회사채(3년, AA-)",연%
2017-09-20,2.322,"회사채(3년, AA-)",연%
2017-09-21,2.329,"회사채(3년, AA-)",연%
2017-09-22,2.322,"회사채(3년, AA-)",연%
2017-09-25,2.334,"회사채(3년, AA-)",연%
2017-09-26,2.375,"회사채(3년, AA-)",연%
2017-09-27,2.426,"회사채(3년, AA-)",연%
2017-09-28,2.431,"회사채(3년, AA-)",연%
2017-09-29,2.429,"회사채(3년, AA-)",연%
2017-10-10,2.476,"회사채(3년, AA-)",연%
2017-10-11,2.469,"회사채(3년, AA-)",연%
2017-10-12,2.443,"회사채(3년, AA-)",연%
2017-10-13,2.46,"회사채(3년, AA-)",연%
2017-10-16,2.473,"회사채(3년, AA-)",연%
2017-10-17,2.489,"회사채(3년, AA-)",연%
2017-10-18,2.477,"회사채(3년, AA-)",연%
2017-10-19,2.55,"회사채(3년, AA-)",연%
2017-10-20,2.63,"회사채(3년, AA-)",연%
2017-10-23,2.584,"회사채(3년, AA-)",연%
2017-10-24,2.61,"회사채(3년, AA-)",연%
2017-10-25,2.648,"회사채(3년, AA-)",연%
2017-10-26,2.729,"회사채(3년, AA-)",연%
2017-10-27,2.716,"회사채(3년, AA-)",연%
2017-10-30,2.697,"회사채(3년, AA-)",연%
2017-10-31,2.728,"회사채(3년, AA-)",연%
2017-11-01,2.705,"회사채(3년, AA-)",연%
2017-11-02,2.688,"회사채(3년, AA-)",연%
2017-11-03,2.694,"회사채(3년, AA-)",연%
2017-11-06,2.711,"회사채(3년, AA-)",연%
2017-11-07,2.695,"회사채(3년, AA-)",연%
2017-11-08,2.709,"회사채(3년, AA-)",연%
2017-11-09,2.709,"회사채(3년, AA-)",연%
2017-11-10,2.72,"회사채(3년, AA-)",연%
2017-11-13,2.742,"회사채(3년, AA-)",연%
2017-11-14,2.771,"회사채(3년, AA-)",연%
2017-11-15,2.739,"회사채(3년, AA-)",연%
2017-11-16,2.735,"회사채(3년, AA-)",연%
2017-11-17,2.732,"회사채(3년, AA-)",연%
2017-11-20,2.713,"회사채(3년, AA-)",연%
2017-11-21,2.714,"회사채(3년, AA-)",연%
2017-11-22,2.724,"회사채(3년, AA-)",연%
2017-11-23,2.696,"회사채(3년, AA-)",연%
2017-11-24,2.722,"회사채(3년, AA-)",연%
2017-11-27,2.706,"회사채(3년, AA-)",연%
2017-11-28,2.676,"회사채(3년, AA-)",연%
2017-11-29,2.668,"회사채(3년, AA-)",연%
2017-11-30,2.631,"회사채(3년, AA-)",연%
2017-12-01,2.637,"회사채(3년, AA-)",연%
2017-12-04,2.635,"회사채(3년, AA-)",연%
2017-12-05,2.663,"회사채(3년, AA-)",연%
2017-12-06,2.637,"회사채(3년, AA-)",연%
2017-12-07,2.645,"회사채(3년, AA-)",연%
2017-12-08,2.645,"회사채(3년, AA-)",연%
2017-12-11,2.64,"회사채(3년, AA-)",연%
2017-12-12,2.628,"회사채(3년, AA-)",연%
2017-12-13,2.628,"회사채(3년, AA-)",연%
2017-12-14,2.628,"회사채(3년, AA-)",연%
2017-12-15,2.625,"회사채(3년, AA-)",연%
2017-12-18,2.636,"회사채(3년, AA-)",연%
2017-12-19,2.643,"회사채(3년, AA-)",연%
2017-12-20,2.638,"회사채(3년, AA-)",연%
2017-12-21,2.643,"회사채(3년, AA-)",연%
2017-12-22,2.678,"회사채(3년, AA-)",연%
2017-12-26,2.678,"회사채(3년, AA-)",연%
2017-12-27,2.693,"회사채(3년, AA-)",연%
2017-12-28,2.678,"회사채(3년, AA-)",연%
2017-12-29,2.678,"회사채(3년, AA-)",연%
2018-01-02,2.662,"회사채(3년, AA-)",연%
2018-01-03,2.664,"회사채(3년, AA-)",연%
2018-01-04,2.676,"회사채(3년, AA-)",연%
2018-01-05,2.644,"회사채(3년, AA-)",연%
2018-01-08,2.671,"회사채(3년, AA-)",연%
2018-01-09,2.684,"회사채(3년, AA-)",연%
2018-01-10,2.707,"회사채(3년, AA-)",연%
2018-01-11,2.69,"회사채(3년, AA-)",연%
2018-01-12,2.707,"회사채(3년, AA-)",연%
2018-01-15,2.75,"회사채(3년, AA-)",연%
2018-01-16,2.745,"회사채(3년, AA-)",연%
2018-01-17,2.745,"회사채(3년, AA-)",연%
2018-01-18,2.701,"회사채(3년, AA-)",연%
2018-01-19,2.701,"회사채(3년, AA-)",연%
2018-01-22,2.731,"회사채(3년, AA-)",연%
2018-01-23,2.725,"회사채(3년, AA-)",연%
2018-01-24,2.731,"회사채(3년, AA-)",연%
2018-01-25,2.748,"회사채(3년, AA-)",연%
2018-01-26,2.757,"회사채(3년, AA-)",연%
2018-01-29,2.81,"회사채(3년, AA-)",연%
2018-01-30,2.833,"회사채(3년, AA-)",연%
2018-01-31,2.809,"회사채(3년, AA-)",연%
2018-02-01,2.789,"회사채(3년, AA-)",연%
2018-02-02,2.786,"회사채(3년, AA-)",연%
2018-02-05,2.817,"회사채(3년, AA-)",연%
2018-02-06,2.788,"회사채(3년, AA-)",연%
2018-02-07,2.779,"회사채(3년, AA-)",연%
2018-02-08,2.802,"회사채(3년, AA-)",연%
2018-02-09,2.808,"회사채(3년, AA-)",연%
2018-02-12,2.835,"회사채(3년, AA-)",연%
2018-02-13,2.816,"회사채(3년, AA-)",연%
2018-02-14,2.807,"회사채(3년, AA-)",연%
2018-02-19,2.841,"회사채(3년, AA-)",연%
2018-02-20,2.852,"회사채(3년, AA-)",연%
2018-02-21,2.845,"회사채(3년, AA-)",연%
2018-02-22,2.842,"회사채(3년, AA-)",연%
2018-02-23,2.831,"회사채(3년, AA-)",연%
2018-02-26,2.813,"회사채(3년, AA-)",연%
2018-02-27,2.809,"회사채(3년, AA-)",연%
2018-02-28,2.817,"회사채(3년, AA-)",연%
2018-03-02,2.84,"회사채(3년, AA-)",연%
2018-03-05,2.853,"회사채(3년, AA-)",연%
2018-03-06,2.858,"회사채(3년, AA-)",연%
2018-03-07,2.845,"회사채(3년, AA-)",연%
2018-03-08,2.837,"회사채(3년, AA-)",연%
2018-03-09,2.846,"회사채(3년, AA-)",연%
2018-03-12,2.857,"회사채(3년, AA-)",연%
2018-03-13,2.853,"회사채(3년, AA-)",연%
2018-03-14,2.833,"회사채(3년, AA-)",연%
2018-03-15,2.827,"회사채(3년, AA-)",연%
2018-03-16,2.835,"회사채(3년, AA-)",연%
2018-03-19,2.838,"회사채(3년, AA-)",연%
2018-03-20,2.848,"회사채(3년, AA-)",연%
2018-03-21,2.85,"회사채(3년, AA-)",연%
2018-03-22,2.823,"회사채(3년, AA-)",연%
2018-03-23,2.797,"회사채(3년, AA-)",연%
2018-03-26,2.815,"회사채(3년, AA-)",연%
2018-03-27,2.807,"회사채(3년, AA-)",연%
2018-03-28,2.796,"회사채(3년, AA-)",연%
2018-03-29,2.799,"회사채(3년, AA-)",연%
2018-03-30,2.795,"회사채(3년, AA-)",연%
2018-04-02,2.802,"회사채(3년, AA-)",연%
2018-04-03,2.785,"회사채(3년, AA-)",연%
2018-04-04,2.764,"회사채(3년, AA-)",연%
2018-04-05,2.777,"회사채(3년, AA-)",연%
2018-04-06,2.763,"회사채(3년, AA-)",연%
2018-04-09,2.774,"회사채(3년, AA-)",연%
2018-04-10,2.785,"회사채(3년, AA-)",연%
2018-04-11,2.77,"회사채(3년, AA-)",연%
2018-04-12,2.762,"회사채(3년, AA-)",연%
2018-04-13,2.764,"회사채(3년, AA-)",연%
2018-04-16,2.777,"회사채(3년, AA-)",연%
2018-04-17,2.785,"회사채(3년, AA-)",연%
2018-04-18,2.795,"회사채(3년, AA-)",연%
2018-04-19,2.798,"회사채(3년, AA-)",연%
2018-04-20,2.806,"회사채(3년, AA-)",연%
2018-04-23,2.837,"회사채(3년, AA-)",연%
2018-04-24,2.83,"회사채(3년, AA-)",연%
2018-04-25,2.849,"회사채(3년, AA-)",연%
2018-04-26,2.835,"회사채(3년, AA-)",연%
2018-04-27,2.806,"회사채(3년, AA-)",연%
2018-04-30,2.819,"회사채(3년, AA-)",연%
2018-05-02,2.839,"회사채(3년, AA-)",연%
2018-05-03,2.847,"회사채(3년, AA-)",연%
2018-05-04,2.876,"회사채(3년, AA-)",연%
2018-05-08,2.901,"회사채(3년, AA-)",연%
2018-05-09,2.904,"회사채(3년, AA-)",연%
2018-05-10,2.881,"회사채(3년, AA-)",연%
2018-05-11,2.891,"회사채(3년, AA-)",연%
2018-05-14,2.909,"회사채(3년, AA-)",연%
2018-05-15,2.912,"회사채(3년, AA-)",연%
2018-05-16,2.892,"회사채(3년, AA-)",연%
2018-05-17,2.872,"회사채(3년, AA-)",연%
2018-05-18,2.844,"회사채(3년, AA-)",연%
2018-05-21,2.863,"회사채(3년, AA-)",연%
2018-05-23,2.85,"회사채(3년, AA-)",연%
2018-05-24,2.818,"회사채(3년, AA-)",연%
2018-05-25,2.823,"회사채(3년, AA-)",연%
2018-05-28,2.829,"회사채(3년, AA-)",연%
2018-05-29,2.813,"회사채(3년, AA-)",연%
2018-05-30,2.817,"회사채(3년, AA-)",연%
2018-05-31,2.816,"회사채(3년, AA-)",연%
2018-06-01,2.814,"회사채(3년, AA-)",연%
2018-06-04,2.834,"회사채(3년, AA-)",연%
2018-06-05,2.827,"회사채(3년, AA-)",연%
2018-06-07,2.842,"회사채(3년, AA-)",연%
2018-06-08,2.818,"회사채(3년, AA-)",연%
2018-06-11,2.833,"회사채(3년, AA-)",연%
2018-06-12,2.833,"회사채(3년, AA-)",연%
2018-06-14,2.846,"회사채(3년, AA-)",연%
2018-06-15,2.815,"회사채(3년, AA-)",연%
2018-06-18,2.807,"회사채(3년, AA-)",연%
2018-06-19,2.795,"회사채(3년, AA-)",연%
2018-06-20,2.797,"회사채(3년, AA-)",연%
2018-06-21,2.786,"회사채(3년, AA-)",연%
2018-06-22,2.788,"회사채(3년, AA-)",연%
2018-06-25,2.784,"회사채(3년, AA-)",연%
2018-06-26,2.788,"회사채(3년, AA-)",연%
2018-06-27,2.767,"회사채(3년, AA-)",연%
2018-06-28,2.762,"회사채(3년, AA-)",연%
2018-06-29,2.766,"회사채(3년, AA-)",연%
2018-07-02,2.766,"회사채(3년, AA-)",연%
2018-07-03,2.781,"회사채(3년, AA-)",연%
2018-07-04,2.761,"회사채(3년, AA-)",연%
2018-07-05,2.742,"회사채(3년, AA-)",연%
2018-07-06,2.749,"회사채(3년, AA-)",연%
2018-07-09,2.755,"회사채(3년, AA-)",연%
2018-07-10,2.745,"회사채(3년, AA-)",연%
2018-07-11,2.708,"회사채(3년, AA-)",연%
2018-07-12,2.744,"회사채(3년, AA-)",연%
2018-07-13,2.755,"회사채(3년, AA-)",연%
2018-07-16,2.741,"회사채(3년, AA-)",연%
2018-07-17,2.746,"회사채(3년, AA-)",연%
2018-07-18,2.74,"회사채(3년, AA-)",연%
2018-07-19,2.744,"회사채(3년, AA-)",연%
2018-07-20,2.732,"회사채(3년, AA-)",연%
2018-07-23,2.735,"회사채(3년, AA-)",연%
2018-07-24,2.748,"회사채(3년, AA-)",연%
2018-07-25,2.739,"회사채(3년, AA-)",연%
2018-07-26,2.732,"회사채(3년, AA-)",연%
2018-07-27,2.771,"회사채(3년, AA-)",연%
2018-07-30,2.786,"회사채(3년, AA-)",연%
2018-07-31,2.781,"회사채(3년, AA-)",연%
2018-08-01,2.78,"회사채(3년, AA-)",연%
2018-08-02,2.77,"회사채(3년, AA-)",연%
2018-08-03,2.765,"회사채(3년, AA-)",연%
2018-08-06,2.755,"회사채(3년, AA-)",연%
2018-08-07,2.743,"회사채(3년, AA-)",연%
2018-08-08,2.732,"회사채(3년, AA-)",연%
2018-08-09,2.714,"회사채(3년, AA-)",연%
2018-08-10,2.703,"회사채(3년, AA-)",연%
2018-08-13,2.711,"회사채(3년, AA-)",연%
2018-08-14,2.721,"회사채(3년, AA-)",연%
2018-08-16,2.707,"회사채(3년, AA-)",연%
2018-08-17,2.659,"회사채(3년, AA-)",연%
2018-08-20,2.65,"회사채(3년, AA-)",연%
2018-08-21,2.592,"회사채(3년, AA-)",연%
2018-08-22,2.626,"회사채(3년, AA-)",연%
2018-08-23,2.625,"회사채(3년, AA-)",연%
2018-08-24,2.624,"회사채(3년, AA-)",연%
2018-08-27,2.581,"회사채(3년, AA-)",연%
2018-08-28,2.546,"회사채(3년, AA-)",연%
2018-08-29,2.507,"회사채(3년, AA-)",연%
2018-08-30,2.5,"회사채(3년, AA-)",연%
2018-08-31,2.416,"회사채(3년, AA-)",연%
2018-09-03,2.404,"회사채(3년, AA-)",연%
2018-09-04,2.386,"회사채(3년, AA-)",연%
2018-09-05,2.358,"회사채(3년, AA-)",연%
2018-09-06,2.366,"회사채(3년, AA-)",연%
2018-09-07,2.365,"회사채(3년, AA-)",연%
2018-09-10,2.367,"회사채(3년, AA-)",연%
2018-09-11,2.373,"회사채(3년, AA-)",연%
2018-09-12,2.343,"회사채(3년, AA-)",연%
2018-09-13,2.37,"회사채(3년, AA-)",연%
2018-09-14,2.406,"회사채(3년, AA-)",연%
2018-09-17,2.413,"회사채(3년, AA-)",연%
2018-09-18,2.422,"회사채(3년, AA-)",연%
2018-09-19,2.438,"회사채(3년, AA-)",연%
2018-09-20,2.476,"회사채(3년, AA-)",연%
2018-09-21,2.463,"회사채(3년, AA-)",연%
2018-09-27,2.45,"회사채(3년, AA-)",연%
2018-09-28,2.449,"회사채(3년, AA-)",연%
2018-10-01,2.464,"회사채(3년, AA-)",연%
2018-10-02,2.46,"회사채(3년, AA-)",연%
2018-10-04,2.506,"회사채(3년, AA-)",연%
2018-10-05,2.522,"회사채(3년, AA-)",연%
2018-10-08,2.528,"회사채(3년, AA-)",연%
2018-10-10,2.497,"회사채(3년, AA-)",연%
2018-10-11,2.455,"회사채(3년, AA-)",연%
2018-10-12,2.486,"회사채(3년, AA-)",연%
2018-10-15,2.485,"회사채(3년, AA-)",연%
2018-10-16,2.482,"회사채(3년, AA-)",연%
2018-10-17,2.463,"회사채(3년, AA-)",연%
2018-10-18,2.423,"회사채(3년, AA-)",연%
2018-10-19,2.432,"회사채(3년, AA-)",연%
2018-10-22,2.451,"회사채(3년, AA-)",연%
2018-10-23,2.432,"회사채(3년, AA-)",연%
2018-10-24,2.445,"회사채(3년, AA-)",연%
2018-10-25,2.426,"회사채(3년, AA-)",연%
2018-10-26,2.413,"회사채(3년, AA-)",연%
2018-10-29,2.344,"회사채(3년, AA-)",연%
2018-10-30,2.384,"회사채(3년, AA-)",연%
2018-10-31,2.393,"회사채(3년, AA-)",연%
2018-11-01,2.394,"회사채(3년, AA-)",연%
2018-11-02,2.431,"회사채(3년, AA-)",연%
2018-11-05,2.432,"회사채(3년, AA-)",연%
2018-11-06,2.436,"회사채(3년, AA-)",연%
2018-11-07,2.419,"회사채(3년, AA-)",연%
2018-11-08,2.42,"회사채(3년, AA-)",연%
2018-11-09,2.416,"회사채(3년, AA-)",연%
2018-11-12,2.406,"회사채(3년, AA-)",연%
2018-11-13,2.402,"회사채(3년, AA-)",연%
2018-11-14,2.39,"회사채(3년, AA-)",연%
2018-11-15,2.409,"회사채(3년, AA-)",연%
2018-11-16,2.411,"회사채(3년, AA-)",연%
2018-11-19,2.405,"회사채(3년, AA-)",연%
2018-11-20,2.405,"회사채(3년, AA-)",연%
2018-11-21,2.409,"회사채(3년, AA-)",연%
2018-11-22,2.406,"회사채(3년, AA-)",연%
2018-11-23,2.388,"회사채(3년, AA-)",연%
2018-11-26,2.388,"회사채(3년, AA-)",연%
2018-11-27,2.38,"회사채(3년, AA-)",연%
2018-11-28,2.388,"회사채(3년, AA-)",연%
2018-11-29,2.36,"회사채(3년, AA-)",연%
2018-11-30,2.367,"회사채(3년, AA-)",연%
2018-12-03,2.388,"회사채(3년, AA-)",연%
2018-12-04,2.382,"회사채(3년, AA-)",연%
2018-12-05,2.372,"회사채(3년, AA-)",연%
2018-12-06,2.319,"회사채(3년, AA-)",연%
2018-12-07,2.313,"회사채(3년, AA-)",연%
2018-12-10,2.293,"회사채(3년, AA-)",연%
2018-12-11,2.284,"회사채(3년, AA-)",연%
2018-12-12,2.292,"회사채(3년, AA-)",연%
2018-12-13,2.288,"회사채(3년, AA-)",연%
2018-12-14,2.277,"회사채(3년, AA-)",연%
2018-12-17,2.283,"회사채(3년, AA-)",연%
2018-12-18,2.282,"회사채(3년, AA-)",연%
2018-12-19,2.272,"회사채(3년, AA-)",연%
2018-12-20,2.283,"회사채(3년, AA-)",연%
2018-12-21,2.31,"회사채(3년, AA-)",연%
2018-12-24,2.313,"회사채(3년, AA-)",연%
2018-12-26,2.279,"회사채(3년, AA-)",연%
2018-12-27,2.282,"회사채(3년, AA-)",연%
2018-12-28,2.287,"회사채(3년, AA-)",연%
2018-12-31,2.287,"회사채(3년, AA-)",연%
2019-01-02,2.27,"회사채(3년, AA-)",연%
2019-01-03,2.265,"회사채(3년, AA-)",연%
2019-01-04,2.259,"회사채(3년, AA-)",연%
2019-01-07,2.268,"회사채(3년, AA-)",연%
2019-01-08,2.269,"회사채(3년, AA-)",연%
2019-01-09,2.27,"회사채(3년, AA-)",연%
2019-01-10,2.259,"회사채(3년, AA-)",연%
2019-01-11,2.262,"회사채(3년, AA-)",연%
2019-01-14,2.257,"회사채(3년, AA-)",연%
2019-01-15,2.258,"회사채(3년, AA-)",연%
2019-01-16,2.258,"회사채(3년, AA-)",연%
2019-01-17,2.255,"회사채(3년, AA-)",연%
2019-01-18,2.267,"회사채(3년, AA-)",연%
2019-01-21,2.271,"회사채(3년, AA-)",연%
2019-01-22,2.255,"회사채(3년, AA-)",연%
2019-01-23,2.256,"회사채(3년, AA-)",연%
2019-01-24,2.261,"회사채(3년, AA-)",연%
2019-01-25,2.261,"회사채(3년, AA-)",연%
2019-01-28,2.267,"회사채(3년, AA-)",연%
2019-01-29,2.269,"회사채(3년, AA-)",연%
2019-01-30,2.272,"회사채(3년, AA-)",연%
2019-01-31,2.256,"회사채(3년, AA-)",연%
2019-02-01,2.251,"회사채(3년, AA-)",연%
2019-02-07,2.249,"회사채(3년, AA-)",연%
2019-02-08,2.234,"회사채(3년, AA-)",연%
2019-02-11,2.229,"회사채(3년, AA-)",연%
2019-02-12,2.242,"회사채(3년, AA-)",연%
2019-02-13,2.247,"회사채(3년, AA-)",연%
2019-02-14,2.242,"회사채(3년, AA-)",연%
2019-02-15,2.231,"회사채(3년, AA-)",연%
2019-02-18,2.251,"회사채(3년, AA-)",연%
2019-02-19,2.249,"회사채(3년, AA-)",연%
2019-02-20,2.252,"회사채(3년, AA-)",연%
2019-02-21,2.258,"회사채(3년, AA-)",연%
2019-02-22,2.26,"회사채(3년, AA-)",연%
2019-02-25,2.265,"회사채(3년, AA-)",연%
2019-02-26,2.261,"회사채(3년, AA-)",연%
2019-02-27,2.254,"회사채(3년, AA-)",연%
2019-02-28,2.261,"회사채(3년, AA-)",연%
2019-03-04,2.281,"회사채(3년, AA-)",연%
2019-03-05,2.283,"회사채(3년, AA-)",연%
2019-03-06,2.278,"회사채(3년, AA-)",연%
2019-03-07,2.269,"회사채(3년, AA-)",연%
2019-03-08,2.255,"회사채(3년, AA-)",연%
2019-03-11,2.261,"회사채(3년, AA-)",연%
2019-03-12,2.262,"회사채(3년, AA-)",연%
2019-03-13,2.248,"회사채(3년, AA-)",연%
2019-03-14,2.246,"회사채(3년, AA-)",연%
2019-03-15,2.256,"회사채(3년, AA-)",연%
2019-03-18,2.264,"회사채(3년, AA-)",연%
2019-03-19,2.262,"회사채(3년, AA-)",연%
2019-03-20,2.265,"회사채(3년, AA-)",연%
2019-03-21,2.247,"회사채(3년, AA-)",연%
2019-03-22,2.254,"회사채(3년, AA-)",연%
2019-03-25,2.225,"회사채(3년, AA-)",연%
2019-03-26,2.217,"회사채(3년, AA-)",연%
2019-03-27,2.187,"회사채(3년, AA-)",연%
2019-03-28,2.151,"회사채(3년, AA-)",연%
2019-03-29,2.163,"회사채(3년, AA-)",연%
2019-04-01,2.197,"회사채(3년, AA-)",연%
2019-04-02,2.178,"회사채(3년, AA-)",연%
2019-04-03,2.193,"회사채(3년, AA-)",연%
2019-04-04,2.194,"회사채(3년, AA-)",연%
2019-04-05,2.207,"회사채(3년, AA-)",연%
2019-04-08,2.196,"회사채(3년, AA-)",연%
2019-04-09,2.197,"회사채(3년, AA-)",연%
2019-04-10,2.201,"회사채(3년, AA-)",연%
2019-04-11,2.202,"회사채(3년, AA-)",연%
2019-04-12,2.204,"회사채(3년, AA-)",연%
2019-04-15,2.23,"회사채(3년, AA-)",연%
2019-04-16,2.234,"회사채(3년, AA-)",연%
2019-04-17,2.249,"회사채(3년, AA-)",연%
2019-04-18,2.215,"회사채(3년, AA-)",연%
2019-04-19,2.228,"회사채(3년, AA-)",연%
2019-04-22,2.241,"회사채(3년, AA-)",연%
2019-04-23,2.238,"회사채(3년, AA-)",연%
2019-04-24,2.219,"회사채(3년, AA-)",연%
2019-04-25,2.195,"회사채(3년, AA-)",연%
2019-04-26,2.191,"회사채(3년, AA-)",연%
2019-04-29,2.184,"회사채(3년, AA-)",연%
2019-04-30,2.171,"회사채(3년, AA-)",연%
2019-05-02,2.201,"회사채(3년, AA-)",연%
2019-05-03,2.204,"회사채(3년, AA-)",연%
2019-05-07,2.189,"회사채(3년, AA-)",연%
2019-05-08,2.184,"회사채(3년, AA-)",연%
2019-05-09,2.176,"회사채(3년, AA-)",연%
2019-05-10,2.187,"회사채(3년, AA-)",연%
2019-05-13,2.186,"회사채(3년, AA-)",연%
2019-05-14,2.177,"회사채(3년, AA-)",연%
2019-05-15,2.175,"회사채(3년, AA-)",연%
2019-05-16,2.146,"회사채(3년, AA-)",연%
2019-05-17,2.145,"회사채(3년, AA-)",연%
2019-05-20,2.157,"회사채(3년, AA-)",연%
2019-05-21,2.142,"회사채(3년, AA-)",연%
2019-05-22,2.144,"회사채(3년, AA-)",연%
2019-05-23,2.131,"회사채(3년, AA-)",연%
2019-05-24,2.126,"회사채(3년, AA-)",연%
2019-05-27,2.131,"회사채(3년, AA-)",연%
2019-05-28,2.13,"회사채(3년, AA-)",연%
2019-05-29,2.103,"회사채(3년, AA-)",연%
2019-05-30,2.11,"회사채(3년, AA-)",연%
2019-05-31,2.075,"회사채(3년, AA-)",연%
2019-06-03,2.074,"회사채(3년, AA-)",연%
2019-06-04,2.07,"회사채(3년, AA-)",연%
2019-06-05,2.05,"회사채(3년, AA-)",연%
2019-06-07,2.047,"회사채(3년, AA-)",연%
2019-06-10,2.048,"회사채(3년, AA-)",연%
2019-06-11,2.053,"회사채(3년, AA-)",연%
2019-06-12,1.999,"회사채(3년, AA-)",연%
2019-06-13,2.002,"회사채(3년, AA-)",연%
2019-06-14,1.989,"회사채(3년, AA-)",연%
2019-06-17,2.005,"회사채(3년, AA-)",연%
2019-06-18,2.007,"회사채(3년, AA-)",연%
2019-06-19,1.995,"회사채(3년, AA-)",연%
2019-06-20,1.939,"회사채(3년, AA-)",연%
2019-06-21,1.949,"회사채(3년, AA-)",연%
2019-06-24,1.949,"회사채(3년, AA-)",연%
2019-06-25,1.971,"회사채(3년, AA-)",연%
2019-06-26,1.982,"회사채(3년, AA-)",연%
2019-06-27,1.984,"회사채(3년, AA-)",연%
2019-06-28,1.967,"회사채(3년, AA-)",연%
2019-07-01,1.974,"회사채(3년, AA-)",연%
2019-07-02,1.958,"회사채(3년, AA-)",연%
2019-07-03,1.925,"회사채(3년, AA-)",연%
2019-07-04,1.915,"회사채(3년, AA-)",연%
2019-07-05,1.923,"회사채(3년, AA-)",연%
2019-07-08,1.922,"회사채(3년, AA-)",연%
2019-07-09,1.923,"회사채(3년, AA-)",연%
2019-07-10,1.938,"회사채(3년, AA-)",연%
2019-07-11,1.92,"회사채(3년, AA-)",연%
2019-07-12,1.927,"회사채(3년, AA-)",연%
2019-07-15,1.937,"회사채(3년, AA-)",연%
2019-07-16,1.934,"회사채(3년, AA-)",연%
2019-07-17,1.903,"회사채(3년, AA-)",연%
2019-07-18,1.85,"회사채(3년, AA-)",연%
2019-07-19,1.832,"회사채(3년, AA-)",연%
2019-07-22,1.837,"회사채(3년, AA-)",연%
2019-07-23,1.843,"회사채(3년, AA-)",연%
2019-07-24,1.83,"회사채(3년, AA-)",연%
2019-07-25,1.809,"회사채(3년, AA-)",연%
2019-07-26,1.817,"회사채(3년, AA-)",연%
2019-07-29,1.817,"회사채(3년, AA-)",연%
2019-07-30,1.812,"회사채(3년, AA-)",연%
2019-07-31,1.803,"회사채(3년, AA-)",연%
2019-08-01,1.822,"회사채(3년, AA-)",연%
2019-08-02,1.773,"회사채(3년, AA-)",연%
2019-08-05,1.693,"회사채(3년, AA-)",연%
2019-08-06,1.688,"회사채(3년, AA-)",연%
2019-08-07,1.678,"회사채(3년, AA-)",연%
2019-08-08,1.691,"회사채(3년, AA-)",연%
2019-08-09,1.707,"회사채(3년, AA-)",연%
2019-08-12,1.706,"회사채(3년, AA-)",연%
2019-08-13,1.678,"회사채(3년, AA-)",연%
2019-08-14,1.678,"회사채(3년, AA-)",연%
2019-08-16,1.626,"회사채(3년, AA-)",연%
2019-08-19,1.628,"회사채(3년, AA-)",연%
2019-08-20,1.636,"회사채(3년, AA-)",연%
2019-08-21,1.685,"회사채(3년, AA-)",연%
2019-08-22,1.658,"회사채(3년, AA-)",연%
2019-08-23,1.691,"회사채(3년, AA-)",연%
2019-08-26,1.648,"회사채(3년, AA-)",연%
2019-08-27,1.695,"회사채(3년, AA-)",연%
2019-08-28,1.701,"회사채(3년, AA-)",연%
2019-08-29,1.691,"회사채(3년, AA-)",연%
2019-08-30,1.693,"회사채(3년, AA-)",연%
2019-09-02,1.74,"회사채(3년, AA-)",연%
2019-09-03,1.734,"회사채(3년, AA-)",연%
2019-09-04,1.741,"회사채(3년, AA-)",연%
2019-09-05,1.76,"회사채(3년, AA-)",연%
2019-09-06,1.769,"회사채(3년, AA-)",연%
2019-09-09,1.742,"회사채(3년, AA-)",연%
2019-09-10,1.748,"회사채(3년, AA-)",연%
2019-09-11,1.764,"회사채(3년, AA-)",연%
2019-09-16,1.85,"회사채(3년, AA-)",연%
2019-09-17,1.822,"회사채(3년, AA-)",연%
2019-09-18,1.816,"회사채(3년, AA-)",연%
2019-09-19,1.835,"회사채(3년, AA-)",연%
2019-09-20,1.836,"회사채(3년, AA-)",연%
2019-09-23,1.837,"회사채(3년, AA-)",연%
2019-09-24,1.829,"회사채(3년, AA-)",연%
2019-09-25,1.807,"회사채(3년, AA-)",연%
2019-09-26,1.806,"회사채(3년, AA-)",연%
2019-09-27,1.806,"회사채(3년, AA-)",연%
2019-09-30,1.8,"회사채(3년, AA-)",연%
2019-10-01,1.824,"회사채(3년, AA-)",연%
2019-10-02,1.806,"회사채(3년, AA-)",연%
2019-10-04,1.717,"회사채(3년, AA-)",연%
2019-10-07,1.738,"회사채(3년, AA-)",연%
2019-10-08,1.766,"회사채(3년, AA-)",연%
2019-10-10,1.779,"회사채(3년, AA-)",연%
2019-10-11,1.785,"회사채(3년, AA-)",연%
2019-10-14,1.787,"회사채(3년, AA-)",연%
2019-10-15,1.791,"회사채(3년, AA-)",연%
2019-10-16,1.827,"회사채(3년, AA-)",연%
2019-10-17,1.879,"회사채(3년, AA-)",연%
2019-10-18,1.88,"회사채(3년, AA-)",연%
2019-10-21,1.912,"회사채(3년, AA-)",연%
2019-10-22,1.885,"회사채(3년, AA-)",연%
2019-10-23,1.894,"회사채(3년, AA-)",연%
2019-10-24,1.905,"회사채(3년, AA-)",연%
2019-10-25,1.943,"회사채(3년, AA-)",연%
2019-10-28,2.018,"회사채(3년, AA-)",연%
2019-10-29,1.994,"회사채(3년, AA-)",연%
2019-10-30,1.981,"회사채(3년, AA-)",연%
2019-10-31,1.973,"회사채(3년, AA-)",연%
2019-11-01,1.976,"회사채(3년, AA-)",연%
2019-11-04,2.053,"회사채(3년, AA-)",연%
2019-11-05,2.026,"회사채(3년, AA-)",연%
2019-11-06,2.033,"회사채(3년, AA-)",연%
2019-11-07,2.048,"회사채(3년, AA-)",연%
2019-11-08,2.023,"회사채(3년, AA-)",연%
2019-11-11,2.011,"회사채(3년, AA-)",연%
2019-11-12,2.064,"회사채(3년, AA-)",연%
2019-11-13,2.015,"회사채(3년, AA-)",연%
2019-11-14,2.016,"회사채(3년, AA-)",연%
2019-11-15,2.019,"회사채(3년, AA-)",연%
2019-11-18,2.023,"회사채(3년, AA-)",연%
2019-11-19,1.995,"회사채(3년, AA-)",연%
2019-11-20,1.965,"회사채(3년, AA-)",연%
2019-11-21,1.978,"회사채(3년, AA-)",연%
2019-11-22,1.972,"회사채(3년, AA-)",연%
2019-11-25,1.988,"회사채(3년, AA-)",연%
2019-11-26,1.989,"회사채(3년, AA-)",연%
2019-11-27,1.975,"회사채(3년, AA-)",연%
2019-11-28,1.957,"회사채(3년, AA-)",연%
2019-11-29,1.922,"회사채(3년, AA-)",연%
2019-12-02,1.957,"회사채(3년, AA-)",연%
2019-12-03,1.986,"회사채(3년, AA-)",연%
2019-12-04,1.939,"회사채(3년, AA-)",연%
2019-12-05,1.957,"회사채(3년, AA-)",연%
2019-12-06,1.969,"회사채(3년, AA-)",연%
2019-12-09,1.955,"회사채(3년, AA-)",연%
2019-12-10,1.949,"회사채(3년, AA-)",연%
2019-12-11,1.942,"회사채(3년, AA-)",연%
2019-12-12,1.942,"회사채(3년, AA-)",연%
2019-12-13,1.962,"회사채(3년, AA-)",연%
2019-12-16,1.935,"회사채(3년, AA-)",연%
2019-12-17,1.93,"회사채(3년, AA-)",연%
2019-12-18,1.927,"회사채(3년, AA-)",연%
2019-12-19,1.949,"회사채(3년, AA-)",연%
2019-12-20,1.959,"회사채(3년, AA-)",연%
2019-12-23,1.951,"회사채(3년, AA-)",연%
2019-12-24,1.945,"회사채(3년, AA-)",연%
2019-12-26,1.941,"회사채(3년, AA-)",연%
2019-12-27,1.944,"회사채(3년, AA-)",연%
2019-12-30,1.937,"회사채(3년, AA-)",연%
2019-12-31,1.937,"회사채(3년, AA-)",연%
2020-01-02,1.907,"회사채(3년, AA-)",연%
2020-01-03,1.858,"회사채(3년, AA-)",연%
2020-01-06,1.861,"회사채(3년, AA-)",연%
2020-01-07,1.911,"회사채(3년, AA-)",연%
2020-01-08,1.939,"회사채(3년, AA-)",연%
2020-01-09,1.983,"회사채(3년, AA-)",연%
2020-01-10,1.991,"회사채(3년, AA-)",연%
2020-01-13,1.989,"회사채(3년, AA-)",연%
2020-01-14,1.968,"회사채(3년, AA-)",연%
2020-01-15,1.972,"회사채(3년, AA-)",연%
2020-01-16,2.001,"회사채(3년, AA-)",연%
2020-01-17,2.01,"회사채(3년, AA-)",연%
2020-01-20,2.034,"회사채(3년, AA-)",연%
2020-01-21,1.986,"회사채(3년, AA-)",연%
2020-01-22,2.016,"회사채(3년, AA-)",연%
2020-01-23,2.006,"회사채(3년, AA-)",연%
2020-01-28,1.94,"회사채(3년, AA-)",연%
2020-01-29,1.922,"회사채(3년, AA-)",연%
2020-01-30,1.897,"회사채(3년, AA-)",연%
2020-01-31,1.899,"회사채(3년, AA-)",연%
2020-02-03,1.884,"회사채(3년, AA-)",연%
2020-02-04,1.923,"회사채(3년, AA-)",연%
2020-02-05,1.901,"회사채(3년, AA-)",연%
2020-02-06,1.904,"회사채(3년, AA-)",연%
2020-02-07,1.874,"회사채(3년, AA-)",연%
2020-02-10,1.886,"회사채(3년, AA-)",연%
2020-02-11,1.888,"회사채(3년, AA-)",연%
2020-02-12,1.89,"회사채(3년, AA-)",연%
2020-02-13,1.873,"회사채(3년, AA-)",연%
2020-02-14,1.913,"회사채(3년, AA-)",연%
2020-02-17,1.906,"회사채(3년, AA-)",연%
2020-02-18,1.863,"회사채(3년, AA-)",연%
2020-02-19,1.875,"회사채(3년, AA-)",연%
2020-02-20,1.833,"회사채(3년, AA-)",연%
2020-02-21,1.782,"회사채(3년, AA-)",연%
2020-02-24,1.74,"회사채(3년, AA-)",연%
2020-02-25,1.765,"회사채(3년, AA-)",연%
2020-02-26,1.734,"회사채(3년, AA-)",연%
2020-02-27,1.79,"회사채(3년, AA-)",연%
2020-02-28,1.707,"회사채(3년, AA-)",연%
2020-03-02,1.728,"회사채(3년, AA-)",연%
2020-03-03,1.718,"회사채(3년, AA-)",연%
2020-03-04,1.644,"회사채(3년, AA-)",연%
2020-03-05,1.666,"회사채(3년, AA-)",연%
2020-03-06,1.692,"회사채(3년, AA-)",연%
2020-03-09,1.657,"회사채(3년, AA-)",연%
2020-03-10,1.708,"회사채(3년, AA-)",연%
2020-03-11,1.712,"회사채(3년, AA-)",연%
2020-03-12,1.707,"회사채(3년, AA-)",연%
2020-03-13,1.81,"회사채(3년, AA-)",연%
2020-03-16,1.765,"회사채(3년, AA-)",연%
2020-03-17,1.74,"회사채(3년, AA-)",연%
2020-03-18,1.77,"회사채(3년, AA-)",연%
2020-03-19,1.947,"회사채(3년, AA-)",연%
2020-03-20,1.945,"회사채(3년, AA-)",연%
2020-03-23,2.01,"회사채(3년, AA-)",연%
2020-03-24,2.006,"회사채(3년, AA-)",연%
2020-03-25,2.025,"회사채(3년, AA-)",연%
2020-03-26,2.035,"회사채(3년, AA-)",연%
2020-03-27,2.039,"회사채(3년, AA-)",연%
2020-03-30,2.074,"회사채(3년, AA-)",연%
2020-03-31,2.077,"회사채(3년, AA-)",연%
2020-04-01,2.099,"회사채(3년, AA-)",연%
2020-04-02,2.093,"회사채(3년, AA-)",연%
2020-04-03,2.1,"회사채(3년, AA-)",연%
2020-04-06,2.1,"회사채(3년, AA-)",연%
2020-04-07,2.1,"회사채(3년, AA-)",연%
2020-04-08,2.097,"회사채(3년, AA-)",연%
2020-04-09,2.093,"회사채(3년, AA-)",연%
2020-04-10,2.092,"회사채(3년, AA-)",연%
2020-04-13,2.12,"회사채(3년, AA-)",연%
2020-04-14,2.126,"회사채(3년, AA-)",연%
2020-04-16,2.123,"회사채(3년, AA-)",연%
2020-04-17,2.148,"회사채(3년, AA-)",연%
2020-04-20,2.153,"회사채(3년, AA-)",연%
2020-04-21,2.188,"회사채(3년, AA-)",연%
2020-04-22,2.203,"회사채(3년, AA-)",연%
2020-04-23,2.203,"회사채(3년, AA-)",연%
2020-04-24,2.201,"회사채(3년, AA-)",연%
2020-04-27,2.215,"회사채(3년, AA-)",연%
2020-04-28,2.224,"회사채(3년, AA-)",연%
2020-04-29,2.218,"회사채(3년, AA-)",연%
2020-05-04,2.203,"회사채(3년, AA-)",연%
2020-05-06,2.202,"회사채(3년, AA-)",연%
2020-05-07,2.198,"회사채(3년, AA-)",연%
2020-05-08,2.182,"회사채(3년, AA-)",연%
2020-05-11,2.198,"회사채(3년, AA-)",연%
2020-05-12,2.173,"회사채(3년, AA-)",연%
2020-05-13,2.155,"회사채(3년, AA-)",연%
2020-05-14,2.17,"회사채(3년, AA-)",연%
2020-05-15,2.176,"회사채(3년, AA-)",연%
2020-05-18,2.188,"회사채(3년, AA-)",연%
2020-05-19,2.185,"회사채(3년, AA-)",연%
2020-05-20,2.181,"회사채(3년, AA-)",연%
2020-05-21,2.177,"회사채(3년, AA-)",연%
2020-05-22,2.165,"회사채(3년, AA-)",연%
2020-05-25,2.152,"회사채(3년, AA-)",연%
2020-05-26,2.176,"회사채(3년, AA-)",연%
2020-05-27,2.196,"회사채(3년, AA-)",연%
2020-05-28,2.157,"회사채(3년, AA-)",연%
2020-05-29,2.158,"회사채(3년, AA-)",연%
2020-06-01,2.164,"회사채(3년, AA-)",연%
2020-06-02,2.182,"회사채(3년, AA-)",연%
2020-06-03,2.199,"회사채(3년, AA-)",연%
2020-06-04,2.217,"회사채(3년, AA-)",연%
2020-06-05,2.224,"회사채(3년, AA-)",연%
2020-06-08,2.227,"회사채(3년, AA-)",연%
2020-06-09,2.204,"회사채(3년, AA-)",연%
2020-06-10,2.205,"회사채(3년, AA-)",연%
2020-06-11,2.204,"회사채(3년, AA-)",연%
2020-06-12,2.21,"회사채(3년, AA-)",연%
2020-06-15,2.229,"회사채(3년, AA-)",연%
2020-06-16,2.225,"회사채(3년, AA-)",연%
2020-06-17,2.244,"회사채(3년, AA-)",연%
2020-06-18,2.225,"회사채(3년, AA-)",연%
2020-06-19,2.23,"회사채(3년, AA-)",연%
2020-06-22,2.232,"회사채(3년, AA-)",연%
2020-06-23,2.224,"회사채(3년, AA-)",연%
2020-06-24,2.221,"회사채(3년, AA-)",연%
2020-06-25,2.22,"회사채(3년, AA-)",연%
2020-06-26,2.22,"회사채(3년, AA-)",연%
2020-06-29,2.246,"회사채(3년, AA-)",연%
2020-06-30,2.25,"회사채(3년, AA-)",연%
2020-07-01,2.251,"회사채(3년, AA-)",연%
2020-07-02,2.235,"회사채(3년, AA-)",연%
2020-07-03,2.239,"회사채(3년, AA-)",연%
2020-07-06,2.249,"회사채(3년, AA-)",연%
2020-07-07,2.236,"회사채(3년, AA-)",연%
2020-07-08,2.232,"회사채(3년, AA-)",연%
2020-07-09,2.235,"회사채(3년, AA-)",연%
2020-07-10,2.237,"회사채(3년, AA-)",연%
2020-07-13,2.249,"회사채(3년, AA-)",연%
2020-07-14,2.246,"회사채(3년, AA-)",연%
2020-07-15,2.241,"회사채(3년, AA-)",연%
2020-07-16,2.227,"회사채(3년, AA-)",연%
2020-07-17,2.214,"회사채(3년, AA-)",연%
2020-07-20,2.205,"회사채(3년, AA-)",연%
2020-07-21,2.216,"회사채(3년, AA-)",연%
2020-07-22,2.209,"회사채(3년, AA-)",연%
2020-07-23,2.194,"회사채(3년, AA-)",연%
2020-07-24,2.189,"회사채(3년, AA-)",연%
2020-07-27,2.188,"회사채(3년, AA-)",연%
2020-07-28,2.194,"회사채(3년, AA-)",연%
2020-07-29,2.19,"회사채(3년, AA-)",연%
2020-07-30,2.181,"회사채(3년, AA-)",연%
2020-07-31,2.177,"회사채(3년, AA-)",연%
2020-08-03,2.177,"회사채(3년, AA-)",연%
2020-08-04,2.179,"회사채(3년, AA-)",연%
2020-08-05,2.168,"회사채(3년, AA-)",연%
2020-08-06,2.172,"회사채(3년, AA-)",연%
2020-08-07,2.174,"회사채(3년, AA-)",연%
2020-08-10,2.191,"회사채(3년, AA-)",연%
2020-08-11,2.183,"회사채(3년, AA-)",연%
2020-08-12,2.192,"회사채(3년, AA-)",연%
2020-08-13,2.184,"회사채(3년, AA-)",연%
2020-08-14,2.195,"회사채(3년, AA-)",연%
2020-08-18,2.182,"회사채(3년, AA-)",연%
2020-08-19,2.177,"회사채(3년, AA-)",연%
2020-08-20,2.183,"회사채(3년, AA-)",연%
2020-08-21,2.204,"회사채(3년, AA-)",연%
2020-08-24,2.185,"회사채(3년, AA-)",연%
2020-08-25,2.188,"회사채(3년, AA-)",연%
2020-08-26,2.197,"회사채(3년, AA-)",연%
2020-08-27,2.212,"회사채(3년, AA-)",연%
2020-08-28,2.24,"회사채(3년, AA-)",연%
2020-08-31,2.264,"회사채(3년, AA-)",연%
2020-09-01,2.291,"회사채(3년, AA-)",연%
2020-09-02,2.261,"회사채(3년, AA-)",연%
2020-09-03,2.261,"회사채(3년, AA-)",연%
2020-09-04,2.268,"회사채(3년, AA-)",연%
2020-09-07,2.287,"회사채(3년, AA-)",연%
2020-09-08,2.269,"회사채(3년, AA-)",연%
2020-09-09,2.244,"회사채(3년, AA-)",연%
2020-09-10,2.243,"회사채(3년, AA-)",연%
2020-09-11,2.251,"회사채(3년, AA-)",연%
2020-09-14,2.247,"회사채(3년, AA-)",연%
2020-09-15,2.238,"회사채(3년, AA-)",연%
2020-09-16,2.233,"회사채(3년, AA-)",연%
2020-09-17,2.236,"회사채(3년, AA-)",연%
2020-09-18,2.232,"회사채(3년, AA-)",연%
2020-09-21,2.232,"회사채(3년, AA-)",연%
2020-09-22,2.228,"회사채(3년, AA-)",연%
2020-09-23,2.217,"회사채(3년, AA-)",연%
2020-09-24,2.2,"회사채(3년, AA-)",연%
2020-09-25,2.2,"회사채(3년, AA-)",연%
2020-09-28,2.192,"회사채(3년, AA-)",연%
2020-09-29,2.193,"회사채(3년, AA-)",연%
2020-10-05,2.221,"회사채(3년, AA-)",연%
2020-10-06,2.242,"회사채(3년, AA-)",연%
2020-10-07,2.244,"회사채(3년, AA-)",연%
2020-10-08,2.241,"회사채(3년, AA-)",연%
2020-10-12,2.251,"회사채(3년, AA-)",연%
2020-10-13,2.248,"회사채(3년, AA-)",연%
2020-10-14,2.237,"회사채(3년, AA-)",연%
2020-10-15,2.22,"회사채(3년, AA-)",연%
2020-10-16,2.23,"회사채(3년, AA-)",연%
2020-10-19,2.229,"회사채(3년, AA-)",연%
2020-10-20,2.241,"회사채(3년, AA-)",연%
2020-10-21,2.259,"회사채(3년, AA-)",연%
2020-10-22,2.246,"회사채(3년, AA-)",연%
2020-10-23,2.235,"회사채(3년, AA-)",연%
2020-10-26,2.231,"회사채(3년, AA-)",연%
2020-10-27,2.239,"회사채(3년, AA-)",연%
2020-10-28,2.232,"회사채(3년, AA-)",연%
2020-10-29,2.24,"회사채(3년, AA-)",연%
2020-10-30,2.247,"회사채(3년, AA-)",연%
2020-11-02,2.273,"회사채(3년, AA-)",연%
2020-11-03,2.276,"회사채(3년, AA-)",연%
2020-11-04,2.257,"회사채(3년, AA-)",연%
2020-11-05,2.237,"회사채(3년, AA-)",연%
2020-11-06,2.249,"회사채(3년, AA-)",연%
2020-11-09,2.254,"회사채(3년, AA-)",연%
2020-11-10,2.269,"회사채(3년, AA-)",연%
2020-11-11,2.274,"회사채(3년, AA-)",연%
2020-11-12,2.256,"회사채(3년, AA-)",연%
2020-11-13,2.253,"회사채(3년, AA-)",연%
2020-11-16,2.254,"회사채(3년, AA-)",연%
2020-11-17,2.25,"회사채(3년, AA-)",연%
2020-11-18,2.239,"회사채(3년, AA-)",연%
2020-11-19,2.237,"회사채(3년, AA-)",연%
2020-11-20,2.234,"회사채(3년, AA-)",연%
2020-11-23,2.219,"회사채(3년, AA-)",연%
2020-11-24,2.224,"회사채(3년, AA-)",연%
2020-11-25,2.233,"회사채(3년, AA-)",연%
2020-11-26,2.24,"회사채(3년, AA-)",연%
2020-11-27,2.232,"회사채(3년, AA-)",연%
2020-11-30,2.235,"회사채(3년, AA-)",연%
2020-12-01,2.232,"회사채(3년, AA-)",연%
2020-12-02,2.233,"회사채(3년, AA-)",연%
2020-12-03,2.226,"회사채(3년, AA-)",연%
2020-12-04,2.22,"회사채(3년, AA-)",연%
2020-12-07,2.215,"회사채(3년, AA-)",연%
2020-12-08,2.211,"회사채(3년, AA-)",연%
2020-12-09,2.214,"회사채(3년, AA-)",연%
2020-12-10,2.212,"회사채(3년, AA-)",연%
2020-12-11,2.215,"회사채(3년, AA-)",연%
2020-12-14,2.216,"회사채(3년, AA-)",연%
2020-12-15,2.215,"회사채(3년, AA-)",연%
2020-12-16,2.221,"회사채(3년, AA-)",연%
2020-12-17,2.229,"회사채(3년, AA-)",연%
2020-12-18,2.208,"회사채(3년, AA-)",연%
2020-12-21,2.201,"회사채(3년, AA-)",연%
2020-12-22,2.19,"회사채(3년, AA-)",연%
2020-12-23,2.179,"회사채(3년, AA-)",연%
2020-12-24,2.196,"회사채(3년, AA-)",연%
2020-12-28,2.196,"회사채(3년, AA-)",연%
2020-12-29,2.202,"회사채(3년, AA-)",연%
2020-12-30,2.208,"회사채(3년, AA-)",연%
2020-12-31,2.208,"회사채(3년, AA-)",연%
2021-01-04,2.192,"회사채(3년, AA-)",연%
2021-01-05,2.173,"회사채(3년, AA-)",연%
2021-01-06,2.176,"회사채(3년, AA-)",연%
2021-01-07,2.177,"회사채(3년, AA-)",연%
2021-01-08,2.178,"회사채(3년, AA-)",연%
2021-01-11,2.161,"회사채(3년, AA-)",연%
2021-01-12,2.161,"회사채(3년, AA-)",연%
2021-01-13,2.158,"회사채(3년, AA-)",연%
2021-01-14,2.155,"회사채(3년, AA-)",연%
2021-01-15,2.144,"회사채(3년, AA-)",연%
2021-01-18,2.137,"회사채(3년, AA-)",연%
2021-01-19,2.132,"회사채(3년, AA-)",연%
2021-01-20,2.129,"회사채(3년, AA-)",연%
2021-01-21,2.122,"회사채(3년, AA-)",연%
2021-01-22,2.124,"회사채(3년, AA-)",연%
2021-01-25,2.124,"회사채(3년, AA-)",연%
2021-01-26,2.122,"회사채(3년, AA-)",연%
2021-01-27,2.103,"회사채(3년, AA-)",연%
2021-01-28,2.097,"회사채(3년, AA-)",연%
2021-01-29,2.092,"회사채(3년, AA-)",연%
2021-02-01,2.09,"회사채(3년, AA-)",연%
2021-02-02,2.069,"회사채(3년, AA-)",연%
2021-02-03,2.064,"회사채(3년, AA-)",연%
2021-02-04,2.065,"회사채(3년, AA-)",연%
2021-02-05,2.061,"회사채(3년, AA-)",연%
2021-02-08,2.07,"회사채(3년, AA-)",연%
2021-02-09,2.054,"회사채(3년, AA-)",연%
2021-02-10,2.055,"회사채(3년, AA-)",연%
2021-02-15,2.056,"회사채(3년, AA-)",연%
2021-02-16,2.041,"회사채(3년, AA-)",연%
2021-02-17,2.043,"회사채(3년, AA-)",연%
2021-02-18,2.039,"회사채(3년, AA-)",연%
2021-02-19,2.043,"회사채(3년, AA-)",연%
2021-02-22,2.059,"회사채(3년, AA-)",연%
2021-02-23,2.054,"회사채(3년, AA-)",연%
2021-02-24,2.032,"회사채(3년, AA-)",연%
2021-02-25,2.035,"회사채(3년, AA-)",연%
2021-02-26,2.054,"회사채(3년, AA-)",연%
2021-03-02,2.054,"회사채(3년, AA-)",연%
2021-03-03,2.051,"회사채(3년, AA-)",연%
2021-03-04,2.058,"회사채(3년, AA-)",연%
2021-03-05,2.08,"회사채(3년, AA-)",연%
2021-03-08,2.117,"회사채(3년, AA-)",연%
2021-03-09,2.159,"회사채(3년, AA-)",연%
2021-03-10,2.134,"회사채(3년, AA-)",연%
2021-03-11,2.123,"회사채(3년, AA-)",연%
2021-03-12,2.149,"회사채(3년, AA-)",연%
2021-03-15,2.153,"회사채(3년, AA-)",연%
2021-03-16,2.114,"회사채(3년, AA-)",연%
2021-03-17,2.115,"회사채(3년, AA-)",연%
2021-03-18,2.083,"회사채(3년, AA-)",연%
2021-03-19,2.092,"회사채(3년, AA-)",연%
2021-03-22,2.079,"회사채(3년, AA-)",연%
2021-03-23,2.076,"회사채(3년, AA-)",연%
2021-03-24,2.059,"회사채(3년, AA-)",연%
2021-03-25,2.045,"회사채(3년, AA-)",연%
2021-03-26,2.059,"회사채(3년, AA-)",연%
2021-03-29,2.059,"회사채(3년, AA-)",연%
2021-03-30,2.078,"회사채(3년, AA-)",연%
2021-03-31,2.06,"회사채(3년, AA-)",연%
2021-04-01,2.063,"회사채(3년, AA-)",연%
2021-04-02,2.067,"회사채(3년, AA-)",연%
2021-04-05,2.095,"회사채(3년, AA-)",연%
2021-04-06,2.078,"회사채(3년, AA-)",연%
2021-04-07,2.073,"회사채(3년, AA-)",연%
2021-04-08,2.051,"회사채(3년, AA-)",연%
2021-04-09,2.056,"회사채(3년, AA-)",연%
2021-04-12,2.031,"회사채(3년, AA-)",연%
2021-04-13,2.029,"회사채(3년, AA-)",연%
2021-04-14,2.003,"회사채(3년, AA-)",연%
2021-04-15,2.027,"회사채(3년, AA-)",연%
2021-04-16,2.029,"회사채(3년, AA-)",연%
2021-04-19,1.914,"회사채(3년, AA-)",연%
2021-04-20,1.918,"회사채(3년, AA-)",연%
2021-04-21,1.899,"회사채(3년, AA-)",연%
2021-04-22,1.896,"회사채(3년, AA-)",연%
2021-04-23,1.907,"회사채(3년, AA-)",연%
2021-04-26,1.903,"회사채(3년, AA-)",연%
2021-04-27,1.885,"회사채(3년, AA-)",연%
2021-04-28,1.89,"회사채(3년, AA-)",연%
2021-04-29,1.9,"회사채(3년, AA-)",연%
2021-04-30,1.914,"회사채(3년, AA-)",연%
2021-05-03,1.917,"회사채(3년, AA-)",연%
2021-05-04,1.92,"회사채(3년, AA-)",연%
2021-05-06,1.9,"회사채(3년, AA-)",연%
2021-05-07,1.9,"회사채(3년, AA-)",연%
2021-05-10,1.899,"회사채(3년, AA-)",연%
2021-05-11,1.892,"회사채(3년, AA-)",연%
2021-05-12,1.888,"회사채(3년, AA-)",연%
2021-05-13,1.888,"회사채(3년, AA-)",연%
2021-05-14,1.882,"회사채(3년, AA-)",연%
2021-05-17,1.872,"회사채(3년, AA-)",연%
2021-05-18,1.865,"회사채(3년, AA-)",연%
2021-05-20,1.869,"회사채(3년, AA-)",연%
2021-05-21,1.861,"회사채(3년, AA-)",연%
2021-05-24,1.876,"회사채(3년, AA-)",연%
2021-05-25,1.89,"회사채(3년, AA-)",연%
2021-05-26,1.902,"회사채(3년, AA-)",연%
2021-05-27,1.867,"회사채(3년, AA-)",연%
2021-05-28,1.899,"회사채(3년, AA-)",연%
2021-05-31,1.945,"회사채(3년, AA-)",연%
2021-06-01,1.929,"회사채(3년, AA-)",연%
2021-06-02,1.924,"회사채(3년, AA-)",연%
2021-06-03,1.911,"회사채(3년, AA-)",연%
2021-06-04,1.931,"회사채(3년, AA-)",연%
2021-06-07,1.911,"회사채(3년, AA-)",연%
2021-06-08,1.891,"회사채(3년, AA-)",연%
2021-06-09,1.866,"회사채(3년, AA-)",연%
2021-06-10,1.88,"회사채(3년, AA-)",연%
2021-06-11,1.872,"회사채(3년, AA-)",연%
2021-06-14,1.881,"회사채(3년, AA-)",연%
2021-06-15,1.896,"회사채(3년, AA-)",연%
2021-06-16,1.879,"회사채(3년, AA-)",연%
2021-06-17,1.9,"회사채(3년, AA-)",연%
2021-06-18,1.888,"회사채(3년, AA-)",연%
2021-06-21,1.906,"회사채(3년, AA-)",연%
2021-06-22,1.889,"회사채(3년, AA-)",연%
2021-06-23,1.893,"회사채(3년, AA-)",연%
2021-06-24,1.929,"회사채(3년, AA-)",연%
2021-06-25,1.969,"회사채(3년, AA-)",연%
2021-06-28,1.993,"회사채(3년, AA-)",연%
2021-06-29,1.977,"회사채(3년, AA-)",연%
2021-06-30,1.966,"회사채(3년, AA-)",연%
2021-07-01,1.975,"회사채(3년, AA-)",연%
2021-07-02,1.984,"회사채(3년, AA-)",연%
2021-07-05,1.962,"회사채(3년, AA-)",연%
2021-07-06,1.964,"회사채(3년, AA-)",연%
2021-07-07,1.915,"회사채(3년, AA-)",연%
2021-07-08,1.865,"회사채(3년, AA-)",연%
2021-07-09,1.874,"회사채(3년, AA-)",연%
2021-07-12,1.877,"회사채(3년, AA-)",연%
2021-07-13,1.896,"회사채(3년, AA-)",연%
2021-07-14,1.869,"회사채(3년, AA-)",연%
2021-07-15,1.938,"회사채(3년, AA-)",연%
2021-07-16,1.908,"회사채(3년, AA-)",연%
2021-07-19,1.908,"회사채(3년, AA-)",연%
2021-07-20,1.864,"회사채(3년, AA-)",연%
2021-07-21,1.835,"회사채(3년, AA-)",연%
2021-07-22,1.843,"회사채(3년, AA-)",연%
2021-07-23,1.841,"회사채(3년, AA-)",연%
2021-07-26,1.821,"회사채(3년, AA-)",연%
2021-07-27,1.83,"회사채(3년, AA-)",연%
2021-07-28,1.853,"회사채(3년, AA-)",연%
2021-07-29,1.862,"회사채(3년, AA-)",연%
2021-07-30,1.847,"회사채(3년, AA-)",연%
2021-08-02,1.858,"회사채(3년, AA-)",연%
2021-08-03,1.863,"회사채(3년, AA-)",연%
2021-08-04,1.841,"회사채(3년, AA-)",연%
2021-08-05,1.836,"회사채(3년, AA-)",연%
2021-08-06,1.855,"회사채(3년, AA-)",연%
2021-08-09,1.859,"회사채(3년, AA-)",연%
2021-08-10,1.855,"회사채(3년, AA-)",연%
2021-08-11,1.845,"회사채(3년, AA-)",연%
2021-08-12,1.84,"회사채(3년, AA-)",연%
2021-08-13,1.834,"회사채(3년, AA-)",연%
2021-08-17,1.83,"회사채(3년, AA-)",연%
2021-08-18,1.817,"회사채(3년, AA-)",연%
2021-08-19,1.79,"회사채(3년, AA-)",연%
2021-08-20,1.794,"회사채(3년, AA-)",연%
2021-08-23,1.82,"회사채(3년, AA-)",연%
2021-08-24,1.862,"회사채(3년, AA-)",연%
2021-08-25,1.863,"회사채(3년, AA-)",연%
2021-08-26,1.836,"회사채(3년, AA-)",연%
2021-08-27,1.842,"회사채(3년, AA-)",연%
2021-08-30,1.832,"회사채(3년, AA-)",연%
2021-08-31,1.829,"회사채(3년, AA-)",연%
2021-09-01,1.848,"회사채(3년, AA-)",연%
2021-09-02,1.855,"회사채(3년, AA-)",연%
2021-09-03,1.865,"회사채(3년, AA-)",연%
2021-09-06,1.881,"회사채(3년, AA-)",연%
2021-09-07,1.888,"회사채(3년, AA-)",연%
2021-09-08,1.908,"회사채(3년, AA-)",연%
2021-09-09,1.921,"회사채(3년, AA-)",연%
2021-09-10,1.936,"회사채(3년, AA-)",연%
2021-09-13,1.962,"회사채(3년, AA-)",연%
2021-09-14,1.975,"회사채(3년, AA-)",연%
2021-09-15,1.942,"회사채(3년, AA-)",연%
2021-09-16,1.958,"회사채(3년, AA-)",연%
2021-09-17,1.978,"회사채(3년, AA-)",연%
2021-09-23,1.996,"회사채(3년, AA-)",연%
2021-09-24,2.017,"회사채(3년, AA-)",연%
2021-09-27,2.015,"회사채(3년, AA-)",연%
2021-09-28,2.061,"회사채(3년, AA-)",연%
2021-09-29,2.057,"회사채(3년, AA-)",연%
2021-09-30,2.049,"회사채(3년, AA-)",연%
2021-10-01,2.087,"회사채(3년, AA-)",연%
2021-10-05,2.101,"회사채(3년, AA-)",연%
2021-10-06,2.171,"회사채(3년, AA-)",연%
2021-10-07,2.158,"회사채(3년, AA-)",연%
2021-10-08,2.156,"회사채(3년, AA-)",연%
2021-10-12,2.262,"회사채(3년, AA-)",연%
2021-10-13,2.27,"회사채(3년, AA-)",연%
2021-10-14,2.261,"회사채(3년, AA-)",연%
2021-10-15,2.249,"회사채(3년, AA-)",연%
2021-10-18,2.333,"회사채(3년, AA-)",연%
2021-10-19,2.325,"회사채(3년, AA-)",연%
2021-10-20,2.318,"회사채(3년, AA-)",연%
2021-10-21,2.31,"회사채(3년, AA-)",연%
2021-10-22,2.362,"회사채(3년, AA-)",연%
2021-10-25,2.387,"회사채(3년, AA-)",연%
2021-10-26,2.423,"회사채(3년, AA-)",연%
2021-10-27,2.506,"회사채(3년, AA-)",연%
2021-10-28,2.487,"회사채(3년, AA-)",연%
2021-10-29,2.573,"회사채(3년, AA-)",연%
2021-11-01,2.58,"회사채(3년, AA-)",연%
2021-11-02,2.542,"회사채(3년, AA-)",연%
2021-11-03,2.539,"회사채(3년, AA-)",연%
2021-11-04,2.544,"회사채(3년, AA-)",연%
2021-11-05,2.468,"회사채(3년, AA-)",연%
2021-11-08,2.438,"회사채(3년, AA-)",연%
2021-11-09,2.403,"회사채(3년, AA-)",연%
2021-11-10,2.417,"회사채(3년, AA-)",연%
2021-11-11,2.453,"회사채(3년, AA-)",연%
2021-11-12,2.499,"회사채(3년, AA-)",연%
2021-11-15,2.457,"회사채(3년, AA-)",연%
2021-11-16,2.505,"회사채(3년, AA-)",연%
2021-11-17,2.517,"회사채(3년, AA-)",연%
2021-11-18,2.501,"회사채(3년, AA-)",연%
2021-11-19,2.513,"회사채(3년, AA-)",연%
2021-11-22,2.563,"회사채(3년, AA-)",연%
2021-11-23,2.582,"회사채(3년, AA-)",연%
2021-11-24,2.569,"회사채(3년, AA-)",연%
2021-11-25,2.499,"회사채(3년, AA-)",연%
2021-11-26,2.433,"회사채(3년, AA-)",연%
2021-11-29,2.418,"회사채(3년, AA-)",연%
2021-11-30,2.373,"회사채(3년, AA-)",연%
2021-12-01,2.385,"회사채(3년, AA-)",연%
2021-12-02,2.406,"회사채(3년, AA-)",연%
2021-12-03,2.464,"회사채(3년, AA-)",연%
2021-12-06,2.436,"회사채(3년, AA-)",연%
2021-12-07,2.446,"회사채(3년, AA-)",연%
2021-12-08,2.409,"회사채(3년, AA-)",연%
2021-12-09,2.385,"회사채(3년, AA-)",연%
2021-12-10,2.399,"회사채(3년, AA-)",연%
2021-12-13,2.402,"회사채(3년, AA-)",연%
2021-12-14,2.402,"회사채(3년, AA-)",연%
2021-12-15,2.43,"회사채(3년, AA-)",연%
2021-12-16,2.398,"회사채(3년, AA-)",연%
2021-12-17,2.398,"회사채(3년, AA-)",연%
2021-12-20,2.372,"회사채(3년, AA-)",연%
2021-12-21,2.355,"회사채(3년, AA-)",연%
2021-12-22,2.392,"회사채(3년, AA-)",연%
2021-12-23,2.441,"회사채(3년, AA-)",연%
2021-12-24,2.438,"회사채(3년, AA-)",연%
2021-12-27,2.411,"회사채(3년, AA-)",연%
2021-12-28,2.417,"회사채(3년, AA-)",연%
2021-12-29,2.409,"회사채(3년, AA-)",연%
2021-12-30,2.417,"회사채(3년, AA-)",연%
2021-12-31,2.415,"회사채(3년, AA-)",연%
2022-01-03,2.46,"회사채(3년, AA-)",연%
2022-01-04,2.474,"회사채(3년, AA-)",연%
2022-01-05,2.506,"회사채(3년, AA-)",연%
2022-01-06,2.59,"회사채(3년, AA-)",연%
2022-01-07,2.593,"회사채(3년, AA-)",연%
2022-01-10,2.624,"회사채(3년, AA-)",연%
2022-01-11,2.611,"회사채(3년, AA-)",연%
2022-01-12,2.576,"회사채(3년, AA-)",연%
2022-01-13,2.537,"회사채(3년, AA-)",연%
2022-01-14,2.6,"회사채(3년, AA-)",연%
2022-01-17,2.699,"회사채(3년, AA-)",연%
2022-01-18,2.685,"회사채(3년, AA-)",연%
2022-01-19,2.645,"회사채(3년, AA-)",연%
2022-01-20,2.684,"회사채(3년, AA-)",연%
2022-01-21,2.693,"회사채(3년, AA-)",연%
2022-01-24,2.675,"회사채(3년, AA-)",연%
2022-01-25,2.725,"회사채(3년, AA-)",연%
2022-01-26,2.713,"회사채(3년, AA-)",연%
2022-01-27,2.781,"회사채(3년, AA-)",연%
2022-01-28,2.765,"회사채(3년, AA-)",연%
2022-02-03,2.733,"회사채(3년, AA-)",연%
2022-02-04,2.771,"회사채(3년, AA-)",연%
2022-02-07,2.815,"회사채(3년, AA-)",연%
2022-02-08,2.867,"회사채(3년, AA-)",연%
2022-02-09,2.857,"회사채(3년, AA-)",연%
2022-02-10,2.85,"회사채(3년, AA-)",연%
2022-02-11,2.921,"회사채(3년, AA-)",연%
2022-02-14,2.926,"회사채(3년, AA-)",연%
2022-02-15,2.928,"회사채(3년, AA-)",연%
2022-02-16,2.913,"회사채(3년, AA-)",연%
2022-02-17,2.895,"회사채(3년, AA-)",연%
2022-02-18,2.916,"회사채(3년, AA-)",연%
2022-02-21,2.949,"회사채(3년, AA-)",연%
2022-02-22,2.916,"회사채(3년, AA-)",연%
2022-02-23,2.913,"회사채(3년, AA-)",연%
2022-02-24,2.83,"회사채(3년, AA-)",연%
2022-02-25,2.854,"회사채(3년, AA-)",연%
2022-02-28,2.855,"회사채(3년, AA-)",연%
2022-03-02,2.813,"회사채(3년, AA-)",연%
2022-03-03,2.835,"회사채(3년, AA-)",연%
2022-03-04,2.848,"회사채(3년, AA-)",연%
2022-03-07,2.922,"회사채(3년, AA-)",연%
2022-03-08,2.931,"회사채(3년, AA-)",연%
2022-03-10,2.933,"회사채(3년, AA-)",연%
2022-03-11,2.92,"회사채(3년, AA-)",연%
2022-03-14,2.947,"회사채(3년, AA-)",연%
2022-03-15,2.965,"회사채(3년, AA-)",연%
2022-03-16,2.948,"회사채(3년, AA-)",연%
2022-03-17,2.902,"회사채(3년, AA-)",연%
2022-03-18,2.911,"회사채(3년, AA-)",연%
2022-03-21,2.944,"회사채(3년, AA-)",연%
2022-03-22,3.045,"회사채(3년, AA-)",연%
2022-03-23,3.073,"회사채(3년, AA-)",연%
2022-03-24,3.104,"회사채(3년, AA-)",연%
2022-03-25,3.163,"회사채(3년, AA-)",연%
2022-03-28,3.394,"회사채(3년, AA-)",연%
2022-03-29,3.361,"회사채(3년, AA-)",연%
2022-03-30,3.291,"회사채(3년, AA-)",연%
2022-03-31,3.34,"회사채(3년, AA-)",연%
2022-04-01,3.458,"회사채(3년, AA-)",연%
2022-04-04,3.499,"회사채(3년, AA-)",연%
2022-04-05,3.542,"회사채(3년, AA-)",연%
2022-04-06,3.592,"회사채(3년, AA-)",연%
2022-04-07,3.562,"회사채(3년, AA-)",연%
2022-04-08,3.636,"회사채(3년, AA-)",연%
2022-04-11,3.813,"회사채(3년, AA-)",연%
2022-04-12,3.774,"회사채(3년, AA-)",연%
2022-04-13,3.688,"회사채(3년, AA-)",연%
2022-04-14,3.583,"회사채(3년, AA-)",연%
2022-04-15,3.64,"회사채(3년, AA-)",연%
2022-04-18,3.689,"회사채(3년, AA-)",연%
2022-04-19,3.671,"회사채(3년, AA-)",연%
2022-04-20,3.662,"회사채(3년, AA-)",연%
2022-04-21,3.647,"회사채(3년, AA-)",연%
2022-04-22,3.688,"회사채(3년, AA-)",연%
2022-04-25,3.602,"회사채(3년, AA-)",연%
2022-04-26,3.584,"회사채(3년, AA-)",연%
2022-04-27,3.595,"회사채(3년, AA-)",연%
2022-04-28,3.636,"회사채(3년, AA-)",연%
2022-04-29,3.68,"회사채(3년, AA-)",연%
2022-05-02,3.794,"회사채(3년, AA-)",연%
2022-05-03,3.855,"회사채(3년, AA-)",연%
2022-05-04,3.887,"회사채(3년, AA-)",연%
2022-05-06,3.873,"회사채(3년, AA-)",연%
2022-05-09,3.8,"회사채(3년, AA-)",연%
2022-05-10,3.783,"회사채(3년, AA-)",연%
2022-05-11,3.691,"회사채(3년, AA-)",연%
2022-05-12,3.657,"회사채(3년, AA-)",연%
2022-05-13,3.673,"회사채(3년, AA-)",연%
2022-05-16,3.781,"회사채(3년, AA-)",연%
2022-05-17,3.784,"회사채(3년, AA-)",연%
2022-05-18,3.832,"회사채(3년, AA-)",연%
2022-05-19,3.821,"회사채(3년, AA-)",연%
2022-05-20,3.784,"회사채(3년, AA-)",연%
2022-05-23,3.796,"회사채(3년, AA-)",연%
2022-05-24,3.742,"회사채(3년, AA-)",연%
2022-05-25,3.72,"회사채(3년, AA-)",연%
2022-05-26,3.733,"회사채(3년, AA-)",연%
2022-05-27,3.728,"회사채(3년, AA-)",연%
2022-05-30,3.724,"회사채(3년, AA-)",연%
2022-05-31,3.807,"회사채(3년, AA-)",연%
2022-06-02,3.897,"회사채(3년, AA-)",연%
2022-06-03,3.896,"회사채(3년, AA-)",연%
2022-06-07,4.001,"회사채(3년, AA-)",연%
2022-06-08,3.982,"회사채(3년, AA-)",연%
2022-06-09,3.958,"회사채(3년, AA-)",연%
2022-06-10,3.996,"회사채(3년, AA-)",연%
2022-06-13,4.222,"회사채(3년, AA-)",연%
2022-06-14,4.27,"회사채(3년, AA-)",연%
2022-06-15,4.371,"회사채(3년, AA-)",연%
2022-06-16,4.437,"회사채(3년, AA-)",연%
2022-06-17,4.468,"회사채(3년, AA-)",연%
2022-06-20,4.414,"회사채(3년, AA-)",연%
2022-06-21,4.402,"회사채(3년, AA-)",연%
2022-06-22,4.275,"회사채(3년, AA-)",연%
2022-06-23,4.363,"회사채(3년, AA-)",연%
2022-06-24,4.297,"회사채(3년, AA-)",연%
2022-06-27,4.344,"회사채(3년, AA-)",연%
2022-06-28,4.339,"회사채(3년, AA-)",연%
2022-06-29,4.359,"회사채(3년, AA-)",연%
2022-06-30,4.361,"회사채(3년, AA-)",연%
2022-07-01,4.257,"회사채(3년, AA-)",연%
2022-07-04,4.247,"회사채(3년, AA-)",연%
2022-07-05,4.128,"회사채(3년, AA-)",연%
2022-07-06,4.086,"회사채(3년, AA-)",연%
2022-07-07,4.113,"회사채(3년, AA-)",연%
2022-07-08,4.186,"회사채(3년, AA-)",연%
2022-07-11,4.198,"회사채(3년, AA-)",연%
2022-07-12,4.158,"회사채(3년, AA-)",연%
2022-07-13,4.094,"회사채(3년, AA-)",연%
2022-07-14,4.139,"회사채(3년, AA-)",연%
2022-07-15,4.091,"회사채(3년, AA-)",연%
2022-07-18,4.104,"회사채(3년, AA-)",연%
2022-07-19,4.092,"회사채(3년, AA-)",연%
2022-07-20,4.197,"회사채(3년, AA-)",연%
2022-07-21,4.202,"회사채(3년, AA-)",연%
2022-07-22,4.135,"회사채(3년, AA-)",연%
2022-07-25,4.082,"회사채(3년, AA-)",연%
2022-07-26,4.063,"회사채(3년, AA-)",연%
2022-07-27,4.033,"회사채(3년, AA-)",연%
2022-07-28,4.082,"회사채(3년, AA-)",연%
2022-07-29,3.969,"회사채(3년, AA-)",연%
2022-08-01,4.043,"회사채(3년, AA-)",연%
2022-08-02,3.983,"회사채(3년, AA-)",연%
2022-08-03,4.045,"회사채(3년, AA-)",연%
2022-08-04,4.091,"회사채(3년, AA-)",연%
2022-08-05,4.056,"회사채(3년, AA-)",연%
2022-08-08,4.113,"회사채(3년, AA-)",연%
2022-08-09,4.119,"회사채(3년, AA-)",연%
2022-08-10,4.133,"회사채(3년, AA-)",연%
2022-08-11,4.111,"회사채(3년, AA-)",연%
2022-08-12,4.159,"회사채(3년, AA-)",연%
2022-08-16,4.057,"회사채(3년, AA-)",연%
2022-08-17,4.076,"회사채(3년, AA-)",연%
2022-08-18,4.114,"회사채(3년, AA-)",연%
2022-08-19,4.186,"회사채(3년, AA-)",연%
2022-08-22,4.235,"회사채(3년, AA-)",연%
2022-08-23,4.27,"회사채(3년, AA-)",연%
2022-08-24,4.298,"회사채(3년, AA-)",연%
2022-08-25,4.507,"회사채(3년, AA-)",연%
2022-08-26,4.499,"회사채(3년, AA-)",연%
2022-08-29,4.621,"회사채(3년, AA-)",연%
2022-08-30,4.618,"회사채(3년, AA-)",연%
2022-08-31,4.658,"회사채(3년, AA-)",연%
2022-09-01,4.747,"회사채(3년, AA-)",연%
2022-09-02,4.655,"회사채(3년, AA-)",연%
2022-09-05,4.596,"회사채(3년, AA-)",연%
2022-09-06,4.662,"회사채(3년, AA-)",연%
2022-09-07,4.668,"회사채(3년, AA-)",연%
2022-09-08,4.541,"회사채(3년, AA-)",연%
2022-09-13,4.525,"회사채(3년, AA-)",연%
2022-09-14,4.579,"회사채(3년, AA-)",연%
2022-09-15,4.759,"회사채(3년, AA-)",연%
2022-09-16,4.758,"회사채(3년, AA-)",연%
2022-09-19,4.751,"회사채(3년, AA-)",연%
2022-09-20,4.806,"회사채(3년, AA-)",연%
2022-09-21,4.843,"회사채(3년, AA-)",연%
2022-09-22,5.092,"회사채(3년, AA-)",연%
2022-09-23,5.189,"회사채(3년, AA-)",연%
2022-09-26,5.528,"회사채(3년, AA-)",연%
2022-09-27,5.308,"회사채(3년, AA-)",연%
2022-09-28,5.342,"회사채(3년, AA-)",연%
2022-09-29,5.378,"회사채(3년, AA-)",연%
2022-09-30,5.28,"회사채(3년, AA-)",연%
2022-10-04,5.175,"회사채(3년, AA-)",연%
2022-10-05,5.242,"회사채(3년, AA-)",연%
2022-10-06,5.231,"회사채(3년, AA-)",연%
2022-10-07,5.358,"회사채(3년, AA-)",연%
2022-10-11,5.436,"회사채(3년, AA-)",연%
2022-10-12,5.21,"회사채(3년, AA-)",연%
2022-10-13,5.31,"회사채(3년, AA-)",연%
2022-10-14,5.32,"회사채(3년, AA-)",연%
2022-10-17,5.373,"회사채(3년, AA-)",연%
2022-10-18,5.408,"회사채(3년, AA-)",연%
2022-10-19,5.533,"회사채(3년, AA-)",연%
2022-10-20,5.588,"회사채(3년, AA-)",연%
2022-10-21,5.736,"회사채(3년, AA-)",연%
2022-10-24,5.592,"회사채(3년, AA-)",연%
2022-10-25,5.528,"회사채(3년, AA-)",연%
2022-10-26,5.553,"회사채(3년, AA-)",연%
2022-10-27,5.62,"회사채(3년, AA-)",연%
2022-10-28,5.487,"회사채(3년, AA-)",연%
2022-10-31,5.58,"회사채(3년, AA-)",연%
2022-11-01,5.486,"회사채(3년, AA-)",연%
2022-11-02,5.533,"회사채(3년, AA-)",연%
2022-11-03,5.616,"회사채(3년, AA-)",연%
2022-11-04,5.591,"회사채(3년, AA-)",연%
2022-11-07,5.662,"회사채(3년, AA-)",연%
2022-11-08,5.642,"회사채(3년, AA-)",연%
2022-11-09,5.594,"회사채(3년, AA-)",연%
2022-11-10,5.551,"회사채(3년, AA-)",연%
2022-11-11,5.361,"회사채(3년, AA-)",연%
2022-11-14,5.42,"회사채(3년, AA-)",연%
2022-11-15,5.346,"회사채(3년, AA-)",연%
2022-11-16,5.416,"회사채(3년, AA-)",연%
2022-11-17,5.427,"회사채(3년, AA-)",연%
2022-11-18,5.429,"회사채(3년, AA-)",연%
2022-11-21,5.492,"회사채(3년, AA-)",연%
2022-11-22,5.516,"회사채(3년, AA-)",연%
2022-11-23,5.536,"회사채(3년, AA-)",연%
2022-11-24,5.402,"회사채(3년, AA-)",연%
2022-11-25,5.376,"회사채(3년, AA-)",연%
2022-11-28,5.405,"회사채(3년, AA-)",연%
2022-11-29,5.468,"회사채(3년, AA-)",연%
2022-11-30,5.445,"회사채(3년, AA-)",연%
2022-12-01,5.422,"회사채(3년, AA-)",연%
2022-12-02,5.386,"회사채(3년, AA-)",연%
2022-12-05,5.37,"회사채(3년, AA-)",연%
2022-12-06,5.387,"회사채(3년, AA-)",연%
2022-12-07,5.411,"회사채(3년, AA-)",연%
2022-12-08,5.412,"회사채(3년, AA-)",연%
2022-12-09,5.391,"회사채(3년, AA-)",연%
2022-12-12,5.383,"회사채(3년, AA-)",연%
2022-12-13,5.374,"회사채(3년, AA-)",연%
2022-12-14,5.272,"회사채(3년, AA-)",연%
2022-12-15,5.263,"회사채(3년, AA-)",연%
2022-12-16,5.227,"회사채(3년, AA-)",연%
2022-12-19,5.217,"회사채(3년, AA-)",연%
2022-12-20,5.333,"회사채(3년, AA-)",연%
2022-12-21,5.272,"회사채(3년, AA-)",연%
2022-12-22,5.192,"회사채(3년, AA-)",연%
2022-12-23,5.215,"회사채(3년, AA-)",연%
2022-12-26,5.235,"회사채(3년, AA-)",연%
2022-12-27,5.219,"회사채(3년, AA-)",연%
2022-12-28,5.203,"회사채(3년, AA-)",연%
2022-12-29,5.238,"회사채(3년, AA-)",연%
2022-12-30,5.231,"회사채(3년, AA-)",연%
2023-01-02,5.262,"회사채(3년, AA-)",연%
2023-01-03,5.131,"회사채(3년, AA-)",연%
2023-01-04,5.078,"회사채(3년, AA-)",연%
2023-01-05,5.06,"회사채(3년, AA-)",연%
2023-01-06,5.062,"회사채(3년, AA-)",연%
2023-01-09,4.93,"회사채(3년, AA-)",연%
2023-01-10,4.887,"회사채(3년, AA-)",연%
2023-01-11,4.784,"회사채(3년, AA-)",연%
2023-01-12,4.73,"회사채(3년, AA-)",연%
2023-01-13,4.62,"회사채(3년, AA-)",연%
2023-01-16,4.661,"회사채(3년, AA-)",연%
2023-01-17,4.677,"회사채(3년, AA-)",연%
2023-01-18,4.56,"회사채(3년, AA-)",연%
2023-01-19,4.403,"회사채(3년, AA-)",연%
2023-01-20,4.453,"회사채(3년, AA-)",연%
2023-01-25,4.4,"회사채(3년, AA-)",연%
2023-01-26,4.361,"회사채(3년, AA-)",연%
2023-01-27,4.364,"회사채(3년, AA-)",연%
2023-01-30,4.31,"회사채(3년, AA-)",연%
2023-01-31,4.344,"회사채(3년, AA-)",연%
2023-02-01,4.268,"회사채(3년, AA-)",연%
2023-02-02,4.177,"회사채(3년, AA-)",연%
2023-02-03,4.081,"회사채(3년, AA-)",연%
2023-02-06,4.237,"회사채(3년, AA-)",연%
2023-02-07,4.244,"회사채(3년, AA-)",연%
2023-02-08,4.244,"회사채(3년, AA-)",연%
2023-02-09,4.254,"회사채(3년, AA-)",연%
2023-02-10,4.231,"회사채(3년, AA-)",연%
2023-02-13,4.252,"회사채(3년, AA-)",연%
2023-02-14,4.207,"회사채(3년, AA-)",연%
2023-02-15,4.255,"회사채(3년, AA-)",연%
2023-02-16,4.239,"회사채(3년, AA-)",연%
2023-02-17,4.345,"회사채(3년, AA-)",연%
2023-02-20,4.369,"회사채(3년, AA-)",연%
2023-02-21,4.324,"회사채(3년, AA-)",연%
2023-02-22,4.342,"회사채(3년, AA-)",연%
2023-02-23,4.311,"회사채(3년, AA-)",연%
2023-02-24,4.255,"회사채(3년, AA-)",연%
2023-02-27,4.366,"회사채(3년, AA-)",연%
2023-02-28,4.484,"회사채(3년, AA-)",연%
2023-03-02,4.558,"회사채(3년, AA-)",연%
2023-03-03,4.471,"회사채(3년, AA-)",연%
2023-03-06,4.458,"회사채(3년, AA-)",연%
2023-03-07,4.41,"회사채(3년, AA-)",연%
2023-03-08,4.534,"회사채(3년, AA-)",연%
2023-03-09,4.54,"회사채(3년, AA-)",연%
2023-03-10,4.396,"회사채(3년, AA-)",연%
2023-03-13,4.149,"회사채(3년, AA-)",연%
2023-03-14,4.085,"회사채(3년, AA-)",연%
2023-03-15,4.169,"회사채(3년, AA-)",연%
2023-03-16,4.098,"회사채(3년, AA-)",연%
2023-03-17,4.11,"회사채(3년, AA-)",연%
2023-03-20,3.986,"회사채(3년, AA-)",연%
2023-03-21,4.016,"회사채(3년, AA-)",연%
2023-03-22,4.014,"회사채(3년, AA-)",연%
2023-03-23,3.97,"회사채(3년, AA-)",연%
2023-03-24,3.928,"회사채(3년, AA-)",연%
2023-03-27,3.989,"회사채(3년, AA-)",연%
2023-03-28,4.029,"회사채(3년, AA-)",연%
2023-03-29,4.027,"회사채(3년, AA-)",연%
2023-03-30,4.035,"회사채(3년, AA-)",연%
2023-03-31,4.074,"회사채(3년, AA-)",연%
2023-04-03,4.139,"회사채(3년, AA-)",연%
2023-04-04,4.081,"회사채(3년, AA-)",연%
2023-04-05,4.072,"회사채(3년, AA-)",연%
2023-04-06,4.022,"회사채(3년, AA-)",연%
2023-04-07,4.049,"회사채(3년, AA-)",연%
2023-04-10,4.004,"회사채(3년, AA-)",연%
2023-04-11,4.041,"회사채(3년, AA-)",연%
2023-04-12,4.042,"회사채(3년, AA-)",연%
2023-04-13,4.009,"회사채(3년, AA-)",연%
2023-04-14,4.022,"회사채(3년, AA-)",연%
2023-04-17,4.092,"회사채(3년, AA-)",연%
2023-04-18,4.101,"회사채(3년, AA-)",연%
2023-04-19,4.146,"회사채(3년, AA-)",연%
2023-04-20,4.146,"회사채(3년, AA-)",연%
2023-04-21,4.083,"회사채(3년, AA-)",연%
2023-04-24,4.051,"회사채(3년, AA-)",연%
2023-04-25,4.076,"회사채(3년, AA-)",연%
2023-04-26,4.069,"회사채(3년, AA-)",연%
2023-04-27,4.094,"회사채(3년, AA-)",연%
2023-04-28,4.105,"회사채(3년, AA-)",연%
2023-05-02,4.14,"회사채(3년, AA-)",연%
2023-05-03,4.094,"회사채(3년, AA-)",연%
2023-05-04,4.03,"회사채(3년, AA-)",연%
2023-05-08,4.079,"회사채(3년, AA-)",연%
2023-05-09,4.069,"회사채(3년, AA-)",연%
2023-05-10,4.086,"회사채(3년, AA-)",연%
2023-05-11,4.032,"회사채(3년, AA-)",연%
2023-05-12,4.035,"회사채(3년, AA-)",연%
2023-05-15,4.089,"회사채(3년, AA-)",연%
2023-05-16,4.056,"회사채(3년, AA-)",연%
2023-05-17,4.084,"회사채(3년, AA-)",연%
2023-05-18,4.123,"회사채(3년, AA-)",연%
2023-05-19,4.148,"회사채(3년, AA-)",연%
2023-05-22,4.127,"회사채(3년, AA-)",연%
2023-05-23,4.181,"회사채(3년, AA-)",연%
2023-05-24,4.183,"회사채(3년, AA-)",연%
2023-05-25,4.28,"회사채(3년, AA-)",연%
2023-05-26,4.328,"회사채(3년, AA-)",연%
2023-05-30,4.359,"회사채(3년, AA-)",연%
2023-05-31,4.262,"회사채(3년, AA-)",연%
2023-06-01,4.285,"회사채(3년, AA-)",연%
2023-06-02,4.244,"회사채(3년, AA-)",연%
2023-06-05,4.307,"회사채(3년, AA-)",연%
2023-06-07,4.273,"회사채(3년, AA-)",연%
2023-06-08,4.344,"회사채(3년, AA-)",연%
2023-06-09,4.309,"회사채(3년, AA-)",연%
2023-06-12,4.302,"회사채(3년, AA-)",연%
2023-06-13,4.297,"회사채(3년, AA-)",연%
2023-06-14,4.356,"회사채(3년, AA-)",연%
2023-06-15,4.437,"회사채(3년, AA-)",연%
2023-06-16,4.395,"회사채(3년, AA-)",연%
2023-06-19,4.39,"회사채(3년, AA-)",연%
2023-06-20,4.38,"회사채(3년, AA-)",연%
2023-06-21,4.378,"회사채(3년, AA-)",연%
2023-06-22,4.4,"회사채(3년, AA-)",연%
2023-06-23,4.419,"회사채(3년, AA-)",연%
2023-06-26,4.375,"회사채(3년, AA-)",연%
2023-06-27,4.348,"회사채(3년, AA-)",연%
2023-06-28,4.365,"회사채(3년, AA-)",연%
2023-06-29,4.391,"회사채(3년, AA-)",연%
2023-06-30,4.473,"회사채(3년, AA-)",연%
2023-07-03,4.421,"회사채(3년, AA-)",연%
2023-07-04,4.429,"회사채(3년, AA-)",연%
2023-07-05,4.425,"회사채(3년, AA-)",연%
2023-07-06,4.475,"회사채(3년, AA-)",연%
2023-07-07,4.534,"회사채(3년, AA-)",연%
2023-07-10,4.594,"회사채(3년, AA-)",연%
2023-07-11,4.502,"회사채(3년, AA-)",연%
2023-07-12,4.512,"회사채(3년, AA-)",연%
2023-07-13,4.408,"회사채(3년, AA-)",연%
2023-07-14,4.42,"회사채(3년, AA-)",연%
2023-07-17,4.414,"회사채(3년, AA-)",연%
2023-07-18,4.398,"회사채(3년, AA-)",연%
2023-07-19,4.341,"회사채(3년, AA-)",연%
2023-07-20,4.379,"회사채(3년, AA-)",연%
2023-07-21,4.399,"회사채(3년, AA-)",연%
2023-07-24,4.41,"회사채(3년, AA-)",연%
2023-07-25,4.435,"회사채(3년, AA-)",연%
2023-07-26,4.413,"회사채(3년, AA-)",연%
2023-07-27,4.374,"회사채(3년, AA-)",연%
2023-07-28,4.423,"회사채(3년, AA-)",연%
2023-07-31,4.467,"회사채(3년, AA-)",연%
2023-08-01,4.435,"회사채(3년, AA-)",연%
2023-08-02,4.466,"회사채(3년, AA-)",연%
2023-08-03,4.496,"회사채(3년, AA-)",연%
2023-08-04,4.519,"회사채(3년, AA-)",연%
2023-08-07,4.468,"회사채(3년, AA-)",연%
2023-08-08,4.424,"회사채(3년, AA-)",연%
2023-08-09,4.448,"회사채(3년, AA-)",연%
2023-08-10,4.464,"회사채(3년, AA-)",연%
2023-08-11,4.475,"회사채(3년, AA-)",연%
2023-08-14,4.52,"회사채(3년, AA-)",연%
2023-08-16,4.488,"회사채(3년, AA-)",연%
2023-08-17,4.561,"회사채(3년, AA-)",연%
2023-08-18,4.501,"회사채(3년, AA-)",연%
2023-08-21,4.563,"회사채(3년, AA-)",연%
2023-08-22,4.569,"회사채(3년, AA-)",연%
2023-08-23,4.536,"회사채(3년, AA-)",연%
2023-08-24,4.524,"회사채(3년, AA-)",연%
2023-08-25,4.554,"회사채(3년, AA-)",연%
2023-08-28,4.524,"회사채(3년, AA-)",연%
2023-08-29,4.503,"회사채(3년, AA-)",연%
2023-08-30,4.496,"회사채(3년, AA-)",연%
2023-08-31,4.473,"회사채(3년, AA-)",연%
2023-09-01,4.447,"회사채(3년, AA-)",연%
2023-09-04,4.498,"회사채(3년, AA-)",연%
2023-09-05,4.527,"회사채(3년, AA-)",연%
2023-09-06,4.521,"회사채(3년, AA-)",연%
2023-09-07,4.599,"회사채(3년, AA-)",연%
2023-09-08,4.552,"회사채(3년, AA-)",연%
2023-09-11,4.622,"회사채(3년, AA-)",연%
2023-09-12,4.621,"회사채(3년, AA-)",연%
2023-09-13,4.617,"회사채(3년, AA-)",연%
2023-09-14,4.596,"회사채(3년, AA-)",연%
2023-09-15,4.608,"회사채(3년, AA-)",연%
2023-09-18,4.648,"회사채(3년, AA-)",연%
2023-09-19,4.641,"회사채(3년, AA-)",연%
2023-09-20,4.645,"회사채(3년, AA-)",연%
2023-09-21,4.689,"회사채(3년, AA-)",연%
2023-09-22,4.65,"회사채(3년, AA-)",연%
2023-09-25,4.64,"회사채(3년, AA-)",연%
2023-09-26,4.654,"회사채(3년, AA-)",연%
2023-09-27,4.658,"회사채(3년, AA-)",연%
2023-10-04,4.871,"회사채(3년, AA-)",연%
2023-10-05,4.855,"회사채(3년, AA-)",연%
2023-10-06,4.796,"회사채(3년, AA-)",연%
2023-10-10,4.777,"회사채(3년, AA-)",연%
2023-10-11,4.735,"회사채(3년, AA-)",연%
2023-10-12,4.719,"회사채(3년, AA-)",연%
2023-10-13,4.748,"회사채(3년, AA-)",연%
2023-10-16,4.769,"회사채(3년, AA-)",연%
2023-10-17,4.787,"회사채(3년, AA-)",연%
2023-10-18,4.83,"회사채(3년, AA-)",연%
2023-10-19,4.872,"회사채(3년, AA-)",연%
2023-10-20,4.838,"회사채(3년, AA-)",연%
2023-10-23,4.861,"회사채(3년, AA-)",연%
2023-10-24,4.81,"회사채(3년, AA-)",연%
2023-10-25,4.844,"회사채(3년, AA-)",연%
2023-10-26,4.906,"회사채(3년, AA-)",연%
2023-10-27,4.884,"회사채(3년, AA-)",연%
2023-10-30,4.905,"회사채(3년, AA-)",연%
2023-10-31,4.908,"회사채(3년, AA-)",연%
2023-11-01,4.9,"회사채(3년, AA-)",연%
2023-11-02,4.811,"회사채(3년, AA-)",연%
2023-11-03,4.789,"회사채(3년, AA-)",연%
2023-11-06,4.721,"회사채(3년, AA-)",연%
2023-11-07,4.731,"회사채(3년, AA-)",연%
2023-11-08,4.715,"회사채(3년, AA-)",연%
2023-11-09,4.695,"회사채(3년, AA-)",연%
2023-11-10,4.711,"회사채(3년, AA-)",연%
2023-11-13,4.727,"회사채(3년, AA-)",연%
2023-11-14,4.704,"회사채(3년, AA-)",연%
2023-11-15,4.591,"회사채(3년, AA-)",연%
2023-11-16,4.541,"회사채(3년, AA-)",연%
2023-11-17,4.504,"회사채(3년, AA-)",연%
2023-11-20,4.469,"회사채(3년, AA-)",연%
2023-11-21,4.436,"회사채(3년, AA-)",연%
2023-11-22,4.45,"회사채(3년, AA-)",연%
2023-11-23,4.418,"회사채(3년, AA-)",연%
2023-11-24,4.443,"회사채(3년, AA-)",연%
2023-11-27,4.448,"회사채(3년, AA-)",연%
2023-11-28,4.397,"회사채(3년, AA-)",연%
2023-11-29,4.297,"회사채(3년, AA-)",연%
2023-11-30,4.319,"회사채(3년, AA-)",연%
2023-12-01,4.309,"회사채(3년, AA-)",연%
2023-12-04,4.252,"회사채(3년, AA-)",연%
2023-12-05,4.197,"회사채(3년, AA-)",연%
2023-12-06,4.17,"회사채(3년, AA-)",연%
2023-12-07,4.211,"회사채(3년, AA-)",연%
2023-12-08,4.167,"회사채(3년, AA-)",연%
2023-12-11,4.196,"회사채(3년, AA-)",연%
2023-12-12,4.171,"회사채(3년, AA-)",연%
2023-12-13,4.186,"회사채(3년, AA-)",연%
2023-12-14,3.98,"회사채(3년, AA-)",연%
2023-12-15,4.01,"회사채(3년, AA-)",연%
2023-12-18,4.005,"회사채(3년, AA-)",연%
2023-12-19,4.022,"회사채(3년, AA-)",연%
2023-12-20,3.975,"회사채(3년, AA-)",연%
2023-12-21,3.975,"회사채(3년, AA-)",연%
2023-12-22,3.972,"회사채(3년, AA-)",연%
2023-12-26,3.962,"회사채(3년, AA-)",연%
2023-12-27,3.958,"회사채(3년, AA-)",연%
2023-12-28,3.898,"회사채(3년, AA-)",연%
2023-12-29,3.898,"회사채(3년, AA-)",연%
2024-01-02,3.98,"회사채(3년, AA-)",연%
2024-01-03,4.017,"회사채(3년, AA-)",연%
2024-01-04,3.977,"회사채(3년, AA-)",연%
2024-01-05,4.032,"회사채(3년, AA-)",연%
2024-01-08,4.045,"회사채(3년, AA-)",연%
2024-01-09,4.004,"회사채(3년, AA-)",연%
2024-01-10,4.017,"회사채(3년, AA-)",연%
2024-01-11,3.976,"회사채(3년, AA-)",연%
2024-01-12,3.953,"회사채(3년, AA-)",연%
2024-01-15,3.939,"회사채(3년, AA-)",연%
2024-01-16,3.982,"회사채(3년, AA-)",연%
2024-01-17,4.025,"회사채(3년, AA-)",연%
2024-01-18,4.034,"회사채(3년, AA-)",연%
2024-01-19,4.058,"회사채(3년, AA-)",연%
2024-01-22,4.03,"회사채(3년, AA-)",연%
2024-01-23,4.041,"회사채(3년, AA-)",연%
2024-01-24,4.051,"회사채(3년, AA-)",연%
2024-01-25,4.061,"회사채(3년, AA-)",연%
2024-01-26,4.01,"회사채(3년, AA-)",연%
2024-01-29,4.051,"회사채(3년, AA-)",연%
2024-01-30,4.009,"회사채(3년, AA-)",연%
2024-01-31,4.002,"회사채(3년, AA-)",연%
2024-02-01,4.001,"회사채(3년, AA-)",연%
2024-02-02,3.982,"회사채(3년, AA-)",연%
2024-02-05,4.047,"회사채(3년, AA-)",연%
2024-02-06,4.028,"회사채(3년, AA-)",연%
2024-02-07,4.019,"회사채(3년, AA-)",연%
2024-02-08,4.034,"회사채(3년, AA-)",연%
2024-02-13,4.074,"회사채(3년, AA-)",연%
2024-02-14,4.141,"회사채(3년, AA-)",연%
2024-02-15,4.117,"회사채(3년, AA-)",연%
2024-02-16,4.115,"회사채(3년, AA-)",연%
2024-02-19,4.102,"회사채(3년, AA-)",연%
2024-02-20,4.105,"회사채(3년, AA-)",연%
2024-02-21,4.09,"회사채(3년, AA-)",연%
2024-02-22,4.023,"회사채(3년, AA-)",연%
2024-02-23,4.045,"회사채(3년, AA-)",연%
2024-02-26,4.005,"회사채(3년, AA-)",연%
2024-02-27,4.025,"회사채(3년, AA-)",연%
2024-02-28,4.015,"회사채(3년, AA-)",연%
2024-02-29,4.037,"회사채(3년, AA-)",연%
2024-03-04,4.008,"회사채(3년, AA-)",연%
2024-03-05,3.992,"회사채(3년, AA-)",연%
2024-03-06,3.962,"회사채(3년, AA-)",연%
2024-03-07,3.959,"회사채(3년, AA-)",연%
2024-03-08,3.91,"회사채(3년, AA-)",연%
2024-03-11,3.914,"회사채(3년, AA-)",연%
2024-03-12,3.917,"회사채(3년, AA-)",연%
2024-03-13,3.899,"회사채(3년, AA-)",연%
2024-03-14,3.922,"회사채(3년, AA-)",연%
2024-03-15,3.953,"회사채(3년, AA-)",연%
2024-03-18,3.993,"회사채(3년, AA-)",연%
2024-03-19,4.022,"회사채(3년, AA-)",연%
2024-03-20,4.006,"회사채(3년, AA-)",연%
2024-03-21,3.942,"회사채(3년, AA-)",연%
2024-03-22,3.918,"회사채(3년, AA-)",연%
2024-03-25,3.915,"회사채(3년, AA-)",연%
2024-03-26,3.923,"회사채(3년, AA-)",연%
2024-03-27,3.903,"회사채(3년, AA-)",연%
2024-03-28,3.903,"회사채(3년, AA-)",연%
2024-03-29,3.926,"회사채(3년, AA-)",연%
2024-04-01,3.896,"회사채(3년, AA-)",연%
2024-04-02,3.926,"회사채(3년, AA-)",연%
2024-04-03,3.927,"회사채(3년, AA-)",연%
2024-04-04,3.919,"회사채(3년, AA-)",연%
2024-04-05,3.902,"회사채(3년, AA-)",연%
2024-04-08,3.945,"회사채(3년, AA-)",연%
2024-04-09,3.953,"회사채(3년, AA-)",연%
2024-04-11,4.016,"회사채(3년, AA-)",연%
2024-04-12,3.961,"회사채(3년, AA-)",연%
2024-04-15,3.983,"회사채(3년, AA-)",연%
2024-04-16,4.01,"회사채(3년, AA-)",연%
2024-04-17,4.007,"회사채(3년, AA-)",연%
2024-04-18,3.96,"회사채(3년, AA-)",연%
2024-04-19,3.982,"회사채(3년, AA-)",연%
2024-04-22,4.019,"회사채(3년, AA-)",연%
2024-04-23,3.992,"회사채(3년, AA-)",연%
2024-04-24,4.004,"회사채(3년, AA-)",연%
2024-04-25,4.029,"회사채(3년, AA-)",연%
2024-04-26,4.012,"회사채(3년, AA-)",연%
2024-04-29,4.024,"회사채(3년, AA-)",연%
2024-04-30,3.995,"회사채(3년, AA-)",연%
2024-05-02,3.972,"회사채(3년, AA-)",연%
2024-05-03,3.958,"회사채(3년, AA-)",연%
2024-05-07,3.912,"회사채(3년, AA-)",연%
2024-05-08,3.901,"회사채(3년, AA-)",연%
2024-05-09,3.913,"회사채(3년, AA-)",연%
2024-05-10,3.894,"회사채(3년, AA-)",연%
2024-05-13,3.904,"회사채(3년, AA-)",연%
2024-05-14,3.9,"회사채(3년, AA-)",연%
2024-05-16,3.82,"회사채(3년, AA-)",연%
2024-05-17,3.825,"회사채(3년, AA-)",연%
2024-05-20,3.853,"회사채(3년, AA-)",연%
2024-05-21,3.853,"회사채(3년, AA-)",연%
2024-05-22,3.848,"회사채(3년, AA-)",연%
2024-05-23,3.84,"회사채(3년, AA-)",연%
2024-05-24,3.861,"회사채(3년, AA-)",연%
2024-05-27,3.851,"회사채(3년, AA-)",연%
2024-05-28,3.828,"회사채(3년, AA-)",연%
2024-05-29,3.855,"회사채(3년, AA-)",연%
2024-05-30,3.867,"회사채(3년, AA-)",연%
2024-05-31,3.871,"회사채(3년, AA-)",연%
2024-06-03,3.853,"회사채(3년, AA-)",연%
2024-06-04,3.81,"회사채(3년, AA-)",연%
2024-06-05,3.771,"회사채(3년, AA-)",연%
2024-06-07,3.736,"회사채(3년, AA-)",연%
2024-06-10,3.782,"회사채(3년, AA-)",연%
2024-06-11,3.775,"회사채(3년, AA-)",연%
2024-06-12,3.745,"회사채(3년, AA-)",연%
2024-06-13,3.718,"회사채(3년, AA-)",연%
2024-06-14,3.694,"회사채(3년, AA-)",연%
2024-06-17,3.662,"회사채(3년, AA-)",연%
2024-06-18,3.666,"회사채(3년, AA-)",연%
2024-06-19,3.62,"회사채(3년, AA-)",연%
2024-06-20,3.648,"회사채(3년, AA-)",연%
2024-06-21,3.637,"회사채(3년, AA-)",연%
2024-06-24,3.656,"회사채(3년, AA-)",연%
2024-06-25,3.662,"회사채(3년, AA-)",연%
2024-06-26,3.676,"회사채(3년, AA-)",연%
2024-06-27,3.684,"회사채(3년, AA-)",연%
2024-06-28,3.658,"회사채(3년, AA-)",연%
2024-07-01,3.681,"회사채(3년, AA-)",연%
2024-07-02,3.634,"회사채(3년, AA-)",연%
2024-07-03,3.624,"회사채(3년, AA-)",연%
2024-07-04,3.591,"회사채(3년, AA-)",연%
2024-07-05,3.582,"회사채(3년, AA-)",연%
2024-07-08,3.58,"회사채(3년, AA-)",연%
2024-07-09,3.572,"회사채(3년, AA-)",연%
2024-07-10,3.576,"회사채(3년, AA-)",연%
2024-07-11,3.614,"회사채(3년, AA-)",연%
2024-07-12,3.552,"회사채(3년, AA-)",연%
2024-07-15,3.538,"회사채(3년, AA-)",연%
2024-07-16,3.496,"회사채(3년, AA-)",연%
2024-07-17,3.509,"회사채(3년, AA-)",연%
2024-07-18,3.513,"회사채(3년, AA-)",연%
2024-07-19,3.525,"회사채(3년, AA-)",연%
2024-07-22,3.522,"회사채(3년, AA-)",연%
2024-07-23,3.533,"회사채(3년, AA-)",연%
2024-07-24,3.509,"회사채(3년, AA-)",연%
2024-07-25,3.484,"회사채(3년, AA-)",연%
2024-07-26,3.482,"회사채(3년, AA-)",연%
2024-07-29,3.434,"회사채(3년, AA-)",연%
2024-07-30,3.451,"회사채(3년, AA-)",연%
2024-07-31,3.459,"회사채(3년, AA-)",연%
2024-08-01,3.431,"회사채(3년, AA-)",연%
2024-08-02,3.394,"회사채(3년, AA-)",연%
2024-08-05,3.271,"회사채(3년, AA-)",연%
2024-08-06,3.398,"회사채(3년, AA-)",연%
2024-08-07,3.397,"회사채(3년, AA-)",연%
2024-08-08,3.38,"회사채(3년, AA-)",연%
2024-08-09,3.409,"회사채(3년, AA-)",연%
2024-08-12,3.421,"회사채(3년, AA-)",연%
2024-08-13,3.395,"회사채(3년, AA-)",연%
2024-08-14,3.37,"회사채(3년, AA-)",연%
2024-08-16,3.415,"회사채(3년, AA-)",연%
2024-08-19,3.424,"회사채(3년, AA-)",연%
2024-08-20,3.442,"회사채(3년, AA-)",연%
2024-08-21,3.439,"회사채(3년, AA-)",연%
2024-08-22,3.422,"회사채(3년, AA-)",연%
2024-08-23,3.439,"회사채(3년, AA-)",연%
2024-08-26,3.414,"회사채(3년, AA-)",연%
2024-08-27,3.465,"회사채(3년, AA-)",연%
2024-08-28,3.456,"회사채(3년, AA-)",연%
2024-08-29,3.484,"회사채(3년, AA-)",연%
2024-08-30,3.503,"회사채(3년, AA-)",연%
2024-09-02,3.542,"회사채(3년, AA-)",연%
2024-09-03,3.545,"회사채(3년, AA-)",연%
2024-09-04,3.497,"회사채(3년, AA-)",연%
2024-09-05,3.48,"회사채(3년, AA-)",연%
2024-09-06,3.46,"회사채(3년, AA-)",연%
2024-09-09,3.471,"회사채(3년, AA-)",연%
2024-09-10,3.451,"회사채(3년, AA-)",연%
2024-09-11,3.406,"회사채(3년, AA-)",연%
2024-09-12,3.449,"회사채(3년, AA-)",연%
2024-09-13,3.41,"회사채(3년, AA-)",연%
2024-09-19,3.432,"회사채(3년, AA-)",연%
2024-09-20,3.426,"회사채(3년, AA-)",연%
2024-09-23,3.449,"회사채(3년, AA-)",연%
2024-09-24,3.439,"회사채(3년, AA-)",연%
2024-09-25,3.401,"회사채(3년, AA-)",연%
2024-09-26,3.395,"회사채(3년, AA-)",연%
2024-09-27,3.409,"회사채(3년, AA-)",연%
2024-09-30,3.397,"회사채(3년, AA-)",연%
2024-10-02,3.37,"회사채(3년, AA-)",연%
2024-10-04,3.415,"회사채(3년, AA-)",연%
2024-10-07,3.546,"회사채(3년, AA-)",연%
2024-10-08,3.517,"회사채(3년, AA-)",연%
2024-10-10,3.542,"회사채(3년, AA-)",연%
2024-10-11,3.523,"회사채(3년, AA-)",연%
2024-10-14,3.509,"회사채(3년, AA-)",연%
2024-10-15,3.475,"회사채(3년, AA-)",연%
2024-10-16,3.452,"회사채(3년, AA-)",연%
2024-10-17,3.467,"회사채(3년, AA-)",연%
2024-10-18,3.48,"회사채(3년, AA-)",연%
2024-10-21,3.471,"회사채(3년, AA-)",연%
2024-10-22,3.512,"회사채(3년, AA-)",연%
2024-10-23,3.508,"회사채(3년, AA-)",연%
2024-10-24,3.46,"회사채(3년, AA-)",연%
2024-10-25,3.451,"회사채(3년, AA-)",연%
2024-10-28,3.503,"회사채(3년, AA-)",연%
2024-10-29,3.504,"회사채(3년, AA-)",연%
2024-10-30,3.502,"회사채(3년, AA-)",연%
2024-10-31,3.503,"회사채(3년, AA-)",연%
2024-11-01,3.507,"회사채(3년, AA-)",연%
2024-11-04,3.507,"회사채(3년, AA-)",연%
2024-11-05,3.491,"회사채(3년, AA-)",연%
2024-11-06,3.529,"회사채(3년, AA-)",연%
2024-11-07,3.492,"회사채(3년, AA-)",연%
2024-11-08,3.461,"회사채(3년, AA-)",연%
2024-11-11,3.471,"회사채(3년, AA-)",연%
2024-11-12,3.467,"회사채(3년, AA-)",연%
2024-11-13,3.501,"회사채(3년, AA-)",연%
2024-11-14,3.492,"회사채(3년, AA-)",연%
2024-11-15,3.506,"회사채(3년, AA-)",연%
2024-11-18,3.482,"회사채(3년, AA-)",연%
2024-11-19,3.457,"회사채(3년, AA-)",연%
2024-11-20,3.438,"회사채(3년, AA-)",연%
2024-11-21,3.396,"회사채(3년, AA-)",연%
2024-11-22,3.385,"회사채(3년, AA-)",연%
2024-11-25,3.342,"회사채(3년, AA-)",연%
2024-11-26,3.343,"회사채(3년, AA-)",연%
2024-11-27,3.316,"회사채(3년, AA-)",연%
2024-11-28,3.22,"회사채(3년, AA-)",연%
2024-11-29,3.194,"회사채(3년, AA-)",연%
2024-12-02,3.156,"회사채(3년, AA-)",연%
2024-12-03,3.169,"회사채(3년, AA-)",연%
2024-12-04,3.21,"회사채(3년, AA-)",연%
2024-12-05,3.194,"회사채(3년, AA-)",연%
2024-12-06,3.212,"회사채(3년, AA-)",연%
2024-12-09,3.173,"회사채(3년, AA-)",연%
2024-12-10,3.175,"회사채(3년, AA-)",연%
2024-12-11,3.188,"회사채(3년, AA-)",연%
2024-12-12,3.2,"회사채(3년, AA-)",연%
2024-12-13,3.197,"회사채(3년, AA-)",연%
2024-12-16,3.212,"회사채(3년, AA-)",연%
2024-12-17,3.279,"회사채(3년, AA-)",연%
2024-12-18,3.203,"회사채(3년, AA-)",연%
2024-12-19,3.275,"회사채(3년, AA-)",연%
2024-12-20,3.3,"회사채(3년, AA-)",연%
2024-12-23,3.292,"회사채(3년, AA-)",연%
2024-12-24,3.308,"회사채(3년, AA-)",연%
2024-12-26,3.33,"회사채(3년, AA-)",연%
2024-12-27,3.321,"회사채(3년, AA-)",연%
2024-12-30,3.285,"회사채(3년, AA-)",연%
2024-12-31,3.284,"회사채(3년, AA-)",연%
